NR_ZONA,NR_LOCAL_VOTACAO,NM_LOCAL_VOTACAO,DS_LOCAL_VOTACAO_ENDERECO,NM_BAIRRO,NR_LATITUDE,NR_LONGITUDE,ID_BAIRRO,FL_TRANSITO,QT_ELEITORES,QT_VOTOS_TOTAL,QT_VOTOS_BRANCOS,QT_VOTOS_NULOS,QT_VOTOS_ANULADOS,CAND_12,CAND_14,CAND_16,CAND_22,CAND_29,CAND_33,CAND_55,CAND_80
1,1244,COLEGIO ESTADUAL ANGELO TREVISAN,R CARLOS RAZERA   445,VISTA ALEGRE,-25.41149479,-49.29358008,31,0,5026,4029,95,131,0,930,35,0,1816,1,3,1000,18
1,1252,ESCOLA ESTADUAL DONA CAROLA,R SOLIMOES  290,SÃO FRANCISCO,-25.41958047,-49.27991765,2,0,1659,1317,19,32,0,360,11,0,604,0,0,287,4
1,1260,ESCOLA MUNICIPAL MIRAZINHA BRAGA,R CORONEL JOAO GUILHERME GUIMARAES 1500,BOM RETIRO,-25.40885668,-49.28136751,13,0,2089,1734,34,51,0,433,16,2,739,3,3,442,11
1,1279,ESCOLA MUNICIPAL NYMPHA MARIA DA ROCHA PEPLOW,R BATISTA PESSINE 1029,VISTA ALEGRE,-25.41214346,-49.30378369,31,0,1508,1230,34,32,0,277,11,1,572,1,0,298,4
1,1317,COLÉGIO ADVENTISTA BOM RETIRO (PARTICULAR),R LYSIMACO FERREIRA DA COSTA 980,BOM RETIRO,-25.41612053,-49.27517221,13,0,3789,2978,42,77,0,771,26,2,1369,0,2,678,11
1,1325,COLÉGIO CATÓLICA DE CURITIBA,NILO PECANHA  1635,BOM RETIRO,-25.406049,-49.2759618,13,0,4517,3644,66,74,0,865,37,1,1693,0,1,888,19
1,1422,COLEGIO ESTADUAL BENTO MUNHOZ DA ROCHA NETO,R ELVIRA B POLAK  67,PILARZINHO,-25.39678581,-49.28933367,32,0,3939,3114,99,100,0,793,32,1,1314,3,4,751,17
1,1430,ESCOLA MUNICIPAL HERLEY MEHL,RUA SATURNINO ARRUDA DOS SANTOS 80,PILARZINHO,-25.38869683,-49.28458932,32,0,4599,3692,133,190,0,915,35,3,1506,2,4,885,19
1,1457,ESCOLA ESTADUAL PROFESSORA MARIA HELOISA CASSELI,RUA CATHARINA POTINA DE MAURO 80,PILARZINHO,-25.39274258,-49.30096661,32,0,2081,1678,58,65,0,353,18,1,802,4,1,365,11
1,1465,ESCOLA MUNICIPAL PILARZINHO,R ANTÔNIO PETRUZZIELLO 85,PILARZINHO,-25.38910219,-49.29454348,32,0,2223,1739,97,128,0,391,9,0,734,0,1,378,1
1,1716,ESCOLA MUNICIPAL ANA HELLA,RUA JOSE HELLA  93,VISTA ALEGRE,-25.39926059,-49.29778979,31,0,1749,1449,37,52,0,308,17,0,674,1,0,356,4
1,1732,ESCOLA MUNICIPAL CEI PROFESSOR LAURO ESMANHOTO,RUA AFFONSO BARONI  175,PILARZINHO,-25.38022836,-49.29552678,32,0,2111,1721,65,72,0,484,18,0,650,0,1,425,6
1,1740,COLEGIO VICENTINO SAO JOSE (PARTICULAR),R PADRE JOSE JOAQUIM GORAL  182,ABRANCHES,-25.3823401,-49.27253978,50,0,3259,2769,57,74,0,682,29,1,1181,0,3,725,17
1,1759,PAROQUIA SANT'ANA DE ABRANCHES,RUA VITORIO JOAO BRUNOR 688,ABRANCHES,-25.38173497,-49.27189896,50,0,1556,1249,26,36,0,264,9,0,563,3,0,344,4
1,1767,COLEGIO ESTADUAL PROFESSOR LOUREIRO FERNANDES,R MARECHAL MALLET    540,AHÚ,-25.40759083,-49.2607406,14,0,4289,3590,43,67,0,877,37,3,1644,0,1,898,20
1,1775,ESCOLA ESTADUAL ALINE PICHETH,R EURIPEDES GARCEZ DO NASCIMENTO    921,AHÚ,-25.40413701,-49.26540599,14,0,3155,2579,32,56,0,605,25,0,1232,1,1,610,17
1,1830,ESCOLA MUNICIPAL PROFESSOR BRANDAO,AV JOAO GUALBERTO  953,ALTO DA GLÓRIA,-25.41836088,-49.26361423,4,0,4434,3513,47,66,0,946,31,3,1574,0,4,824,18
1,1848,COLEGIO ESTADUAL SANTA GEMMA GALGANI,R ASSIS BRASIL    983,ABRANCHES,-25.37190675,-49.26778731,50,0,3256,2705,97,117,0,646,27,2,1155,1,3,645,12
1,1856,COLEGIO ESTADUAL GELVIRA CORREA PACHECO,R CARMELINA CAVASSIN  385,BARREIRINHA,-25.36678148,-49.26462534,52,0,5082,4173,136,156,0,982,46,0,1775,1,2,1059,16
1,1864,ESCOLA MUNICIPAL JULIA AMARAL DI LENNA,RUA JOAO MACHADO DE CAMARGO 25,BARREIRINHA,-25.3767799,-49.25781793,52,0,4873,3974,123,184,0,857,33,2,1875,1,2,879,18
1,1872,ESCOLA ESTADUAL MARIA PEREIRA MARTINS,AV ANITA GARIBALDI  5340,BARREIRINHA,-25.36693686,-49.25984971,52,0,3074,2477,77,83,0,600,27,1,1081,1,3,592,12
1,1910,ESCOLA MUNICIPAL CEI ROMARIO MARTINS,"R DAVID BODZIAK, 828",CACHOEIRA,-25.35283297,-49.25518343,51,0,3793,3005,137,114,0,694,26,3,1280,0,1,739,11
1,1929,CLUBE CURITIBANO SEDE CONCORDIA,"PRESIDENTE CARLOS CAVALCANTI,  815",SÃO FRANCISCO,-25.4256255,-49.27282461,2,0,2268,1744,31,40,0,678,19,2,614,0,4,338,18
1,1937,FUNDACAO DE ESTUDOS SOCIAIS DO PARANA - FESP,R GENERAL CARNEIRO   216,ALTO DA GLÓRIA,-25.42511006,-49.26323943,1,0,1964,1599,29,23,0,435,8,4,766,0,2,326,6
1,1945,ESCOLA MUNICIPAL  DUILIO CALDERARI,RUA JOSE SPERANCETTA   66,SÃO LOURENÇO,-25.38660019,-49.26212578,33,0,2307,1893,55,68,0,398,14,0,907,1,0,442,8
1,1953,ESCOLA ESTADUAL ERNANI VIDAL,R MATEUS LEME  3291,SÃO LOURENÇO,-25.39837175,-49.27155922,33,0,2630,2131,41,60,0,549,19,1,957,0,1,497,6
1,1961,COLEGIO MARTINUS (PARTICULAR),"RUA PRESIDENTE CARLOS CAVALCANTI, 999",SÃO FRANCISCO,-25.42515703,-49.27490012,2,0,2162,1698,23,35,0,583,9,2,627,2,3,398,16
1,1970,COLEGIO ESTADUAL SEBASTIAO SAPORSKI,RUA MARIA DE LOURDES MICKOSZ 350,TABOÃO,-25.37499232,-49.27813341,49,0,1355,1126,44,50,0,249,17,1,492,0,1,270,2
1,1988,COLEGIO INTEGRAL (PARTICULAR),"RUA ALBERTO FOLLONI, 220",JUVEVÊ,-25.41347846,-49.26359958,15,0,2667,2207,30,40,0,635,13,0,958,0,3,513,15
1,1996,COLEGIO BOM JESUS DIVINA PROVIDENCIA (PARTICULAR),LEONIDAS VICENTE DE CASTRO 81,AHÚ,-25.40153844,-49.26761273,14,0,4931,4099,49,75,0,901,38,1,1893,0,3,1124,15
1,2020,ESCOLA MUNICIPAL CEI ULYSSES SILVEIRA GUIMARAES,"RUA PEDRO DE SIQUEIRA CORTES, 323",ABRANCHES,-25.36413711,-49.2749189,50,0,1087,883,46,40,0,164,14,0,378,0,0,238,3
1,2038,ESCOLA MUNICIPAL CEI PROFESSOR  JOSE WANDERLEY DIAS,"RUA DOS IPES, 122",BARREIRINHA,-25.37475477,-49.25295774,52,0,2063,1707,45,64,0,398,17,1,733,1,0,446,2
1,2232,COLEGIO MARISTA SANTA MARIA (PARTICULAR),"RUA PROFESSOR JOAQUIM DE MATTOS BARRETO, 98",SÃO LOURENÇO,-25.38985747,-49.26867258,33,0,4081,3378,48,57,0,916,30,0,1382,0,5,912,28
1,2240,FACULDADE INSPIRAR,"RUA JOÃO TSCHANNERL, 880",PILARZINHO,-25.4046383,-49.2891437,31,0,1941,1625,29,50,0,373,18,1,724,0,1,418,11
1,2259,ESCOLA MUNICIPAL TANIRA REGINA SCHMIDT,"RUA VICTOR KOTOVIS, 162",ABRANCHES,-25.35568909,-49.27415003,50,0,2057,1694,102,95,0,382,19,1,682,0,2,406,5
1,2330,CURSO DE COMUNICACÃO SOCIAL DA UFPR,R BOM JESUS     650,JUVEVÊ,-25.41376315,-49.25244683,15,0,3257,2719,27,50,0,750,18,2,1182,1,0,675,14
1,2348,COLEGIO POSITIVO JUNIOR,R MARCELINO CHAMPAGNAT  733,MERCÊS,-25.4289114,-49.29418016,12,0,4234,3511,33,63,0,590,26,1,1836,0,3,944,15
1,2356,COLEGIO DOM BOSCO,RUA PAULO MARTINS  314,MERCÊS,-25.41777304,-49.2964639,12,0,2550,2031,36,51,0,475,22,0,947,0,3,487,10
1,2364,COLEGIO ESTADUAL SENADOR MANOEL ALENCAR GUIMARAES,AV CANDIDO HARTMANN  1650,MERCÊS,-25.42513962,-49.30041889,12,0,2045,1672,23,55,0,399,12,1,768,1,0,408,5
1,2372,SETOR DE CIENCIAS AGRARIAS,R DOS FUNCIONARIOS 1540,JUVEVÊ,-25.41013795,-49.24888101,16,0,3993,3262,36,42,0,721,17,2,1545,4,4,876,15
1,2380,ASSOCIAÇÃO EDUCATIVA STELLA MARIS,R ROCHA POMBO 792,JUVEVÊ,-25.41258457,-49.26139874,15,0,5444,4438,55,77,0,1074,35,1,2091,0,2,1082,21
1,2399,CENTRO REDENTORISTA SANTO AFONSO,"R UBALDINO DO AMARAL, 204",ALTO DA RUA XV,-25.4231795,-49.2606732,4,0,3006,2375,32,67,0,709,17,1,1072,2,3,460,12
1,2402,ESCOLA MADRE ANATOLIA,RUA MARTIN AFONSO  575,MERCÊS,-25.42779906,-49.28285509,12,0,1755,1420,26,31,0,398,10,2,643,0,2,298,10
1,2410,COLEGIO ESTADUAL PROFESSOR GUIDO STRAUBE,R JACAREZINHO   1680,MERCÊS,-25.41535155,-49.2898898,12,0,2335,1883,44,55,0,457,21,1,835,1,2,462,5
1,2429,ESCOLA ESTADUAL PROFESSOR CLETO,RUA VISCONDE DE NACAR   544,MERCÊS,-25.42753994,-49.28036107,2,0,1628,1275,24,28,0,408,11,0,518,0,3,280,3
1,2437,ESCOLA VICENTINA NOSSA SENHORA DAS MERCES,"AV MANOEL RIBAS, 1154",MERCÊS,-25.42279077,-49.29029039,12,0,2374,1919,25,45,0,526,10,0,863,1,2,442,5
1,2445,HOSPITAL DE CLÍNICAS,"RUA GENERAL CARNEIRO, 181",ALTO DA GLÓRIA,-25.4248837,-49.2620917,4,0,279,231,1,5,0,121,6,0,52,0,0,42,4
2,1112,ESCOLA MUNICIPAL ANISIO TEIXEIRA,R JOAO BATISTA SCUCATO 80 CJTO HABITACIONAL N ESPERANCA,ATUBA,-25.3841754,-49.2009685,55,0,3555,2861,116,129,0,668,18,1,1295,1,2,619,12
2,1120,COLEGIO ESTADUAL LEONCIO CORREIA,R COSTA RICA   223,BACACHERI,-25.4014264,-49.2440502,35,0,6169,4895,103,106,0,1292,68,2,2308,1,8,986,21
2,1139,ESCOLA MUNICIPAL ENY CALDEIRA,R GUILHERME IHLENFELDT   51,BACACHERI,-25.3887871,-49.2256153,35,0,5525,4515,93,114,0,1074,45,4,2204,0,7,957,17
2,1147,ESCOLA MUNICIPAL JAGUARIAIVA,"RUA JOSÉ MAZEPA, 51",BACACHERI,-25.3964717,-49.2173825,35,0,2985,2456,46,55,0,576,19,3,1270,1,3,466,17
2,1155,FACULDADE DE ARTES DO PARANÁ,RUA DOS FUNCIONÁRIOS 1357,CABRAL,-25.4098354,-49.2486351,16,0,2457,1923,19,31,0,459,19,0,904,1,2,485,3
2,1163,SOCIEDADE BENEFICENTE DUQUE DE CAXIAS,R COSTA RICA  1173,BACACHERI,-25.3966206,-49.2378728,35,0,5127,4263,40,83,0,883,43,5,2241,1,9,945,13
2,1180,COLÉGIO MADALENA SOFIA,"R SANTA MADALENA SOFIA BARAT, 809",BAIRRO ALTO,-25.4126775,-49.2153728,36,0,7477,6095,130,171,0,1397,57,3,2970,4,6,1333,24
2,1198,ESCOLA MUNICIPAL ARAUCARIA,R RIO IRIRI  355,BAIRRO ALTO,-25.4038335,-49.2074306,36,0,3447,2804,92,119,0,626,32,4,1357,1,1,556,16
2,1201,ESCOLA DUNAMYS ENSINO FUNDAMENTAL (PARTICULAR),"RUA RIO IRIRI, 1125",BAIRRO ALTO,-25.401165,-49.2011525,36,0,4798,3901,151,172,0,814,51,2,1888,1,4,803,15
2,1279,COLEGIO NOSSA SENHORA DO ROSARIO,R EDUARDO GERONASSO  1266,BACACHERI,-25.3906541,-49.2345239,35,0,5548,4617,62,80,0,1195,36,3,2169,0,9,1048,15
2,1295,ESCOLA MUNICIPAL CARAMURU,TRAV RODOLPHO ROSENAU 157,CABRAL,-25.398051,-49.2553943,16,0,1572,1283,21,28,0,398,13,0,555,1,1,258,8
2,1384,COLÉGIO ESTILLO,"RUA DOUTOR LUIZ FERNANDO VAN DER BROOCKE, 174",BACACHERI,-25.4094569,-49.2277087,35,0,3845,3201,55,71,0,675,33,1,1634,1,3,719,9
2,1414,ESCOLA ESTADUAL NOSSA SENHORA DA SALETE (ANTIGO COLÉGIO AMANCIO MORO),AVENIDA WASHINGTON LUIZ  620,JARDIM SOCIAL,-25.4192836,-49.2302746,18,0,5729,4748,61,114,0,993,37,4,2493,2,9,1009,26
2,1449,ESCOLA MUNICIPAL AUGUSTO CESAR SANDINO,R MOBRAL  413,SANTA CANDIDA,-25.363922,-49.23238,53,0,3250,2549,104,119,0,541,17,0,1188,0,2,576,2
2,1457,ESCOLA MUNICIPAL RAUL GELBECK,RUA ODACIR SCHILIPAK 359,SANTA CANDIDA,-25.3735804,-49.2416555,53,0,3140,2478,92,99,0,591,26,0,1122,0,2,542,4
2,1465,ESCOLA ESTADUAL SANTA CANDIDA,RUA THEODORO MAKIOLKA  155,SANTA CANDIDA,-25.3742177,-49.224207,53,0,7200,5778,172,213,0,1293,55,1,2722,0,2,1299,21
2,1503,COLEGIO ESTADUAL CECILIA MEIRELES,RUA PEDRO ELOY DE SOUZA  1700,BAIRRO ALTO,-25.4247001,-49.2030637,36,0,8479,6731,229,249,0,1597,52,4,3192,2,10,1374,22
2,1511,ESCOLA ESTADUAL DONA BRANCA DO NASCIMENTO MIRANDA,R JORGE BONN 460 VILA TINGUI,TINGUI,-25.3922229,-49.2194124,54,0,3643,2971,50,87,0,687,25,0,1498,0,2,608,14
2,1520,ESCOLA ESTADUAL MARIA MONTESSORI,R GUILHERME IHLENFELDT 980  VILA TINGUI,TINGUI,-25.3836275,-49.2296665,54,0,5160,4129,116,134,0,1017,34,4,1982,1,5,821,15
2,1538,SALAO DA IGREJA DE SANTA CANDIDA,RUA PADRE JOAO WILINSKI 755,SANTA CANDIDA,-25.3738646,-49.2239123,53,0,4047,3294,103,124,0,792,24,2,1538,0,2,699,10
2,1546,GRUPO DE ESCOTEIROS SAO LUIZ DE GONZAGA,RUA OSORIO DUQUE ESTRADA 560,JARDIM SOCIAL,-25.415419,-49.2339029,18,0,1184,987,19,22,0,188,8,0,483,1,0,266,0
2,1570,CEI CURITIBA ANO 300,RUA JORNALISTA ALCEU CHICHORRO 180,BAIRRO ALTO,-25.4142628,-49.2063695,36,0,2404,1955,55,70,0,512,20,2,901,0,2,384,9
2,1589,ESCOLA MUNICIPAL ERASMO PILOTTO,RUA RIO JAPURA 648,ATUBA,-25.3943274,-49.2037059,55,0,4410,3626,102,129,0,733,32,0,1805,0,2,809,14
2,1791,ESCOLA MUNICIPAL SANTA AGUEDA,"RUA JOSE ANTONIO LEPREVOST, 496",SANTA CANDIDA,-25.3766015,-49.231214,53,0,2799,2311,71,96,0,578,20,1,1048,1,0,489,7
2,1805,COLÉGIO PASSIONISTA N. S. MENINA,"RUA BOM JESUS, 881 - A",CABRAL,-25.4150247,-49.2511487,16,0,4960,4102,54,66,0,970,32,2,1898,3,6,1057,14
2,1880,ESCOLA ESTADUAL CRUZEIRO DO SUL,RUA BUDA 8,SANTA CANDIDA,-25.3673535,-49.2105694,53,0,2756,2183,106,99,0,542,30,0,969,4,5,420,8
2,1899,COLEGIO ESTADUAL PROFESSOR ALGACYR MUNHOZ MAEDER,"RUA SEBASTIAO ALVES FERREIRA, 1164",BAIRRO ALTO,-25.4042142,-49.2064066,36,0,7077,5635,181,198,0,1125,70,3,2799,2,4,1237,16
2,1988,COLEGIO ESTADUAL  ERMELINO DE LEAO,AV NOSSA SENHORA DE NAZARE  900,BOA VISTA,-25.3921421,-49.2474383,34,0,5544,4351,91,103,0,1121,37,2,2054,1,3,924,15
2,1996,ESCOLA MUNICIPAL PROFESSOR RICARDO KRIEGER,"RUA MARIA GERONASSO DO ROSARIO, 346",BOA VISTA,-25.3840746,-49.2379243,34,0,2480,2032,55,68,0,593,19,1,899,1,2,387,7
2,2003,COLEGIO ESTADUAL PAPA JOAO PAULO I,R MARIA GERONASSO DO ROSARIO  259,BOA VISTA,-25.3841657,-49.2380332,34,0,4329,3415,105,122,0,929,37,1,1516,0,7,675,23
2,2011,COLEGIO ESTADUAL ANGELO GUSSO,"RUA JULIO PEDROSO DE MORAIS, 10",BOA VISTA,-25.3884856,-49.259789,34,0,3542,2832,68,96,0,711,44,1,1290,1,3,609,9
2,2020,COLEGIO POSITIVO BOA VISTA,"RUA CARLOS DE CAMPOS, 1090",BOA VISTA,-25.392294,-49.242949,34,0,7073,5853,90,158,0,1387,53,4,2748,2,6,1385,20
2,2038,COLÉGIO ADVENTISTA UNIDADE BOA VISTA,"RUA FERNANDO DE NORONHA, 470",SANTA CANDIDA,-25.3815951,-49.2356858,53,0,2785,2137,70,56,0,615,47,1,904,1,4,425,14
2,2054,ESCOLA INTERATIVA,RUA JOSÉ ANTÔNIO LEPREVOST. 331,SANTA CANDIDA,-25.377812,-49.230313,53,0,791,625,21,14,0,170,7,0,273,0,2,131,7
2,2062,ESCOLA MUNICIPAL KO YAMAWAKI,"RUA EPAMINONDAS SANTOS, 2816",BAIRRO ALTO,-25.419938,-49.200563,36,0,722,612,15,20,0,176,5,1,281,0,0,108,6
2,2070,ESCOLA MUNICIPAL THEODORO DE BONA,"ESTRADA DAS OLARIAS, 1081",SANTA CANDIDA,-25.374112,-49.213234,53,0,401,335,21,20,0,97,4,0,132,0,0,60,1
2,2089,COLEGIO FENIX,"RUA HOLANDA, 881",BOA VISTA,-25.3974018,-49.2486295,34,0,3008,2460,29,64,0,662,38,1,1141,4,3,505,13
3,1023,ESCOLA ESTADUAL REPÚBLICA ORIENTAL DO URUGUAI,"AV PRES. AFFONSO CAMARGO, N. 3407, CAPAO DA IMBUIA",CAPAO DA IMBUIA,-25.4383133,-49.2280033,20,0,4253,3550,80,89,0,858,26,3,1673,1,7,799,14
3,1058,ESCOLA MUNICIPAL IRATI,"AV JORN ADERBAL GAERTNER STRESSER, N. 775, CONJUNTO MERCÚRIO",CAJURU,-25.4702183,-49.2027633,21,0,4532,3771,138,136,0,785,32,2,1844,0,0,815,19
3,1066,ESCOLA MUNICIPAL AYRTON SENNA DA SILVA,"RUA ANTÔNIO MOREIRA LOPES, N. 1301, JARDIM ACRÓPOLE",CAJURU,-25.4711491,-49.1921663,21,0,4214,3385,197,178,0,827,20,1,1457,0,6,688,11
3,1074,COLEGIO ESTADUAL MÁXIMO ATÍLIO ASINELLI,"RUA JÚLIO WISCHRAL, N. 650, UBERABA DE CIMA",UBERABA,-25.4745658,-49.2230638,37,0,3165,2574,63,72,0,565,33,1,1276,2,1,551,10
3,1082,ESCOLA MUNICIPAL MARUMBI,"RUA FRANCISCO LICNERSKI, 50,  PRÓXIMO À SANEPAR DA BR 277",UBERABA,-25.4795245,-49.2027126,37,0,3720,3080,105,123,0,688,23,1,1415,1,1,711,12
3,1090,ESCOLA MUNICIPAL CORONEL DURIVAL BRITTO E SILVA,"RUA EMÍLIO BERTOLINI, N. 44, VILAS OFICINAS",CAJURU,-25.4481703,-49.2159031,21,0,4068,3347,125,145,0,759,36,1,1521,2,2,740,16
3,1104,ESCOLA MUNICIPAL PREFEITO LINNEU FERREIRA DO AMARAL,"RUA RORAIMA, N. 1570, VILAS OFICINAS",CAJURU,-25.4523694,-49.208151,21,0,5081,4082,175,209,0,892,33,2,1821,3,2,937,8
3,1112,COLÉGIO ESTADUAL NATÁLIA REGINATO,"RUA GOIÂNIA,  679, VILAS OFICINAS",CAJURU,-25.4548246,-49.220086,21,0,2767,2140,71,74,0,467,33,1,989,1,1,493,10
3,1120,ESCOLA ESTADUAL PROFESSOR NILO BRANDÃO,"AV JORN. ADERBAL GAERTNER STRESSER, 748",CAJURU,-25.4706267,-49.2041933,21,0,4851,3869,115,155,0,892,40,1,1798,1,5,849,13
3,1139,COLÉGIO ESTADUAL DEPUTADO OLÍVIO BELICH,"RUA ENGENHEIRO COSTA BARROS, N. 1600, CAJURU ",CAJURU,-25.4600831,-49.2121757,21,0,5783,4565,151,164,0,1029,52,3,2199,0,4,945,18
3,1147,ESCOLA MUNICIPAL PREFEITO OMAR SABBAG,"RUA PEDRO BOCCHINO, N. 140, VILAS OFICINAS",CAJURU,-25.4505223,-49.2184143,21,0,7603,5921,221,263,0,1388,58,0,2707,1,2,1255,26
3,1155,ESCOLA ESTADUAL SANTA ROSA,"RUA AMÍLTON PORTUGAL PEREIRA, 515, SOLITUDE",CAJURU,-25.4759288,-49.1950276,21,0,3787,2932,157,140,0,663,29,2,1345,1,2,580,13
3,1163,COLÉGIO ESTADUAL SENHORINHA DE MORAES SARMENTO,"RUA CATULO DA PAIXÃO CEARENSE, N. 1000, CENTENÁRIO",CAJURU,-25.4647166,-49.2047695,21,0,9245,7144,318,356,0,1566,80,3,3184,0,3,1607,27
3,1198,ESCOLA MUNICIPAL PROFESSOR ENÉAS MARQUES DOS SANTOS,"RUA OSMÁRIO DE LIMA, N. 100",CAPAO DA IMBUIA,-25.433934,-49.2188575,20,0,3957,3160,66,103,0,745,39,1,1497,1,6,688,14
3,1201,ESCOLA MUNICIPAL C.E.I. EVA DA SILVA,"RUA FREDERICO STADLER JÚNIOR, N. 1670",CAPAO DA IMBUIA,-25.4414498,-49.2050921,20,0,5084,4035,154,171,0,864,35,6,1854,1,6,922,22
3,1210,COLÉGIO ESTADUAL PROFESSORA MARIA AGUIAR TEIXEIRA,"AV PRESIDENTE AFFONSO CAMARGO, N. 3463",CAPAO DA IMBUIA,-25.4396467,-49.2278063,20,0,6659,5153,142,164,0,1283,57,3,2405,3,4,1072,20
3,1228,ESCOLA MUNICIPAL GUILHERME LACERDA BRAGA SOBRINHO,"RUA SIMÃO BRANTE, N. 1735",UBERABA,-25.491962,-49.2233689,37,0,1972,1610,41,54,0,366,13,0,771,1,0,354,10
3,1465,COLÉGIO ESTADUAL ALFREDO PARODI,"RUA ESPIRIDIÃO KALLUF, 125, JARDIM CENTAURO",UBERABA,-25.4939998,-49.2102627,37,0,5589,4350,136,135,0,1044,65,5,2044,3,3,892,23
3,1473,COLÉGIO ESTADUAL CONSELHEIRO CARRÃO,"RUA DOUTOR SIMÃO KOSSUBUDSKI, N. 165",UBERABA,-25.4968967,-49.2186733,37,0,4570,3553,139,151,0,757,19,2,1742,0,4,723,16
3,1481,ESCOLA MUNICIPAL DONA LULA,"RUA ELIAS MOYSES SCHELELA, N. 570",UBERABA,-25.4862494,-49.2263934,37,0,2074,1715,63,65,0,374,14,0,813,1,2,376,7
3,1490,ESCOLA MUNICIPAL PROFESSORA DONATILA CARON DOS ANJOS,"RUA ALVORADA, N. 460, CANAL BELEM",UBERABA,-25.4784883,-49.2392383,37,0,2278,1841,92,74,0,411,16,0,867,0,1,369,11
3,1503,ESCOLA MUNICIPAL C.E.I. ISSA NACLI,"RUA CAPITÃO LEÔNIDAS MARQUES, N. 2147, UBERABA DE CIMA",UBERABA,-25.4818283,-49.2133917,37,0,5518,4473,126,129,0,1004,41,4,2144,1,3,1002,19
3,1511,ESCOLA MUNICIPAL PROFESSOR JOÃO  MACEDO FILHO,"RUA ULISSES JOSÉ RIBEIRO, N. 410",UBERABA,-25.4718629,-49.2275497,22,0,2329,1926,50,50,0,407,23,1,963,0,2,425,5
3,1546,ESCOLA ESTADUAL SÃO PAULO APÓSTOLO,"RUA CORONEL JOSÉ CARVALHO DE OLIVEIRA, N. 1275",UBERABA,-25.481771,-49.226886,37,0,6294,5114,134,186,0,1180,44,3,2455,2,4,1089,17
3,1562,CRECHE MUNICIPAL TRINDADE,"RUA DA TRINDADE, N. 368, VILA TRINDADE",CAJURU,-25.4468603,-49.2058718,21,0,2010,1584,66,56,0,352,8,2,750,0,0,345,5
3,1589,ESCOLA MUNICIPAL ELZA LERNER,"RUA LUIZ FRANÇA, 2873, VILA CAMARGO",CAJURU,-25.4620287,-49.2149374,21,0,4246,3543,116,128,0,755,38,2,1675,1,4,813,11
3,1597,ESCOLA MUNICIPAL C.E.I.  RITTA ANNA DE CÁSSIA,"RUA FORTALEZA, N. 1343, VILA CAMARGO",CAJURU,-25.4583125,-49.2045366,21,0,3371,2691,141,135,0,587,21,1,1109,0,2,689,6
3,1600,ESCOLA BANDEIRANTES,"RUA CUIABÁ, N. 1284, VILAS OFICINAS",CAJURU,-25.4546388,-49.2098731,21,0,2826,2342,78,86,0,477,20,1,1107,0,1,568,4
3,1643,COLÉGIO ESTADUAL ANÍBAL KHURY NETO,"RUA AVELINO MONTOVANI, N. 430",UBERABA,-25.485648,-49.2040755,37,0,4480,3439,198,172,0,799,37,1,1483,3,3,723,20
3,2054,ESCOLA MUNICIPAL MICHEL KHURY,"RUA ADHMAR VIEIRA DE ARAÚJO, N. 457",UBERABA,-25.4894074,-49.2024472,37,0,2641,2053,130,139,0,477,17,1,841,0,2,440,6
3,2062,ESCOLA MUNICIPAL RACHEL MADER GONÇALVES,"RUA GUSTAVO BARROZO GONÇALVES, 26",UBERABA,-25.4867833,-49.200175,37,0,1592,1277,103,79,0,306,16,1,486,0,1,277,8
3,2070,ESCOLA MUNICIPAL PROFESSORA MARIA DE LOURDES LAMAS PEGORARO,"RUA JOÃO ALVES DE ARAÚJO, N. 273, SOLITUDE",CAJURU,-25.4749438,-49.1961333,21,0,1520,1256,55,58,0,247,10,1,611,0,1,268,5
3,2089,ESCOLA MUNICIPAL PROFESSORA MARIA MARLI PIOVEZAN,"RUA VELCY BOLÍVAR GRANDÓ, 105",UBERABA,-25.4953626,-49.208345,37,0,2802,2200,131,135,0,528,26,0,952,1,2,419,6
3,2178,PARÓQUIA SÃO PAULO APÓSTOLO,"RUA PADRE JULIO SAAVEDRA, 170",UBERABA,-25.4763531,-49.2297063,37,0,3591,2989,62,85,0,561,14,1,1575,0,5,672,14
3,2186,ESCOLA MUNICIPAL SENADOR ENEAS FARIA,"RUA MILENA BLEY RIBEIRO BONFIM, 48",CAJURU,-25.454437,-49.196813,21,0,179,144,8,5,0,44,1,0,51,0,0,35,0
4,1104,ESCOLA MUNICIPAL SIDONIO MURALHA,"RUA LUDOVICO KAMINSKI, 3460 - CJ CAIUA",CIDADE INDUSTRIAL,-25.4853944,-49.349545,75,0,4656,3758,160,221,0,823,33,3,1710,1,2,794,11
4,1392,COLEGIO ESTADUAL PAULA GOMES,RUA CURUPIS  903,SANTA QUITERIA,-25.4597975,-49.3075591,43,0,7529,6152,187,219,0,1414,58,1,2844,1,7,1406,15
4,1414,CENTRO MUNICIPAL DE EDUCAÇÃO INFANTIL NICE BRAGA,"RUA BOCAIUVA,  351",SANTA QUITERIA,-25.4627476,-49.3050906,43,0,3911,3141,66,124,0,755,28,1,1481,3,1,663,19
4,1430,COLEGIO (PARTICULAR) PADRE JOAO BAGOZZI,"RUA CALIXTO RAZZOLINI, 14",PORTÃO,-25.475938,-49.301063,27,0,6269,4933,99,96,0,1270,60,1,2241,3,1,1144,18
4,1449,COLEGIO ESTADUAL PEDRO MACEDO,"AVENIDA REPUBLICA ARGENTINA,   2376",PORTÃO,-25.4655774,-49.2929402,27,0,8682,7000,140,146,0,1997,85,0,3120,1,12,1461,38
4,1457,ESCOLA MUNICIPAL PAPA JOAO XXIII,"RUA ITACOLOMI,  700 - VILA LEAO",PORTÃO,-25.4793294,-49.299285,27,0,5013,4063,111,133,0,952,32,1,1963,0,4,852,15
4,1490,ESCOLA ESTADUAL MARECHAL CANDIDO RONDON,"RUA RICARDO NEGRAO FILHO, 287",PORTÃO,-25.4744792,-49.3108149,27,0,3802,3086,94,109,0,667,30,0,1494,0,1,679,12
4,1503,ESCOLA MUNICIPAL PROFESSOR FRANCISCO KLENTZ,"RUA FRANCISCO TISSOT, 119 - VILA ROSINHA",PORTÃO,-25.4723644,-49.3159315,27,0,2588,2097,78,109,0,461,13,1,953,1,2,473,6
4,1554,ESCOLA MUNICIPAL SAO MIGUEL,"RUA RAUL ZANON, 175 - SANTA HELENA",CIDADE INDUSTRIAL,-25.4788752,-49.3405533,75,0,5308,4140,169,208,0,935,36,3,1870,1,4,903,11
4,1562,ESCOLA MUNICIPAL PROFESSORA MARIA DO CARMO MARTINS,"RUA JOAO DEMBINSKI, 1377",CIDADE INDUSTRIAL,-25.4603077,-49.3450301,75,0,4911,3918,165,219,0,950,47,1,1652,0,4,865,15
4,1570,ESCOLA MUNICIPAL HEITOR ALENCAR FURTADO,"RUA ROBERT REDZINSKI,  150",CIDADE INDUSTRIAL,-25.4571247,-49.3494422,75,0,3719,3045,117,150,0,714,24,2,1335,0,2,694,7
4,1589,ESCOLA MUNICIPAL JARDIM SANTOS ANDRADE,"RUA LUIZ ZILLI, 405",CAMPO COMPRIDO,-25.4566787,-49.3258769,44,0,2663,2131,72,82,0,529,19,1,910,2,2,507,7
4,1597,FUNDACAO DE AÇÃO SOCIAL DO CAMPO COMPRIDO - FAS (MUNICIPAL),"RUA EDUARDO SPRADA, 4520",CIDADE INDUSTRIAL,-25.4457744,-49.3495257,75,0,2901,2347,61,104,0,547,27,2,1059,1,3,537,6
4,1600,ESCOLA MUNICIPAL MORADIAS DO RIBEIRAO,"RUA JOAO DEMBINSKI, 3030",CIDADE INDUSTRIAL,-25.4745024,-49.3394608,75,0,3316,2722,95,125,0,670,28,0,1207,3,6,583,5
4,1619,ESCOLA ESTADUAL JOSE FRESSATO,"RUA NOVA LONDRINA, 30",AUGUSTA,-25.4570923,-49.3776661,68,0,1824,1461,87,66,0,256,11,1,712,0,0,322,6
4,1627,CEI - CENTRO DE EDUCAÇÃO INFANTIL OLIVIO SOARES SABOIA (MUNICIPAL),"R JOAO ALEXANDRE KOPP, 505",CIDADE INDUSTRIAL,-25.48065,-49.3475683,75,0,3488,2811,106,121,0,651,31,2,1249,1,5,632,13
4,1643,COLÉGIO ESTADUAL PROFESSORA HILDEGARD SONDAHL - EFM,"RUA JOAQUIM DE SIQUEIRA CORTES, 62",CIDADE INDUSTRIAL,-25.487178,-49.3528876,75,0,3128,2507,117,145,0,537,33,1,1111,0,1,559,3
4,1651,ESCOLA ESTADUAL MONSENHOR IVO ZANLORENZI,"R EDUARDO SPRADA, 4114",CAMPO COMPRIDO,-25.4448129,-49.3454022,44,0,4336,3445,96,109,0,749,37,5,1568,0,4,865,12
4,1694,ESCOLA MUNICIPAL PROFESSOR ULISSES FALCAO VIEIRA,"RUA EDUARDO SPRADA,  5062",CIDADE INDUSTRIAL,-25.4497278,-49.3523978,75,0,4082,3296,99,147,0,744,31,1,1513,1,4,738,18
4,1708,COLEGIO ESTADUAL TEOTONIO VILELA,"RUA ROBERT REDZIMSKI, 1000",CIDADE INDUSTRIAL,-25.4573618,-49.3490497,75,0,5899,4694,181,193,0,1151,69,2,2010,4,5,1063,16
4,1716,COLEGIO (PARTICULAR) MARTINUS PORTÃO,"RUA ARTHUR MOHR,144",PORTÃO,-25.4727523,-49.2993613,27,0,2336,1894,33,32,0,447,17,1,910,1,4,433,16
4,1724,COLEGIO ESTADUAL PROTASIO DE CARVALHO,"RUA CIDADE GAUCHA, 120",CIDADE INDUSTRIAL,-25.47279,-49.3474133,75,0,5540,4404,167,202,0,1048,39,2,1965,1,4,967,9
4,1740,ASPP - ASSOCIACAO DOS SERVIDORES PUBLICOS DO PARANA,"RUA PROFESSOR ULISSES VIEIRA, 2303",SANTA QUITERIA,-25.4628823,-49.3119998,43,0,6292,5030,131,176,0,1260,44,0,2251,3,4,1144,17
4,1937,ESCOLA PAULA AMARAL,"RUA LUIZ RONALDO CANALLI, 2901",CAMPO COMPRIDO,-25.4613305,-49.3314914,44,0,1834,1488,33,40,0,392,20,0,674,0,0,322,7
4,1945,UNIVERSIDADE POSITIVO,"RUA PROFESSOR PEDRO VIRIATO PARIGOT DE SOUZA, 5300",CIDADE INDUSTRIAL,-25.44629,-49.3588549,75,0,6288,5087,90,120,0,968,57,2,2428,1,5,1389,27
4,1953,ESCOLA MUNICIPAL PRESIDENTE TANCREDO DE ALMEIDA NEVES,"RUA DESEMBARGADOR CID CAMPELO, 7588",CIDADE INDUSTRIAL,-25.4844267,-49.338395,75,0,1257,1014,39,59,0,255,8,2,430,0,1,219,1
4,1961,FACULDADE PADRE JOÃO BAGOZZI (PARTICULAR),"RUA CAETANO MARCHESINI, 952",PORTÃO,-25.476062,-49.302937,27,0,6719,5514,93,129,0,1207,50,4,2705,2,4,1303,17
4,1970,UEI INTEGRADA CIC,RUA SYNVAL STOCCHERO  S/N,AUGUSTA,-25.4797339,-49.3575999,68,0,1145,923,42,42,0,224,16,0,364,0,2,229,4
4,1988,ESCOLA MUNICIPAL PADRE JOÃO CRUCIANI,"RUA JOSÉ GONÇALVES JUNIOR, 259",CAMPO COMPRIDO,-25.466675,-49.3273115,44,0,1201,969,25,42,0,248,11,2,438,1,1,197,4
4,1996,COLÉGIO EFETIVO (PARTICULAR),"RUA JOÃO ALENCAR GUIMARÃES, 2883",CAMPO COMPRIDO,-25.4614453,-49.3252616,44,0,1504,1192,24,40,0,289,15,0,532,1,0,284,7
4,2100,ESCOLA MUNICIPAL GRACILIANO RAMOS,RUA ALCIR MARTINS BASTOS 560,FAZENDINHA,-25.487283,-49.3263946,42,0,3469,2796,103,124,0,659,26,3,1285,4,2,586,4
4,2119,REDE MARISTA DE SOLIDARIEDADE,"RUA RAUL POMPEIA, 188",CIDADE INDUSTRIAL,-25.4775533,-49.3331917,75,0,1509,1185,44,49,0,261,11,0,562,0,1,253,4
4,2127,ESCOLA MUNICIPAL NOVA ESPERANCA,"RUA HENRIQUE MATTIOLI, 410",FAZENDINHA,-25.4835705,-49.3309081,42,0,2082,1693,57,71,0,350,12,1,826,1,0,367,8
4,2135,CMEI SANTA AMÉLIA,"RUA FERNANDO DE SOUZA COSTA, 375",FAZENDINHA,-25.4858024,-49.3253909,42,0,1097,837,33,41,0,190,10,3,389,0,1,167,3
4,2143,PARÓQUIA SANTA AMÉLIA - PAVILHÃO PAROQUIAL,"AVENIDA ALCIR MARTINS BASTOS, 510",FAZENDINHA,-25.4859684,-49.3257949,42,0,1558,1251,47,53,0,302,11,0,573,0,1,263,1
4,2151,CEI - PROFESSOR ADRIANO GUSTAVO CARLOS ROBINE,"RUA VEREADOR ELIAS KARAM, 480",FAZENDINHA,-25.4802717,-49.331215,42,0,2347,1858,80,87,0,419,32,0,837,0,2,389,12
4,2160,COLEGIO ESTADUAL AVELINO ANTONIO VIEIRA,RUA JULIO MESQUITA 12,FAZENDINHA,-25.4868502,-49.3269626,42,0,5189,4134,152,198,0,855,41,3,1943,0,7,921,14
4,2178,CENTRO MUNICIPAL DE EDUCAÇÃO INFANTIL FAZENDINHA,"RUA ELOI MICHELETI, 09",FAZENDINHA,-25.4796317,-49.3278333,42,0,338,244,11,13,0,78,4,0,91,0,0,45,2
4,2186,ESCOLA MUNICIPAL PADRE JOSE DE ANCHIETA,R DANIEL MIKOVSKI  191,FAZENDINHA,-25.4807117,-49.32161,42,0,2527,2099,80,79,0,471,17,3,944,3,0,494,8
145,1503,ESCOLA MUNICIPAL PAULO ROGERIO GUIMARAES ESMANHOTO,"RUA PEROLA DO OESTE, 285",SITIO CERCADO,-25.552825,-49.2751436,65,0,1350,1106,44,63,0,259,12,0,468,0,0,259,1
145,1511,ESCOLA MUNICIPAL BAIRRO NOVO CAIC,"RUA PASTOR WALDOMIRO BILESKI, 71, SÍTIO CERCADO",SITIO CERCADO,-25.5428695,-49.2615865,65,0,6060,4798,202,248,0,1039,40,6,2240,1,6,1007,9
145,1520,COLEGIO ESTADUAL LA SALLE,"RUA DILERMANDO PEREIRA DE ALMEIDA, 120",PINHEIRINHO,-25.5322315,-49.2916831,66,0,4446,3475,170,161,0,846,19,2,1546,2,2,721,6
145,1538,CEI FRANCISCO FRISCHMANN,"RUA PAULO ENGEL, 89 - PINHEIRINHO",PINHEIRINHO,-25.5268396,-49.2692047,66,0,4003,3066,122,148,0,711,20,1,1379,1,5,675,4
145,1546,ESCOLA MUNICIPAL MARINGA,"RUA BRASÍLIO PERY MOREIRA, 17  PINHEIRINHO",PINHEIRINHO,-25.5346747,-49.2966074,66,0,2608,2120,90,89,0,442,10,0,986,1,5,490,7
145,1554,ESCOLA MUNICIPAL PROFESSORA JURANDYR BAGGIO MOCKELL,"RUA BRIGADEIRO EDUARDO GOMES, 270",PINHEIRINHO,-25.5194851,-49.2862154,66,0,2588,2121,72,91,0,486,17,0,934,2,3,510,6
145,1562,ESCOLA MUNICIPAL PIRATINI,"RUA JOÃO MALTA DE ALBUQUERQUE MARANHÃO, 104  PINHEIRINHO",PINHEIRINHO,-25.5233199,-49.2872304,66,0,3865,3072,120,128,0,714,24,1,1400,1,0,673,11
145,1570,COLÉGIO ESTADUAL PROFESSORA ISABEL LOPES SANTOS SOUZA,"RUA ROSA TORTATO, 400 - PINHEIRINHO",PINHEIRINHO,-25.531695,-49.2883117,66,0,2974,2377,102,106,0,472,15,1,1124,0,3,544,10
145,1589,ESCOLA MUNICIPAL DE EDUCAÇÃO ESPECIAL TOMAZ EDISON ANDRADE VIEIRA,"RUA LEON NÍCOLAS, S/N, CAPÃO RASO",PINHEIRINHO,-25.5151667,-49.2943721,58,0,4847,3850,130,136,0,857,24,4,1928,1,0,759,11
145,1597,ESCOLA MUNICIPAL SAO MATEUS DO SUL,"RUA ORESTES CODEGA, 165",PINHEIRINHO,-25.5235867,-49.2975817,66,0,2280,1864,57,63,0,393,15,0,915,0,5,408,8
145,1600,ESCOLA MUNICIPAL COLOMBO,"RUA IZAAC FERREIRA DA CRUZ, 2591, SÍTIO CERCADO",SITIO CERCADO,-25.5375803,-49.2775753,65,0,2990,2380,101,111,0,507,26,1,1078,1,0,551,4
145,1619,COLEGIO ESTADUAL HASDRUBAL BELLEGARD,"RUA IZZAC FERREIRA DA CRUZ, 3009, SÍTIO CERCADO",SITIO CERCADO,-25.5370783,-49.274305,65,0,5766,4325,218,216,0,996,46,4,1972,3,2,849,19
145,1627,CEI PROFESSOR JOSE CAVALLIN,"RUA CALIFÓRNIA, 954  SÍTIO CERCADO",SITIO CERCADO,-25.54415,-49.2761133,65,0,2687,2104,117,123,0,461,13,2,938,0,0,444,6
145,1635,ESCOLA MUNICIPAL PROFESSOR PEDRO VIRIATO PARIGOT DE SOUZA,"R PROF. DELMINDA SANTOS FERNANDES, 80",SITIO CERCADO,-25.5292486,-49.2694461,65,0,4170,3365,125,171,0,766,23,2,1579,2,4,683,10
145,1643,ESCOLA MUNICIPAL PROFESSORA AUGUSTA GLUCK RIBAS,"RUA IZAAC FERREIRA DA CRUZ, 3560",SITIO CERCADO,-25.534745,-49.2685717,65,0,1822,1429,53,68,0,339,11,1,650,1,2,300,4
145,1651,ESCOLA MUNICIPAL RIO NEGRO,"RUA CELESTE TORTATO GABARDO, 1090  SÍTIO CERCADO",SITIO CERCADO,-25.5445611,-49.2836163,65,0,4202,3241,150,177,0,697,20,3,1403,0,4,772,15
145,1686,COLEGIO ESTADUAL PADRE CLAUDIO MORELLI,"RUA LUIZ NICHELLE, 08",UMBARA,-25.5686911,-49.2857289,73,0,3913,3235,123,112,0,547,23,0,1545,0,1,869,15
145,1694,CAPELA SAO SEBASTIAO,"RUA NICOLA PELANDA, 8065",UMBARA,-25.5928037,-49.2762211,73,0,2438,1989,104,80,0,295,9,0,951,0,1,548,1
145,1783,CEI CARLOS DRUMMOND DE ANDRADE,RUA JANDAIA DO SUL 50,SITIO CERCADO,-25.5548767,-49.253395,65,0,3718,2964,154,210,0,674,17,1,1267,1,0,635,5
145,1791,ESCOLA MUNICIPAL PROFESSORA REJANE MARIA SILVEIRA SACHETTE,"RUA NOVA AURORA, 1000",SITIO CERCADO,-25.5490865,-49.2708116,65,0,2728,2239,81,126,0,480,18,0,1006,0,1,518,9
145,1805,ESCOLA MUNICIPAL SADY SOUSA,"RUA CORONEL VICTOR AGNER KENDRICK, 440  SÍTIO CERCADO",SITIO CERCADO,-25.5336753,-49.2614834,65,0,2694,2211,98,97,0,443,13,0,989,0,2,564,5
145,1813,COLEGIO ESTADUAL BENEDICTO JOAO CORDEIRO,"RUA EURICO ZYTKIEVITZ, 143  SÍTIO CERCADO",SITIO CERCADO,-25.5424182,-49.2728909,65,0,5447,4375,169,212,0,947,35,2,2013,1,8,971,17
145,1821,COLEGIO ESTADUAL LUIZ CARLOS PAULA E SOUZA,"RUA ALBERTO SABIM, 300",UMBARA,-25.5576968,-49.2804527,73,0,4233,3296,165,187,0,730,41,1,1483,5,2,672,10
145,1848,COLEGIO ESTADUAL PROFESSOR TEOBALDO LEONARDO KLETEMBERG,"RUA MARIO GASPARIN, 950",SITIO CERCADO,-25.5437241,-49.252425,65,0,3925,3130,164,162,0,650,33,0,1444,2,8,660,7
145,1864,CEI JOSE LAMARTINE CORREA DE OLIVEIRA LYRA,"RUA CAROLINA DOS ANJOS, 94",PINHEIRINHO,-25.5194917,-49.30568,66,0,2522,2053,64,78,0,446,26,2,985,0,3,444,5
145,1872,COLEGIO ESTADUAL PROFESSORA IARA BERGMANN,"RUA REINALDO DE CARVALHO-BOLA, 101  GANCHINHO",SITIO CERCADO,-25.5537784,-49.2468779,72,0,3339,2599,163,169,0,654,16,1,1106,1,1,481,7
145,1880,ESCOLA MUNICIPAL PROFESSORA MIRACY RODRIGUES DE ARAUJO,"RUA JOSE BASSA, 1175",SITIO CERCADO,-25.5441466,-49.256883,65,0,3439,2867,109,139,0,691,33,1,1276,2,2,606,8
145,1899,COLEGIO ESTADUAL PROFESSORA ETELVINA CORDEIRO RIBAS,"RUA MIGUEL RAICOSKI SOBRINHO, S/N",PINHEIRINHO,-25.5273167,-49.2748244,66,0,3120,2467,129,105,0,578,21,3,1075,0,1,540,15
145,1910,ESCOLA MUNICIPAL MADRE TERESA DE CALCUTA,"RUA DES. VATEL GONÇALVES PEREIRA, 60, SÍTIO CERCADO",SITIO CERCADO,-25.5371018,-49.2545578,65,0,2990,2520,104,108,0,556,23,2,1181,0,3,538,5
145,1929,ESCOLA MUNICIPAL VEREADORA LAIS PERETTI,"RUA IZABEL RAKSA VOLUZ, 271, PINHEIRINHO",PINHEIRINHO,-25.530075,-49.2824783,66,0,1355,1125,52,42,0,245,4,0,513,0,1,264,4
145,1937,ESCOLA MUNICIPAL PAULO FREIRE,"RUA OLÍVIO DOMINGOS LEONARDI, 162, SÍTIO CERCADO",SITIO CERCADO,-25.5468428,-49.2676633,65,0,2970,2393,98,127,0,566,21,2,1036,1,2,537,3
145,1945,COLEGIO NOSSA SENHORA DO SAGRADO CORAÇÃO,"RUA NICOLA PELLANDA, 699  PINHEIRINHO",PINHEIRINHO,-25.5345778,-49.295633,66,0,2760,2247,82,91,0,432,22,2,1126,0,2,484,6
145,2178,COLEGIO ESTADUAL FLAVIO FERREIRA DA LUZ,"RUA JOÃO CISLINSKI, 51  SÍTIO CERCADO",SITIO CERCADO,-25.5450599,-49.2714966,65,0,4031,3189,151,141,0,664,28,2,1504,1,5,684,9
145,2186,COLEGIO ESTADUAL INEZ VICENTE BOROCZ,"RUA IGNEZ DE LOURDES GOMES DE MACEDO, 331, SÍTIO CERCADO",SITIO CERCADO,-25.537895,-49.2559233,65,0,3116,2468,116,115,0,573,30,0,1088,1,1,539,5
145,2194,COLEGIO ENERGIA ATIVA,"RUA IZAAC FERREIRA DA CRUZ, 1905  SÍTIO CERCADO",SITIO CERCADO,-25.5355525,-49.283092,65,0,3130,2516,86,115,0,578,23,1,1117,0,3,586,7
145,2232,ESCOLA MUNICIPAL DONA LULU,"RUA MILTON MIRAMIR VISINONI, 45, SÍTIO CERCADO",SITIO CERCADO,-25.5401782,-49.25157,65,0,2314,1872,85,107,0,443,10,2,797,0,0,421,7
145,2240,COLEGIO ESTADUAL PROFESSOR GUIDO ARZUA,"RUA MANDIRITUBA, 2100, SÍTIO CERCADO",SITIO CERCADO,-25.5503699,-49.2686535,65,0,3145,2397,134,120,0,580,31,1,1019,2,1,502,7
145,2259,ESCOLA MUNICIPAL PROFESSORA NATHÁLIA DE CONTO COSTA,"RUA EDUARDO PINTO DA ROCHA, 6077 - UMBARÁ",UMBARA,-25.5661091,-49.2784695,73,0,3157,2652,91,92,0,526,22,1,1251,1,0,659,9
145,2267,ESCOLA MUNICIPAL HERACLITO FONTOURA SOBRAL PINTO,"RUA LUCIO DE OLIVEIRA LARA, 75",SITIO CERCADO,-25.5576533,-49.2571067,65,0,1914,1523,90,91,0,375,18,0,649,4,1,285,10
145,2283,COLEGIO NOVO EDEN,"RUA MANDIRITUBA, 1327  SÍTIO CERCADO",SITIO CERCADO,-25.5449817,-49.2725063,65,0,3550,2822,127,127,0,638,21,2,1316,0,2,577,12
145,2372,UNIFACEAR - CAMPUS SÍTIO CERCADO,"RUA MERCÚRIO, 463",SITIO CERCADO,-25.5321684,-49.2665969,65,0,1749,1395,51,67,0,362,10,2,592,1,2,302,6
145,2380,CMEI JAYME CANET JUNIOR,"RUA EDVALD RIBAS BORBA, 45",SITIO CERCADO,-25.5318783,-49.2632667,65,0,1424,1142,43,58,0,241,9,0,507,0,0,279,5
145,2399,PARÓQUIA NOSSA SENHORA DO SAGRADO CORAÇÃO,"RUA NICOLA PELLANDA, 545",PINHEIRINHO,-25.5333283,-49.2956333,66,0,1930,1543,69,53,0,367,13,2,742,2,2,287,6
145,2402,PARÓQUIA SÃO JOSÉ DAS FAMÍLIAS,"RUA DR. LEVY BUQUERA, 150",SITIO CERCADO,-25.52897,-49.2687717,65,0,1660,1325,57,48,0,287,23,0,630,1,4,274,1
174,1015,COLÉGIO ESTADUAL GOTTLIEB MUELLER,R BOM JESUS DE IGUAPE   3333,BOQUEIRAO,-25.493599,-49.2387471,56,0,2007,1578,52,70,0,312,10,3,804,0,0,323,4
174,1023,ESCOLA  MUNICIPAL LAPA,"R DIOGO MUGGIATTI, 1292",BOQUEIRAO,-25.5106019,-49.2284863,56,0,2893,2308,77,82,0,437,13,1,1174,0,1,514,9
174,1031,COLÉGIO ESTADUAL PROFESSORA LUIZA ROSS,"R MAESTRO CARLOS FRANK, 616",BOQUEIRAO,-25.5157323,-49.2248042,56,0,4394,3434,155,139,0,698,37,2,1676,3,3,699,22
174,1040,ESCOLA MUNICIPAL PROFESSOR GERMANO PARCIORNIK,"R JOAQUIM CARDOSO DA SILVEIRA, 187",BOQUEIRAO,-25.506847,-49.2216816,56,0,2631,2105,81,114,0,495,14,1,975,0,1,418,6
174,1058,ESCOLA MUNICIPAL NOSSA SENHORA DO CARMO,"RUA CARLOS DE LAET, 4130",BOQUEIRAO,-25.4982755,-49.2354496,56,0,1411,1142,35,30,0,220,5,0,618,0,1,231,2
174,1066,COLEGIO PROFESSOR VICTOR DO AMARAL,RUA BOM JESUS DE IGUAPE 4065,BOQUEIRAO,-25.4998085,-49.2355829,56,0,4541,3501,147,132,0,662,37,2,1802,0,5,702,12
174,1074,ESCOLA MUNICIPAL WENCESLAU BRAZ,"RUA O BRASIL PARA CRISTO, 2090",BOQUEIRAO,-25.5024866,-49.2275987,56,0,2170,1745,60,75,0,365,20,0,858,0,2,359,6
174,1090,COLÉGIO ESTADUAL PAULINA PACIFICO BORSARI,"RUA DR. JOAQUIM SILVEIRA DA MOTTA, 484",GUABIROTUBA,-25.4635573,-49.2375085,23,0,2409,2008,42,50,0,482,15,3,999,2,6,397,12
174,1104,COLÉGIO ESTADUAL ISOLDA SCHMID,"R ANNE FRANK, 1553",HAUER,-25.4802349,-49.2465677,38,0,4389,3483,105,109,0,744,33,1,1724,2,1,751,13
174,1112,COLEGIO ESTADUAL PROFESSOR JOSE GUIMARAES,"R PRESIDENTE PADUA FLEURY, 418",HAUER,-25.4756717,-49.24802,38,0,3069,2470,62,96,0,499,27,1,1272,1,3,500,9
174,1120,CEI ERICO VERISSIMO,"RUA CAMPINA DA LAGOA, 418",ALTO BOQUEIRAO,-25.5315779,-49.2549249,64,0,4634,3547,154,146,0,759,30,2,1656,0,4,788,8
174,1139,ESCOLA MUNICIPAL PROFESSOR FRANCISCO HUBERT,"RUA FRANCISCO DEROSSO, 5249",ALTO BOQUEIRAO,-25.5293962,-49.2463085,64,0,5612,4431,159,183,0,998,31,4,2185,0,6,854,11
174,1147,CEI MAESTRO BENTO MOSSURUNGA,"RUA CAPITAO ROBERTO LOPES QUINTAS, 198",ALTO BOQUEIRAO,-25.5373316,-49.2382961,64,0,1902,1498,73,73,0,335,15,0,711,3,3,278,7
174,1155,COLÉGIO ESTADUAL LUCIA BASTOS,"RUA CORONEL AMERICO WALGER, 12",ALTO BOQUEIRAO,-25.535869,-49.2391191,64,0,3950,3094,135,167,0,733,18,1,1430,5,4,594,7
174,1163,COLEGIO ESTADUAL ROBERTO LANGER JUNIOR,"RUA ALBINO FREDERICO FOERSTER, 04",ALTO BOQUEIRAO,-25.529548,-49.2402975,64,0,5410,4284,164,173,0,989,42,2,2083,3,0,815,13
174,1171,COLEGIO ERASTO GAERTNER,RUA PASTOR DAVID KOOP 189,BOQUEIRAO,-25.5083489,-49.252579,56,0,5136,4260,59,79,0,766,41,2,2310,2,1,991,9
174,1180,COLÉGIO ESTADUAL EUZEBIO DA MOTTA,"RUA CLARA TEDESCO,  2773",BOQUEIRAO,-25.5032279,-49.2535823,56,0,4538,3730,100,123,0,813,55,1,1856,0,0,772,10
174,1198,COLEGIO ADVENTISTA DO BOQUEIRAO,"RUA PROF CLETO DA SILVA, 2260",BOQUEIRAO,-25.488975,-49.2457005,56,0,4456,3525,74,86,0,747,34,1,1799,0,1,774,9
174,1201,ESCOLA MUNICIPAL LEONOR CASTELLANO,"RUA MAESTRO CARLOS FRANK, 2114",BOQUEIRAO,-25.5211511,-49.2381588,56,0,3956,3248,66,115,0,714,28,1,1634,3,3,675,9
174,1210,ESCOLA MUNICIPAL NIVALDO BRAGA,"RUA PROF JOAO SOARES BARCELOS,  3400",BOQUEIRAO,-25.4786874,-49.2395031,37,0,3253,2679,51,75,0,533,23,0,1396,0,2,587,12
174,1228,COLÉGIO ESTADUAL POLIVALENTE DE CURITIBA,"RUA FREDERICO MAURER, 3302",BOQUEIRAO,-25.4983023,-49.2417549,56,0,3365,2729,63,69,0,612,28,0,1363,0,2,578,14
174,1236,ESCOLA MUNICIPAL ROLANDIA,RUA DESEMBARGADOR ANTONIO DE PAULA 3451,BOQUEIRAO,-25.5169046,-49.2492765,56,0,3870,3156,83,107,0,673,27,0,1579,0,3,676,8
174,1244,CEI PROFESSORA TEREZA MATSUMOTO,"RUA CHANCELER OSWALDO ARANHA, 965",HAUER,-25.4919799,-49.2616805,56,0,2472,2034,43,77,0,406,20,4,1007,0,2,468,7
174,1252,CEEP CENTRO ESTADUAL DE EDUCAÇÃO PROFISSIONAL DE CURITIBA,R FREDERICO MAURER  3015,BOQUEIRAO,-25.495496,-49.242995,56,0,3433,2762,67,78,0,762,36,1,1259,0,4,538,17
174,1260,ESCOLA MUNICIPAL PROF CARMEN SALOMAO TEIXEIRA,RUA PEDRINA ACCORDES COSTA  200,GANCHINHO,-25.5722117,-49.2597333,72,0,1734,1278,74,55,0,234,9,0,589,0,0,311,6
174,1279,ESCOLA SEBASTIAO PARANA,"RUA MAJOR FABRICIANO REGO BARROS, 1152",HAUER,-25.4762437,-49.2560063,38,0,1413,1188,23,30,0,236,11,1,623,0,1,263,0
174,1287,COLEGIO ESTADUAL SEGISMUNDO FALARZ,"RUA ISAIAS REGIS DE MIRANDA, 848",HAUER,-25.4805787,-49.2539181,38,0,3644,2964,72,82,0,631,25,1,1508,1,2,631,11
174,1295,ESCOLA MUNICIPAL PROFESSOR GUILHERME BUTLER,RUA IRMA FLAVIA BORLET 1189,HAUER,-25.4895641,-49.2575593,56,0,1560,1287,22,44,0,301,18,0,617,0,0,282,3
174,1309,COLÉGIO ESTADUAL MILTON CARNEIRO,"RUA NELSO JOSÉ LAUTHART, 301",ALTO BOQUEIRAO,-25.5370061,-49.2381601,64,0,4398,3445,185,154,0,732,35,2,1654,0,4,665,14
174,1317,CEI PROFESSORA MARIA AUGUSTA JOUVE,"RUA PASTOR ANTONIO POLITO, 1145",ALTO BOQUEIRAO,-25.5239983,-49.2338217,64,0,3935,3076,121,145,0,785,28,3,1363,0,1,618,12
174,1333,COLEGIO ESTADUAL SANTO AGOSTINHO,"RUA CASCAVEL, 1610",BOQUEIRAO,-25.5147875,-49.2462816,56,0,3789,3120,91,98,0,682,29,1,1534,1,4,661,19
174,1341,COLÉGIO NOSSA SENHORA DA ASSUNCAO,"RUA DR. ALCIDES VIEIRA ARCOVERDE, 620",GUABIROTUBA,-25.4606924,-49.2416397,23,0,4360,3691,51,74,0,834,41,2,1823,0,5,843,18
174,1350,CMEI CONJUNTO ARAUCARIA,"RUA ROBERTO BARBOSA DE ALMEIDA, 152",ALTO BOQUEIRAO,-25.5278154,-49.253522,64,0,1090,916,24,31,0,165,3,0,474,0,0,214,5
174,1368,CENTRO DE EDUCACAO INFANTIL COLMEIA'S,"RUA JULIO CESAR RIBEIRO DE SOUZA, 1332",HAUER,-25.4822147,-49.2535334,38,0,1797,1438,22,36,0,324,14,1,713,0,0,323,5
174,1724,SESI BOQUEIRÃO,"RUA DR. HELENO DA SILVEIRA, 351",BOQUEIRAO,-25.5151812,-49.2348543,56,0,3264,2616,59,84,0,558,25,2,1328,2,3,543,12
174,1732,COLÉGIO ADVENTISTA DO ALTO BOQUEIRÃO,"RUA BOM PASTOR, 606",ALTO BOQUEIRAO,-25.5234765,-49.2484931,64,0,3344,2749,69,93,0,657,26,4,1344,0,1,546,9
174,1740,ESCOLA MUNICIPAL PROFESSORA SOPHIA GAERTNER ROSLINDO - EF,"RUA EXPEDICIONÁRIO ESTANISLAU WOJCIK, 82",ALTO BOQUEIRAO,-25.5358192,-49.2433767,64,0,1374,1132,51,59,0,249,7,0,522,0,1,240,3
174,1830,UFPR - CENTRO POLITÉCNICO,"RUA EVARISTO F.F. DA COSTA, 346",JARDIM DAS AMERICAS,-25.4536835,-49.2329563,22,0,9460,7820,128,171,0,1968,98,6,3585,2,11,1811,40
174,1848,COLÉGIO ESTADUAL PROFESSOR JÚLIO MESQUITA,"TRAVESSA MARIA TEODORA PAULA COSTA, N. 49",JARDIM DAS AMERICAS,-25.4562459,-49.2286475,22,0,2537,2011,34,44,0,426,17,1,1055,0,0,427,7
174,1856,ESCOLA JORNALISTA ARNALDO ALVES DA CRUZ - EF,"RUA MARIA MARQUES DE CAMARGO, 330 - VILA PANTANAL",ALTO BOQUEIRAO,-25.5370033,-49.2327117,64,0,355,267,27,27,0,84,3,0,83,0,1,41,1
174,1864,HOSPITAL ERASTO GAERTNER,"RUA DR. OVANDE DO AMARAL, 201",JARDIM DAS AMERICAS,-25.4531439,-49.2400976,22,0,268,211,9,3,0,55,6,0,103,0,0,35,0
174,1880,CMEI MAESTRINA ESMERALDA ROVANI,"RUA ANTÔNIO JOSÉ BONATO, 1761",GANCHINHO,-25.5618383,-49.2551783,72,0,940,707,48,32,0,212,12,0,236,0,1,158,8
174,1899,PARÓQUIA IMACULADA CONCEIÇÃO,"R. DR. ALCIDES VIEIRA ARCOVERDE, 244",GUABIROTUBA,-25.4624245,-49.2442459,23,0,1676,1126,36,35,0,177,4,0,627,0,0,242,5
174,1902,PARÓQUIA SÃO CARLOS BORROMEU,"R. HEITOR DE ANDRADE, 219",JARDIM DAS AMERICAS,-25.4566261,-49.2281542,22,0,2493,1978,33,41,0,396,22,2,1026,0,2,449,7
175,1015,ESCOLA MUNICIPAL PRO-MORAR BARIGUI-I,"RUA ARTHUR MARTINS FRANCO, 1803 - VILA BARIGUI - CIC",CIDADE INDUSTRIAL,-25.4951839,-49.3354546,75,0,3340,2703,161,191,0,711,12,0,1077,0,3,538,10
175,1023,ESCOLA MUNICIPAL MANSUR GUÉRIOS,"ESTRADA VELHA DO BARIGUI, 3200 - MORADIAS SABARÁ -  VILA CONQUISTA",CIDADE INDUSTRIAL,-25.5014117,-49.3483796,75,0,4286,3404,214,217,0,845,17,0,1380,2,4,721,4
175,1031,ESCOLA MUNICIPAL ALBERT SCHWEITZER,RUA DÉCIO BARRETO 153  -  VILA NSA SRA DA LUZ,CIDADE INDUSTRIAL,-25.5036674,-49.3236525,75,0,3975,3276,173,188,0,839,32,2,1292,4,3,733,10
175,1040,COLÉGIO ESTADUAL PROFESSOR ALCYONE MORAES DE CASTRO VELLOZO,R GOVERNADOR CARLOS LACERDA- S/N - CJ OSWALDO CRUZ II - CIC -SUL,CIDADE INDUSTRIAL,-25.5130185,-49.3243603,75,0,4380,3411,162,176,0,944,30,0,1391,3,2,698,5
175,1058,COLÉGIO ESTADUAL PROFESSOR BRASILIO VICENTE DE CASTRO,R SANTA  ÂNGELA FOLIGNO 45 - CJ OSWALDO CRUZ I - CIC-SUL,CIDADE INDUSTRIAL,-25.5114486,-49.3201112,75,0,4790,3886,129,154,0,912,46,2,1775,0,1,846,21
175,1066,COLÉGIO ESTADUAL PROFESSORA DIRCE CELESTINO DO AMARAL,R PEDRO GUSSO 2020 - CJ OSWALDO CRUZ I -  CIC-SUL,CIDADE INDUSTRIAL,-25.506362,-49.3205035,75,0,3310,2643,95,95,0,622,23,1,1211,1,2,577,16
175,1074,ESCOLA MUNICIPAL DOM BOSCO,"R NOSSA SENHORADA CABEÇA, 1181 - CONJ MAUÁ - CONJ RONDON CIC-SUL",CIDADE INDUSTRIAL,-25.495799,-49.315535,75,0,2032,1700,45,63,0,364,13,0,801,0,1,405,8
175,1082,COLÉGIO ESTADUAL IVO LEAO,R NSA SRA DA CABECA 1183 -CJ VISC MAUA/CJ RONDON CIC SUL,CIDADE INDUSTRIAL,-25.4959634,-49.3165537,75,0,5118,4091,138,137,0,960,45,5,1853,2,8,933,10
175,1090,ESCOLA MUNICIPAL JOAQUIM TAVORA,"R ANGELINA TURESSO CAVALIM,  90 -CJ OSWALDO CRUZ II CIC-SUL",CIDADE INDUSTRIAL,-25.5152795,-49.3264875,75,0,3476,2868,162,182,0,804,33,1,1075,0,2,604,5
175,1104,ESCOLA MUNICIPAL CEI MONTEIRO LOBATO,"R GUILHERME FUGMANN, 501 VL NOSSA  SRA DA LUZ  DOS PINHAIS - CIC",CIDADE INDUSTRIAL,-25.5013104,-49.3204583,75,0,2404,1861,97,101,0,446,17,1,814,5,3,367,10
175,1112,ESCOLA MUNICIPAL NOSSA SENHORA DA LUZ DOS PINHAIS - CIC,"RUA DAVI XAVIER DA SILVA, 841   VL N. S. DA LUZ DOS PINHAIS - CIC-SUL",CIDADE INDUSTRIAL,-25.5081359,-49.3254334,75,0,2311,1801,89,110,0,502,6,0,700,2,0,389,3
175,1198,ESCOLA MUNICIPAL PROFESSORA JOANA RAKSA,"RUA FRANCISCA BERALDE PAOLINI, 99 - CAXIMBA",CAXIMBA,-25.618904,-49.3485668,70,0,2911,2232,167,133,0,472,4,1,761,1,0,684,9
175,1201,COLÉGIO ESTADUAL GUILHERME PEREIRA NETO,"RUA DELEGADO BRUNO DE ALMEIDA, 4386 - CAMPO DE SANTANA",CAMPO DE SANTANA,-25.594745,-49.3223303,71,0,2641,2075,114,129,0,466,19,1,826,0,2,511,7
175,1210,ESCOLA MUNICIPAL CEI PROFESSOR ANTÔNIO PIETRUZA,"RUA JOÃO AMADEU PEDRO BOM, 135 - VILA PALMEIRA - TATUQUARA",TATUQUARA,-25.5508818,-49.2946267,74,0,3353,2675,187,165,0,553,22,4,1160,1,6,568,9
175,1236,ESCOLA MUNICIPAL PROFESSORA AMÉRICA DA COSTA SABOIA,"RUA EMILIO ROMANI, 2480 - VILA VERDE - CIC SUL",CIDADE INDUSTRIAL,-25.5312208,-49.3349273,75,0,3422,2672,192,190,0,694,14,0,989,1,0,584,8
175,1244,ESCOLA MUNICIPAL DONA POMPÍLIA,"RUA JOVENILSON AMÉRICO DE OLIVEIRA, 240 - JARDIM DA ORDEM - TATUQUARA",TATUQUARA,-25.5593434,-49.3314121,74,0,4575,3609,213,264,0,820,35,3,1348,0,2,908,16
175,1260,ESCOLA MUNICIPAL PROFESSOR DARIO PERSIANO DE CASTRO VELLOZO,"RUA DESEMBARGADOR CID CAMPELLO, 4630  CIC SUL",CIDADE INDUSTRIAL,-25.5095036,-49.3353435,75,0,3528,2730,180,166,0,641,11,1,1140,1,1,580,9
175,1279,COLÉGIO ESTADUAL RODOLPHO ZANINELLI,"RUA ANTÔNIA MOLINA BELLA, 610 - VILA VERDE - CIC",CIDADE INDUSTRIAL,-25.5273212,-49.3344031,75,0,5336,4115,287,279,0,1036,52,2,1627,0,0,826,6
175,1287,COLÉGIO ESTADUAL ARLINDO CARVALHO DE AMORIM,"RUA DESEMBARGADOR CID CAMPELLO,  6301 - CIC SUL",CIDADE INDUSTRIAL,-25.4956875,-49.338106,75,0,4646,3564,235,220,0,772,31,0,1516,0,3,773,14
175,1295,ESCOLA MUNICIPAL SANTA ANA MESTRA,"RUA JOÃO PEREIRA TRINDADE, 265 - MORADIAS JAMAICA - CAMPO DO SANTANA",CAMPO DE SANTANA,-25.5848078,-49.3236081,71,0,4352,3423,212,196,0,693,25,2,1504,1,1,779,10
175,1309,ESCOLA MUNICIPAL PROFESSOR DARCY RIBEIRO,"RUA  ENETTE DUBARD, 90 - MORADIAS SANTA RITA - TATUQUARA",TATUQUARA,-25.5602553,-49.3389675,74,0,4934,3971,211,204,0,925,22,4,1546,0,4,1046,9
175,1430,ESCOLA MUNICIPAL MARGARIDA ORSO DALLAGASSA,"RUA SARGENTO FRANCISCO DA SILVA COTRIN, 100 - VILA POMPÉIA - TATUQUARA",TATUQUARA,-25.5595213,-49.3155177,74,0,5014,3864,256,273,0,835,46,2,1568,1,0,877,6
175,1449,ESCOLA MUNICIPAL DO CAIC CÂNDIDO PORTINARI,"R. ANTÔNIO GEROSLAU FERREIRA, 497 - CJ.DIADEMA II - CIC-SUL",CIDADE INDUSTRIAL,-25.496124,-49.3498836,75,0,5032,4067,220,240,0,903,39,3,1746,0,3,900,13
175,1457,ESCOLA MUNICIPAL PROFESSOR OSVALDO ARNS,"R. ODIR GOMES DA ROCHA, 546 - VILA EVANGÉLICA - TATUQUARA",TATUQUARA,-25.5726263,-49.3372512,74,0,3745,3026,181,181,0,782,23,4,1143,1,4,702,5
175,1481,ESCOLA MUNICIPAL NEWTON BORGES DOS REIS,"RUA ADRIANA CERES ZAGO BUENO, 1350 - MORADIAS SANTA RITA - TATUQUARA",TATUQUARA,-25.5657962,-49.3341148,74,0,3792,3041,177,166,0,624,23,1,1276,1,1,759,13
175,1490,COLÉGIO ESTADUAL DESEMBARGADOR GUILHERME DE ALBUQUERQUE MARANHÃO,"RUA JOSÉ ANGELO MARTINS, 101 - MORADIAS DA ORDEM - TATUQUARA",TATUQUARA,-25.5579346,-49.3324577,74,0,3700,2780,201,154,0,602,36,0,1079,0,0,698,10
175,1503,COLÉGIO ESTADUAL MORADIAS MONTEIRO LOBATO,RUA OLÍVIO JOSÉ ROSSETI 430 - TATUAQUARA,TATUQUARA,-25.5735977,-49.3347115,74,0,5356,4043,264,270,0,950,41,2,1549,2,0,953,12
175,1511,COLÉGIO ESTADUAL EURIDES BRANDÃO,"RUA JAIR COELHO, 260 - DIADEMA II - CIC",CIDADE INDUSTRIAL,-25.4940799,-49.3491066,75,0,4759,3727,180,177,0,808,38,0,1650,3,1,858,12
175,1520,ESCOLA MUNICIPAL ÁLVARO BORGES,"RUA OSVALDO BAGGIO, N. 290 - CONJ. VITÓRIA RÉGIA - CIC",CIDADE INDUSTRIAL,-25.5452582,-49.3396101,75,0,3761,3163,140,178,0,670,23,2,1383,3,3,759,2
175,1538,CMEI ITACOLOMI SABARÁ - CIC,"RUA SÃO VALÉRIO, 70 CIC",CIDADE INDUSTRIAL,-25.4991957,-49.3444519,75,0,1152,849,38,49,0,218,13,0,355,0,0,175,1
175,1546,COLÉGIO ESTADUAL NIRLEI MEDEIROS,"RUA ANTÔNIO BERTOLDI, 409 - MORADIAS RIO BONITO - CAMPO DE SANTANA",CAMPO DE SANTANA,-25.58635,-49.3376326,71,0,4130,3270,204,199,0,720,28,1,1314,0,0,793,11
175,1554,ESCOLA MUNICIPAL PROFESSORA ÉRICA PLEWKA MLYNARCZYK,"RUA JAIME JOSÉ VOJCIECHOVSKI,  162 - TATUQUARA",TATUQUARA,-25.5604391,-49.313236,74,0,1287,1061,67,64,0,190,9,1,473,0,1,250,6
175,1562,ESCOLA MUNICIPAL JOÃO AMAZONAS,"RUA PALMYRA CRIVELLARO BERTOLDE, 813",CAMPO DE SANTANA,-25.5906834,-49.3412209,71,0,3168,2550,132,156,0,656,39,1,1006,0,1,546,13
175,1570,ESCOLA MUNICIPAL RIO BONITO,"RUA LUCAS CARVALHO,  1486  - CAMPO DE SANTANA",CAMPO DE SANTANA,-25.5905403,-49.3357064,71,0,3069,2431,139,131,0,537,26,2,1037,2,4,544,9
175,1589,ESCOLA MUNICIPAL GOVERNADOR LEONEL DE MOURA BRIZOLA,"RUA ANTONIO ZANON, 1371  - TATUQUARA",TATUQUARA,-25.5659479,-49.3258068,74,0,1545,1209,81,52,0,314,20,0,468,1,2,266,5
175,1597,COLÉGIO ESTADUAL PROFA. MARLI QUEIROZ AZEVEDO,"RUA CYRO CORREIA PEREIRA, 3506 - VITÓRIA RÉGIA - TATUQUARA",CIDADE INDUSTRIAL,-25.543838,-49.3379567,75,0,3128,2512,116,106,0,585,50,2,1078,1,0,556,18
175,1600,ESCOLA MUNICIPAL HELENA KOLODY,"RUA HUMBERTO BERTOLDI,  281 - RIO BONITO - CAMPO DE SANTANA",CAMPO DE SANTANA,-25.58545643,-49.33707829,71,0,2226,1712,126,87,0,377,24,2,719,1,1,369,6
175,1619,COLÉGIO ESTADUAL TATUQUARA,"ESTRADA DELEGADO BRUNO DE ALMEIDA, 3339  CAMPO DE SANTANA",CAMPO DE SANTANA,-25.5877563,-49.3182343,71,0,1946,1451,98,71,0,367,31,1,579,1,1,291,11
175,1724,ESCOLA MUNICIPAL PROFESSORA MARIA IENKOT ZEGLIN,"RUA PRESIDENTE JOÃO GOULART, N 1605 - TATUQUARA",TATUQUARA,-25.5773808,-49.3321367,74,0,1070,848,56,52,0,180,7,3,362,1,0,184,3
175,1732,ESCOLA MUNICIPAL DOUTOR HAMILTON CALDERARI LEAL,"RUA VICTOR GRYCAJUCK, 121 - TATUQUARA",SAO MIGUEL,-25.507433,-49.3545369,67,0,365,262,12,19,0,94,3,1,88,0,0,44,1
176,1120,COLÉGIO ESTADUAL JOÃO DE OLIVEIRA FRANCO,"RUA PADRE MANUEL DA NOBREGA, 1489",VILA  FANNY,-25.4880979,-49.2778472,39,0,3181,2616,76,75,0,549,27,0,1277,0,0,598,14
176,1139,COLÉGIO ESTADUAL JOSÉ BUSNARDO,"RUA MAJOR VICENTE DE CASTRO, 1154",VILA  FANNY,-25.4797292,-49.2663609,39,0,2577,2069,59,62,0,416,22,0,1045,0,4,445,16
176,1147,ESCOLA MUNICIPAL ELEVIR DIONÍSIO,"RUA CAPITÃO JOSÉ MARIA SOBRINHO, 1336",VILA  FANNY,-25.4838823,-49.2729048,39,0,2150,1801,40,57,0,360,27,2,898,0,1,401,15
176,1155,COLÉGIO ESTADUAL NEWTON FERREIRA DA COSTA,"RUA AMÉRICO VESPÚCIO, 745",LINDÓIA,-25.4818559,-49.2769398,40,0,3856,3121,92,101,0,692,32,4,1463,0,3,725,9
176,1163,COLÉGIO ESTADUAL DOM ÁTTICO EUSÉBIO DA ROCHA,"AVENIDA PRESIDENTE WENCESLAU BRAZ, 2779",LINDÓIA,-25.4770538,-49.2815091,40,0,3182,2533,61,84,0,515,11,1,1244,0,2,607,8
176,1180,CEEBJA DR. FRANCISCO RIBEIRO DE AZEVEDO MACEDO,"TRAVESSA AUGUSTO MARACH, 224",NOVO MUNDO,-25.4889456,-49.2928583,41,0,3290,2629,61,80,0,577,23,0,1336,0,4,543,5
176,1198,ESCOLA MUNICIPAL ARAPONGAS,"RUA JOSÉ CASEMIRO STENZOWSKI, 153",NOVO MUNDO,-25.4833132,-49.2870705,41,0,1867,1512,46,70,0,372,8,0,682,0,0,329,5
176,1201,ESCOLA MUNICIPAL DR. OSVALDO CRUZ,"RUA JOSÉ ALCIDES DE LIMA, 126",NOVO MUNDO,-25.4874317,-49.3066064,41,0,2132,1731,57,83,0,376,13,0,825,0,1,372,4
176,1210,COLÉGIO ESTADUAL CÍVICO MILITAR YVONE PIMENTEL,"RUA SEBASTIÃO MALUCELLI, 1312",NOVO MUNDO,-25.4954281,-49.299928,41,0,4598,3659,123,124,0,913,45,5,1674,0,2,762,11
176,1228,COLÉGIO ESTADUAL JOÃO BETTEGA,"RUA VISCONDE DO SERRO FRIO, 1020",NOVO MUNDO,-25.4860846,-49.3041488,41,0,3362,2656,105,147,0,673,23,0,1147,0,2,552,7
176,1236,ESCOLA MUNICIPAL MADRE MARIA DOS ANJOS,"RUA SANTA MARIA, 540",NOVO MUNDO,-25.488844,-49.280006,41,0,2409,2007,38,78,0,423,13,2,1007,1,1,433,11
176,1244,ESCOLA MUNICIPAL MARIA CLARA BRANDÃO TESSEROLLI,"RUA JOÃO RIBEIRO LEMOS, 380",NOVO MUNDO,-25.4878567,-49.2879756,41,0,4177,3441,97,133,0,770,30,2,1585,3,2,797,22
176,1252,ESCOLA MUNICIPAL PROFESSORA NAIR DE MACEDO,"RUA FIORAVANTE SLAVIERO, 753",NOVO MUNDO,-25.4904661,-49.3102075,41,0,3481,2863,104,127,0,695,26,1,1324,1,2,576,7
176,1295,ESCOLA MUNICIPAL BELMIRO CESAR,"RUA PADRE MANUEL DA NOBREGA, 327",VILA  FANNY,-25.479689,-49.2710655,39,0,2109,1712,43,83,0,395,20,0,789,0,1,373,8
176,1317,COLÉGIO GRACE,"RUA PEDRO BONAT, 103",NOVO MUNDO,-25.4942151,-49.2936416,41,0,4749,3891,94,90,0,962,46,4,1776,1,2,901,15
176,1333,UNISANTA CRUZ - CAMPUS SEDE,"RUA AFFIFE MANSUR, 565",NOVO MUNDO,-25.495802,-49.3032708,41,0,3431,2838,50,90,0,596,22,0,1361,0,0,711,8
176,1341,CMEI VILA LEÃO,"RUA PRIMO LOURENÇO TOSIN, 21",NOVO MUNDO,-25.4851504,-49.3022762,41,0,1775,1399,48,61,0,382,18,0,630,0,4,245,11
176,1457,COLÉGIO CEC,"RUA PROFESSOR WALDIR DE JESUS, 99",CAPÃO RASO,-25.5059847,-49.2966571,58,0,2640,2168,42,68,0,516,22,1,1003,1,2,496,17
176,1465,COLÉGIO STELLA MARIS XAXIM,"RUA PROFESSOR NARCISO MENDES, 484",XAXIM,-25.5037474,-49.2697099,57,0,3825,3149,59,74,0,612,30,0,1622,1,2,730,19
176,1473,COLÉGIO SENHORA DE FÁTIMA,"RUA GABRIEL FRECCEIRO DE MIRANDA, 1118",XAXIM,-25.5064246,-49.2740041,57,0,5016,4148,110,95,0,886,56,2,1969,2,5,1006,17
176,1481,COLÉGIO ESTADUAL JAYME CANET,"RUA ANA APARECIDA LOPOS CANET, 133",XAXIM,-25.4998938,-49.265887,57,0,7085,5758,144,184,0,1173,72,2,2903,0,3,1249,28
176,1490,COLÉGIO ESTADUAL JOÃO PAULO II,"RUA JOÃO BARBOSA DE ALMEIDA, 545",XAXIM,-25.516242600000002,-49.2696043,57,0,3782,2990,116,120,0,614,22,0,1444,0,4,661,9
176,1503,ESCOLA MUNICIPAL DAVID CARNEIRO,"RUA JOÃO BATISTA ZAGONEL PASSOS, 1197",XAXIM,-25.522987,-49.2669537,57,0,3808,3081,94,127,0,742,40,2,1399,0,3,662,12
176,1511,ESCOLA MUNICIPAL FRANCISCO DEROSSO,"RUA FRANCISCO DEROSSO, 905",XAXIM,-25.4985296,-49.2676587,57,0,2658,2175,71,52,0,441,19,0,1100,0,4,483,5
176,1520,ESCOLA MUNICIPAL UMUARAMA,"RUA FREI TEÓFILO, 730",CAPÃO RASO,-25.5024482,-49.303343,58,0,2868,2350,73,106,0,527,20,1,1073,0,4,535,11
176,1538,ESCOLA MUNICIPAL IVAIPORÃ,"RUA VEREADOR ADEODATO VOLPI, 550",CAPÃO RASO,-25.4958865,-49.2905653,58,0,1739,1450,36,50,0,307,4,1,707,1,0,341,3
176,1546,ESCOLA MUNICIPAL PROFESSOR LEONEL MORO,"RUA JOSÉ OSIRES BAGLIOLI, 408",XAXIM,-25.5178768,-49.2767185,66,0,2019,1665,56,76,0,304,16,0,834,0,0,375,4
176,1562,ESCOLA MUNICIPAL CASTRO,"RUA AYRTON PIZZATTO GUSI, 241",XAXIM,-25.525,-49.2562986,57,0,2027,1649,49,85,0,369,13,0,784,0,1,342,6
176,1570,COLÉGIO SOCIAL MADRE CLELIA,"RUA PROFESSOR WALDIR DE JESUS, 90",CAPÃO RASO,-25.5059072,-49.2967975,58,0,5830,4768,132,160,0,1091,39,4,2218,1,3,1099,21
176,1589,COLÉGIO ESTADUAL NOSSA SENHORA APARECIDA,"RUA JOSÉ OSIRES BAGLIOLI, 150",XAXIM,-25.5170363,-49.2761692,57,0,2359,1832,74,74,0,389,16,0,846,1,2,423,7
176,1597,ESCOLA MUNICIPAL PARANAVAÍ,"RUA PEDRO SIEMENS, 691",XAXIM,-25.512542,-49.2673237,57,0,3856,3164,102,132,0,621,16,1,1564,1,3,710,14
176,1600,COLÉGIO ESTADUAL HOMERO BAPTISTA DE BARROS,"RUA FERNANDES VIEIRA, 17",CAPÃO RASO,-25.4963493,-49.2810464,58,0,4049,3294,81,84,0,713,28,1,1608,1,4,759,15
176,1619,ESCOLA MUNICIPAL JORNALISTA CLAUDIO ABRAMO,"RUA OURO VERDE, 655",CAPÃO RASO,-25.5077183,-49.3019131,58,0,3653,2947,115,125,0,729,25,5,1364,1,2,575,6
176,1627,COLÉGIO ESTADUAL JOÃO MAZZAROTTO,"RUA SANTA REGINA, 664",CAPÃO RASO,-25.502199,-49.2897235,58,0,4324,3414,119,132,0,693,29,1,1588,0,3,830,19
176,1635,COLÉGIO ESTADUAL EMÍLIO DE MENEZES,"RUA JOSÉ ZALESKI, 450",CAPÃO RASO,-25.5014967,-49.3012847,58,0,4344,3536,106,126,0,747,24,1,1744,3,1,774,10
176,1651,COLÉGIO ESTADUAL SÃO PEDRO APÓSTOLO,"RUA PRIMEIRO DE MAIO, 1160",XAXIM,-25.5152439,-49.276152,57,0,5912,4713,176,213,0,1007,30,0,2243,2,6,1027,9
176,1660,COLÉGIO ESTADUAL PROFESSOR NARCISO MENDES,"RUA PROFESSOR NARCISO MENDES, 283",XAXIM,-25.5229724,-49.2666456,57,0,3764,3093,86,98,0,561,22,2,1588,1,2,726,7
176,1678,ESCOLA MUNICIPAL JARDIM EUROPA,"RUA HERMENEGILDO BONAT, 26",XAXIM,-25.5054027,-49.2795408,57,0,2407,2014,78,71,0,354,15,0,1057,1,0,429,9
177,1260,UTFPR - UNIVERSIDADE TECNOLÓGICA DO PARANA,"AVENIDA SETE DE SETEMBRO, 3165 -",REBOUÇAS,-25.4384344,-49.2686689,1,0,4493,3435,76,80,0,1328,43,3,1181,0,2,690,32
177,1279,ESCOLA ESTADUAL LAMENHA LINS,RUA LAMENHA LINS  2185,REBOUÇAS,-25.45492419,-49.26838457,8,0,2048,1602,41,49,0,425,17,2,754,1,0,303,10
177,1287,OPET - ORGANIZACAO PARANAENSE DE ENSINO TECNICO,"AVENIDA GETULIO VARGAS, 902",REBOUÇAS,-25.4437482,-49.2688906,8,0,2792,2225,24,49,0,536,21,2,1051,0,1,530,11
177,1309,ESCOLA ESTADUAL GUAIRA,RUA LAMENHA LINS 1962,REBOUÇAS,-25.4532148,-49.2694271,8,0,1645,1304,34,38,0,353,7,0,640,0,0,224,8
177,1317,UNICURITIBA (CENTRO UNIVERSITÁRIO CURITIBA),"RUA CHILE, 1678",REBOUÇAS,-25.44985803,-49.2650672,8,0,3584,2824,53,79,0,695,30,3,1320,0,2,634,8
177,1333,ESCOLA MUNICIPAL DESEMBARGADOR MARCAL JUSTEN,RUA SANTA CATARINA  710,ÁGUA VERDE,-25.4633357,-49.2830254,9,0,3459,2815,43,61,0,739,20,1,1386,0,2,550,13
177,1341,COLÉGIO STELLA MARIS (AGUA VERDE),"RUA PARÁ, 186",ÁGUA VERDE,-25.4624883,-49.2785666,9,0,1940,1608,33,35,0,424,18,0,739,0,1,350,8
177,1350,ESCOLA ESTADUAL PROFESSOR LYSIMACO FERREIRA DA COSTA,AVENIDA IGUACU    3012,ÁGUA VERDE,-25.4499647,-49.2906823,9,0,5485,4526,55,94,0,858,35,4,2332,1,5,1114,28
177,1368,COLEGIO SAGRADO CORACAO DE JESUS,AVENIDA IGUACU  1550,ÁGUA VERDE,-25.4445345,-49.2770842,9,0,6581,5275,67,81,0,1166,34,3,2650,1,10,1238,25
177,1384,ESCOLA ESTADUAL BARAO DO RIO BRANCO,RUA BRIGADEIRO FRANCO   2532,ÁGUA VERDE,-25.442562,-49.2760247,9,0,2454,1943,34,46,0,478,11,1,933,0,2,431,7
177,1406,COLÉGIO ESTADUAL CÍVICO-MILITAR JOÃO TURIN,"RUA ALMEDA GONÇALVES, 2880 - ÁGUA VERDE, CURITIBA - PR",ÁGUA VERDE,-25.45221683,-49.27891237,9,0,3109,2536,30,45,0,615,23,0,1246,3,5,561,8
177,1430,COLÉGIO POSITIVO (ÁGUA VERDE),"RUA PEDRO MENA BARRETO MONCLARO, 411",ÁGUA VERDE,-25.4498242,-49.2744554,9,0,3656,3024,42,55,0,706,29,3,1460,0,2,714,13
177,1686,CLUBE CURITIBANO (SEDE ADMINISTRATIVA),"RUA PETIT CARNEIRO, 970 (GINÁSIO DE ESPORTES)",ÁGUA VERDE,-25.45185345,-49.28600279,9,0,8081,6408,87,115,0,1485,58,0,2998,2,7,1618,38
177,1740,ESCOLA MUNICIPAL MIGUEL KRUG,"RUA MORRETES, 1115",GUAIRA,-25.4748952,-49.2863403,27,0,1615,1333,31,34,0,308,17,0,655,1,1,280,6
177,1759,COLÉGIO ESTADUAL HILDEBRANDO DE ARAÚJO,"AV PREFEITO OMAR SABBAG, N. 721",JARDIM BOTANICO,-25.4410709,-49.2493226,7,0,3113,2389,63,100,0,607,18,0,1134,0,3,454,10
177,1767,COLÉGIO POSITIVO - JARDIM AMBIENTAL,RUA ITUPAVA 985,ALTO DA RUA XV,-25.42233888,-49.25047789,17,0,3938,3193,56,55,0,914,31,5,1430,1,5,679,17
177,1783,COLEGIO DECISIVO (CENTRO),"RUA COMENDADOR ARAUJO, 327",CENTRO,-25.4356933,-49.2789244,1,0,1803,1337,36,23,0,470,8,0,528,1,1,261,9
177,1791,UFPR -  SETOR DE CIÊNCIAS SOCIAIS APLICADAS,"AVENIDA PREFEITO LOTHÁRIO MEISSNER, 632",JARDIM BOTANICO,-25.4448374,-49.238656400000004,7,0,1959,1499,25,37,0,489,15,0,628,3,1,294,7
177,1805,SOCIEDADE THALIA,R COMENDADOR ARAUJO 338,CENTRO,-25.43584214,-49.27910983,1,0,1547,1264,14,33,0,399,12,2,534,1,1,259,9
177,1821,SENAC - SERVICO NACIONAL DE APRENDIZAGEM COMERCIAL,"RUA ANDRE DE BARROS, 750",CENTRO,-25.43361091,-49.26579573,1,0,2064,1566,44,36,0,524,18,0,609,2,5,315,13
177,1830,INSTITUTO SALESIANO,"RUA SANTA CATARINA,  1805 (GINÁSIO DE ESPORTES)",GUAIRA,-25.4722481,-49.2794471,26,0,1919,1551,57,60,0,342,13,1,723,0,2,345,8
177,1848,ESCOLA ESTADUAL DORACY CEZARINO,RUA EUGENIO PAROLIN  588,PAROLIN,-25.46232048,-49.26336051,25,0,2943,2229,120,131,0,493,19,3,935,1,2,519,6
177,1856,SOCIEDADE BENEFICENTE MORGENAU,"AV SENADOR SOUZA NAVES, N. 945",CRISTO REI,-25.4312921,-49.2484226,6,0,1186,945,9,15,0,188,4,0,489,2,0,235,3
177,1864,COLEGIO BOM JESUS (CENTRO),R 24 DE MAIO   135,CENTRO,-25.438114,-49.2735524,1,0,5696,4195,101,109,0,1415,47,7,1587,1,8,885,35
177,1872,FACULDADE UNINTER (DIVINA PROVIDÊNCIA),"RUA DO ROSÁRIO, 147",CENTRO,-25.42839041,-49.27354896,2,0,386,282,8,15,0,104,2,0,107,0,0,45,1
177,1880,ESCOLA MUNICIPAL BATEL (ESCOLA ESTADUAL DEZENOVE DE DEZEMBRO),RUA DESEMBARGADOR MOTTA  2082,CENTRO,-25.43633419,-49.281815280000004,1,0,2322,1861,31,43,0,606,20,1,791,2,1,357,9
177,1899,COLEGIO BOM JESUS (ÁGUA VERDE),"RUA NESTOR VICTOR, 910",ÁGUA VERDE,-25.457055,-49.2726139,9,0,4620,3789,68,94,0,993,51,0,1731,1,2,833,16
177,1902,FACULDADE DOM BOSCO,AV WENCESLAU BRAZ 1046,GUAIRA,-25.47120614,-49.26562292,26,0,3399,2740,76,107,0,611,29,0,1270,0,4,633,10
177,1910,ESCOLA MUNICIPAL PROFESSORA NANSYR CECATO CAVICHIOLO,"RUA FRANCISCO PAROLIN, 930",PAROLIN,-25.46513491,-49.26386415,25,0,1280,971,60,61,0,254,10,1,339,0,1,240,5
177,1929,COLÉGIO BOM JESUS - NOSSA SENHORA DE LOURDES (CRISTO REI),"RUA FIORAVANTE DALLA STELLA, N. 90",CRISTO REI,-25.43421892,-49.24589375,6,0,6666,5290,88,87,0,1488,43,0,2228,2,9,1314,31
177,1937,FACULDADE DE DIREITO DA UNIVERSIDADE FEDERAL DO PARANÁ,"PRAÇA SANTOS ANDRADE, 50 ",CENTRO,-25.42895783,-49.26734622,1,0,4454,3431,67,68,0,1609,23,8,1048,3,3,570,32
177,1945,SETOR DE CIÊNCIAS HUMANAS DA UNIVERSIDADE FEDERAL DO PARANA,R GENERAL CARNEIRO   460,CENTRO,-25.4265484,-49.261544,1,0,2876,2289,39,55,0,914,23,4,822,1,1,415,15
177,1953,ESCOLA ESTADUAL TIRADENTES (CEAD POLO POTTY LAZAROTTO),R PRESIDENTE FARIA   625,CENTRO,-25.4249211,-49.2688466,1,0,1143,796,20,26,0,281,8,2,321,1,1,127,9
177,1961,COLEGIO SAO JOSE,"PRAÇA RUI BARBOSA, 661",CENTRO,-25.4354122,-49.2748321,1,0,3482,2564,60,59,0,888,21,2,1035,0,5,479,15
177,1970,ESCOLA MUNICIPAL ITACELINA BITTENCOURT,"RUA SAO PAULO, 2055",GUAIRA,-25.4708347,-49.2755958,26,0,3100,2379,86,122,0,512,14,0,1114,1,2,519,9
177,1988,COLEGIO ESTADUAL SANTOS DUMONT,R RIO GRANDE DO SUL 1800,GUAIRA,-25.4737822,-49.279606,26,0,2982,2293,71,74,0,536,27,0,1115,0,2,457,11
177,1996,COLÉGIO ESTADUAL PROFESSOR ELIAS ABRAHÃO,"AV SENADOR SOUZA NAVES, N. 1221",CRISTO REI,-25.43142746,-49.24550214,6,0,2767,2231,40,48,0,599,18,1,1038,2,2,479,4
177,2003,ESCOLA ESTADUAL NOSSA SENHORA DE FÁTIMA,"RUA SUÉCIA, N. 197, PRÓXIMO AO KM 400 DA BR 116",TARUMA,-25.43267035,-49.22852546,19,0,3769,3133,49,73,0,694,36,2,1612,0,5,648,14
177,2011,CURSO POSITIVO (CENTRO),AVENIDA VICENTE MACHADO 317,CENTRO,-25.43441812,-49.27971958,1,0,1773,1303,31,27,0,399,10,1,535,1,3,286,10
177,2020,INSTITUTO DE EDUCACAO PROFESSOR ERASMO PILOTTO,R EMILIANO PERNETA 92,CENTRO,-25.4332657,-49.2739261,1,0,2721,2028,56,66,0,712,18,1,821,0,2,343,9
177,2038,FUNPAR - FUNDAÇÃO DA UNIVERSIDADE FEDERAL DO PARANÁ,"RUA JOÃO NEGRÃO, 280",CENTRO,-25.43174761,-49.26598739,1,0,756,514,12,16,0,185,4,1,190,1,0,101,4
177,2046,PONTIFICIA UNIVERSIDADE CATOLICA DO PARANÁ (PUC/PR),R IMACULADA CONCEICAO  1155,PRADO VELHO,-25.4503845,-49.252038400000004,24,0,6188,4729,162,231,0,1514,34,8,1723,2,5,1026,24
177,2054,COLÉGIO DECISIVO DO CRISTO REI - SUBSEDE I,"RUA DO HERVAL, N. 801",CRISTO REI,-25.43260986,-49.24869757,6,0,5476,4472,74,104,0,1236,51,4,1933,2,1,1049,18
177,2062,COLÉGIO ESTADUAL PAULO LEMINSKI,"AV CORONEL AUGUSTO DE ALMEIDA GARRET, N. 135, PRÓXIMO AO DETRAN",TARUMA,-25.42874167,-49.21117571,19,0,2791,2244,51,67,0,529,23,0,1049,0,1,517,7
177,2070,COLEGIO ESTADUAL DO PARANA,AV JOAO GUALBERTO   250,CENTRO,-25.42413641,-49.26681627,1,0,5010,3854,70,76,0,1824,53,4,1212,1,6,575,33
177,2127,LAR DOS IDOSOS - RECANTO DO TARUMÃ,"RUA KONRAD ADENAUER, 576",TARUMA,-25.425063,-49.214813,19,0,126,100,0,3,0,20,1,0,38,0,0,37,1
177,2186,HOSPITAL OSWALDO CRUZ,"RUA AMINTAS DE BARROS, 816",ALTO DA RUA XV,-25.425187,-49.258813,5,0,223,186,5,1,0,80,3,0,60,0,0,32,5
177,2194,ESCOLA MUNICIPAL SÃO LUIZ,RUA SILVEIRA PEIXOTO,ÁGUA VERDE,-25.452813,-49.281688,9,0,2560,2057,37,36,0,549,17,1,943,1,2,467,4
177,2208,SOCIEDADE RECREATIVA INTERNACIONAL DA AGUA VERDE,"AVENIDA REPÚBLICA ARGENTINA, 235",ÁGUA VERDE,-25.448687,-49.287312,9,0,1572,1235,28,23,0,296,15,1,594,0,0,272,6
178,1201,COLÉGIO IMACULADA CONCEIÇÃO,AVENIDA MANOEL RIBAS  6318,SANTA FELICIDADE,-25.40225054,-49.33119197,63,0,6638,5557,102,125,0,1011,36,0,2687,2,1,1572,21
178,1210,COLÉGIO ESTADUAL ÂNGELO VOLPATO,RUA JOAO VALLE 23,SANTA FELICIDADE,-25.39754455,-49.3188192,63,0,3784,3075,105,135,0,663,29,0,1316,0,6,811,10
178,1228,COLÉGIO ESTADUAL PROFESSOR FRANCISCO ZARDO,AVENIDA MANOEL RIBAS 7149,SANTA FELICIDADE,-25.39928334,-49.33899085,63,0,3948,3184,76,98,0,593,34,5,1527,1,1,839,10
178,1236,COLÉGIO ESTADUAL SANTA FELICIDADE,"RUA BORTOLO PAULIN, 227",SANTA FELICIDADE,-25.40656738,-49.33910441,63,0,2767,2271,44,67,0,461,21,1,1061,0,1,606,9
178,1244,ESCOLA MUNICIPAL FOZ DO IGUACU,"RUA JOAO REFFO, 1304",SANTA FELICIDADE,-25.38094566,-49.33416337,63,0,3730,3070,96,128,0,621,29,0,1417,2,1,762,14
178,1295,COLÉGIO ESTADUAL PINHEIRO DO PARANÁ,"RUA DANIEL CESARIO PEREIRA,  559",SANTA FELICIDADE,-25.38617612,-49.33281159,63,0,1983,1604,46,59,0,327,18,0,721,0,1,421,11
178,1309,ESCOLA MUNICIPAL PROFESSORA SÔNIA MARIA COIMBRA KENSKI,RUA WANDA WOLFF1186 -CJ MONTE VERDE,SANTA FELICIDADE,-25.37554193,-49.32739078,63,0,1496,1241,34,39,0,291,16,1,523,0,1,332,4
178,1635,ESCOLA BAMBINATA,RUA BASSAMO DE GRAPPA 625,SANTA FELICIDADE,-25.39796666,-49.32185856,63,0,1958,1621,32,38,0,342,24,0,738,1,0,437,9
178,1643,ESCOLA MUNICIPAL DOS VINHEDOS,"RUA ZEM BERTAPELLE, 284",SANTA FELICIDADE,-25.398119,-49.33097145,63,0,1966,1611,35,58,0,398,19,1,700,1,2,390,7
178,1651,ESCOLA MUNICIPAL VEREADOR JOÃO STIVAL,"RUA JOÃO BUDEL, 163",BUTIATUVINHA,-25.39075404,-49.35511008,61,0,2536,2038,102,71,0,398,24,0,874,1,4,560,4
178,1880,COLÉGIO ESTADUAL JÚLIA WANDERLEY,AVENIDA VICENTE MACHADO  1643,BATEL,-25.43941328,-49.29194456,10,0,5977,4761,82,88,0,929,28,3,2382,1,2,1238,8
178,1899,FACULDADE EVANGÉLICA MACKENZIE DO PARANÁ,RUA PADRE ANCHIETA 2770,BIGORRILHO,-25.43550089,-49.30593985,11,0,2751,2225,30,43,0,509,17,1,1089,0,4,523,9
178,1902,ESCOLA MUNICIPAL PARANAGUÁ,RUA PROFESSOR ANGELO ANTONIO DALLEGRAVE  12,SANTO INÁCIO,-25.42821452,-49.34379584,46,0,2503,2039,50,94,0,390,15,2,944,0,3,536,5
178,1910,COLÉGIO SION,ALAMEDA PRESIDENTE TAUNAY 260,BATEL,-25.43685949,-49.28380799,10,0,3945,3199,40,47,0,692,36,1,1501,0,5,863,14
178,1929,UNIVERSIDADE TUIUTI DO PARANÁ (CAMPUS BARIGUI),"RUA SYDNEI ANTONIO RANGEL SANTOS, 238",SANTO INÁCIO,-25.42381878,-49.32118872,46,0,11935,9394,166,201,0,1981,92,4,4498,1,4,2410,37
178,1937,COLÉGIO ESTADUAL SÃO BRAZ,AVENIDA VEREADOR TOALDO TULIO    2880,SÃO BRAZ,-25.41580134,-49.35108909,60,0,1982,1554,35,50,0,336,22,1,694,1,0,409,6
178,1945,ESCOLA MUNICIPAL CAMPO MOURÃO,"RUA ACYR SANTOS, 14",VILA IZABEL,-25.45964751,-49.29871097,28,0,1940,1600,35,43,0,439,13,0,714,0,0,347,9
178,1961,COLÉGIO ESTADUAL PADRE SILVESTRE KANDORA,RUA PROFESSORA MARIA HELENE KRUZIELSKI BREDOW   26,SÃO BRAZ,-25.41994,-49.34681,60,0,3915,3126,110,113,0,645,34,2,1450,1,1,759,11
178,1970,COLÉGIO ESTADUAL PROFESSOR OLAVO DEL CLARO,"RUA CLARA FILLA, 282",SÃO BRAZ,-25.41558785,-49.360865,60,0,2620,2061,70,85,0,416,18,1,985,1,1,482,2
178,1988,COLÉGIO MARISTA PARANAENSE,AVENIDA BISPO DOM JOSE 2674,SEMINÁRIO,-25.44774704,-49.29800343,29,0,5919,4813,58,82,0,975,39,1,2366,4,7,1270,11
178,1996,ESCOLA ESTADUAL RIO BRANCO,AVENIDA BISPO DOM JOSE  2426,SEMINÁRIO,-25.44569602,-49.29567788,29,0,2336,1901,35,31,0,373,11,1,921,0,3,521,5
178,2011,ESCOLA MUNICIPAL CEI PEDRO DALLABONA,RUA VIRGINIA DALLABONA 456,ORLEANS,-25.42959876,-49.35636351,59,0,2569,2123,46,73,0,494,20,0,944,1,2,536,7
178,2020,ESCOLA MUNICIPAL CEI RAOUL WALLENBERG,"RUA HERMENEGILDO LUCA, CJ FERNAO DIAS   2400",BUTIATUVINHA,-25.41090145,-49.36156648,61,0,1611,1322,45,56,0,263,15,0,617,0,0,322,4
178,2046,ESCOLA ESTADUAL HELENA DIONYSIO,RUA FRANCISCO JUGLAIR  4,MOSSUNGUE,-25.43836651,-49.33311346,45,0,1968,1603,37,33,0,282,10,0,828,0,2,410,1
178,2054,ESCOLA ESTADUAL DOM ORIONE ( ANTIGA ESC. EST.  NILSON BATISTA RIBAS),RUA JAIME VEIGA 472,SEMINÁRIO,-25.45221468,-49.31073093,29,0,1187,951,14,22,0,191,11,1,465,0,2,241,4
178,2062,FACULDADE PARANAENSE - FAPAR,"ALAMEDA DOM PEDRO II, 432",BATEL,-25.43922778,-49.28512521,10,0,2172,1694,32,29,0,366,19,0,816,0,3,420,9
178,2070,ESCOLA MUNICIPAL CEI PROFESSOR JÚLIO MOREIRA,RUA ALEXANDRE MARKOSKI   190,SÃO BRAZ,-25.41806,-49.34294,60,0,3050,2474,85,137,0,569,17,3,1123,1,7,530,2
178,2089,COLÉGIO BOM JESUS - SEMINÁRIO (ANTIGO NOVO ATENEU),AVENIDA NOSSA SENHORA APARECIDA 1468,SEMINÁRIO,-25.4480747,-49.31204396,29,0,1988,1583,25,26,0,343,21,1,786,0,4,374,3
178,2097,PARÓQUIA SANTA ISABEL,"RUA ULISSES VIEIRA, 621",VILA IZABEL,-25.46100622,-49.2964001,27,0,3064,2555,40,78,0,640,18,1,1168,0,1,602,7
178,2100,INSTITUTO PARANAENSE DOS CEGOS,AVENIDA VISCONDE DE GUARAPUAVA   4186,BATEL,-25.44170735,-49.28140817,10,0,2045,1599,23,26,0,299,11,0,844,0,3,389,4
178,2119,ESCOLA SANTA TERESINHA DO MENINO JESUS,AVENIDA SETE DE SETEMBRO   4926,BATEL,-25.44512313,-49.28660319,10,0,4951,3900,45,54,0,588,20,0,2158,0,5,1023,7
178,2127,COLÉGIO POSITIVO,RUA ALFERES ANGELO SAMPAIO     2300,BIGORRILHO,-25.43455709,-49.2888659,11,0,6122,4908,65,71,0,955,44,2,2500,1,7,1250,13
178,2135,ESCOLA MUNICIPAL WALTER HOERNER,"RUA DOMINGOS IMBRONIZIO, 129",MOSSUNGUE,-25.43502751,-49.32480872,45,0,2383,1928,40,45,0,313,14,0,1000,2,1,508,5
178,2143,ESCOLA MUNICIPAL ESPECIALIZADA ALI BARK,RUA VICENTE PONTAROLLA 91,SEMINÁRIO,-25.44433518,-49.31249941,29,0,1430,1191,16,35,0,268,13,0,558,0,1,293,7
178,2160,ESCOLA MUNICIPAL MONSENHOR BOLESLAU FALARZ,"RUA LUIZ HOMANN, 290",SÃO BRAZ,-25.42133679,-49.3558478,60,0,1913,1510,49,70,0,302,15,0,693,0,0,375,6
178,2186,ESCOLA MUNICIPAL PRESIDENTE PEDROSA,"RUA BORORÓS, 1279",PORTÃO,-25.4657763,-49.29495159,27,0,2663,2194,26,50,0,498,19,0,1095,0,2,494,10
178,2194,ESCOLA ESTADUAL SANTO ANTÔNIO,"RUA AMADEU PIOTTO, 37",CIDADE INDUSTRIAL,-25.43370564,-49.35487243,75,0,3647,2944,131,143,0,670,18,0,1247,0,1,719,15
178,2216,COLÉGIO ESTADUAL GABRIELA MISTRAL,RUA TABAJARAS   840,PORTÃO,-25.46259013,-49.29834698,27,0,3130,2517,41,66,0,601,16,3,1233,0,8,540,9
178,2232,ESCOLA ESTADUAL DE EDUCAÇÃO ESPECIAL LUCY REQUIÃO MELLO E SILVA,"AV MANOEL RIBAS, 7119",SANTA FELICIDADE,-25.39944844,-49.33850539,63,0,3519,2842,97,95,0,589,26,1,1270,1,1,748,14
178,2240,PARÓQUIA N. SENHORA DA CONCEIÇÃO (PARÓQUIA BUTIATUVINHA),RUA PADRE ARTURO SEPPI 51,BUTIATUVINHA,-25.39639015,-49.34831945,61,0,1970,1641,34,50,0,276,14,0,836,2,1,422,6
178,2259,CURSO E COLÉGIO ACESSO,"AVENIDA VEREADOR TOALDO TULIO, 1930",SANTA FELICIDADE,-25.41019,-49.34594,60,0,3571,2865,52,83,0,642,34,1,1296,0,4,736,17
178,2267,COLÉGIO ESTADUAL PARA SURDOS ALCINDO FANAYA JUNIOR,RUA VITAL BRASIL 447,VILA IZABEL,-25.46344924,-49.29683114,27,0,1579,1296,28,35,0,451,15,1,458,0,2,295,11
178,2283,PARÓQUIA SÃO JOSÉ TRABALHADOR,"RUA MAJOR HEITOR GUIMARÃES, 1526",CAMPINA DO SIQUEIRA,-25.43936383,-49.31012054,30,0,1182,980,19,16,0,305,9,2,356,0,1,267,5
178,2291,UFPR - DEPARTAMENTO DE MÚSICAS E ARTES (BATEL),"RUA CORONEL DULCIDIO, 638",BATEL,-25.43908512,-49.28321948,10,0,1084,869,13,16,0,380,13,2,261,0,0,180,4
178,2305,ESCOLA SEB - DOM BOSCO - UNIDADE BATEL,"AVENIDA VISCONDE DE GUARAPUAVA, 5581",BATEL,-25.44714115,-49.29395586,10,0,1503,1179,21,15,0,288,13,2,529,0,3,299,9
178,2321,COLÉGIO ARQUIDIOCESANO DE CURITIBA,"RUA MONSENHOR BOLESLAU FALARZ, 200",CIDADE INDUSTRIAL,-25.432812,-49.357063,75,0,4535,3757,73,109,0,770,30,1,1786,3,4,961,20
178,2356,PARÓQUIA SÃO GRATO,"RUA GRÃ NICCO, 545",MOSSUNGUE,-25.43561629,-49.33278771,45,0,376,352,5,2,0,70,9,1,188,0,2,75,0
178,2364,UTFPR - UNIVERSIDADE TÉCNOLÓGICA FEDERAL DO PARANÁ,"RUA DEPUTADO HEITOR ALENCAR FURTADO, 5000",BIGORRILHO,-25.44350361,-49.35339345,75,0,5255,4199,163,192,0,919,37,1,1828,2,1,1041,15
