NR_ZONA,NR_LOCAL_VOTACAO,NM_LOCAL_VOTACAO,DS_LOCAL_VOTACAO_ENDERECO,NM_BAIRRO,NR_LATITUDE,NR_LONGITUDE,ID_BAIRRO,FL_TRANSITO,QT_ELEITORES,QT_VOTOS_TOTAL,QT_VOTOS_BRANCOS,QT_VOTOS_NULOS,QT_VOTOS_ANULADOS,CAND_35,CAND_55
1,1244,COLEGIO ESTADUAL ANGELO TREVISAN,R CARLOS RAZERA   445,VISTA ALEGRE,-25.41149479,-49.29358008,31,0,5008,3539,83,132,0,1339,1985
1,1252,ESCOLA ESTADUAL DONA CAROLA,R SOLIMOES  290,SÃO FRANCISCO,-25.41958047,-49.27991765,2,0,1662,1186,18,48,0,514,606
1,1260,ESCOLA MUNICIPAL MIRAZINHA BRAGA,R CORONEL JOAO GUILHERME GUIMARAES 1500,BOM RETIRO,-25.40885668,-49.28136751,13,0,2125,1571,42,62,0,589,878
1,1279,ESCOLA MUNICIPAL NYMPHA MARIA DA ROCHA PEPLOW,R BATISTA PESSINE  933,VISTA ALEGRE,-25.41214346,-49.30378369,31,0,1501,1098,35,33,0,432,598
1,1317,COLÉGIO ADVENTISTA BOM RETIRO (PARTICULAR),R LYSIMACO FERREIRA DA COSTA 980,BOM RETIRO,-25.41612053,-49.27517221,13,0,3893,2669,57,139,0,965,1508
1,1325,COLÉGIO CATÓLICA DE CURITIBA,NILO PECANHA  1635,BOM RETIRO,-25.406049,-49.2759618,13,0,4700,3350,65,132,0,1311,1842
1,1422,COLEGIO ESTADUAL BENTO MUNHOZ DA ROCHA NETO,R ELVIRA B POLAK  67,PILARZINHO,-25.39678581,-49.28933367,32,0,3917,2651,67,109,0,998,1477
1,1430,ESCOLA MUNICIPAL HERLEY MEHL,RUA SATURNINO ARRUDA DOS SANTOS 80,PILARZINHO,-25.38869683,-49.28458932,32,0,4699,3378,96,158,0,1278,1846
1,1457,ESCOLA ESTADUAL PROFESSORA MARIA HELOISA CASSELI,RUA CATHARINA POTINA DE MAURO 80,PILARZINHO,-25.39274258,-49.30096661,32,0,2135,1504,43,58,0,617,786
1,1465,ESCOLA MUNICIPAL PILARZINHO,R JORNALISTA GERALDO RUSSE  275,PILARZINHO,-25.38910219,-49.29454348,32,0,2382,1576,67,88,0,553,868
1,1716,ESCOLA MUNICIPAL ANA HELLA,RUA JOSE HELLA  93,VISTA ALEGRE,-25.39926059,-49.29778979,31,0,1774,1326,31,44,0,545,706
1,1732,ESCOLA MUNICIPAL CEI PROFESSOR LAURO ESMANHOTO,RUA AFFONSO BARONI  175,PILARZINHO,-25.38022836,-49.29552678,32,0,2143,1559,47,85,0,561,866
1,1740,COLEGIO VICENTINO SAO JOSE (PARTICULAR),R PADRE JOSE JOAQUIM GORAL  182,ABRANCHES,-25.3823401,-49.27253978,50,0,3181,2448,65,109,0,880,1394
1,1759,PAROQUIA SANTANA DE ABRANCHES,RUA VITORIO JOAO BRUNOR 688,ABRANCHES,-25.38173497,-49.27189896,50,0,1594,1149,21,55,0,440,633
1,1767,COLEGIO ESTADUAL PROFESSOR LOUREIRO FERNANDES,R MARECHAL MALLET    540,AHÚ,-25.40759083,-49.2607406,14,0,4304,3174,63,128,0,1191,1792
1,1775,ESCOLA ESTADUAL ALINE PICHETH,R EURIPEDES GARCEZ DO NASCIMENTO    921,AHÚ,-25.40413701,-49.26540599,14,0,3121,2244,38,92,0,931,1183
1,1830,ESCOLA MUNICIPAL PROFESSOR BRANDAO,AV JOAO GUALBERTO  953,ALTO DA GLÓRIA,-25.41836088,-49.26361423,4,0,4460,3080,72,120,0,1126,1762
1,1848,COLEGIO ESTADUAL SANTA GEMMA GALGANI,R ASSIS BRASIL    983,ABRANCHES,-25.37190675,-49.26778731,50,0,3290,2378,79,93,0,906,1300
1,1856,COLEGIO ESTADUAL GELVIRA CORREA PACHECO,R CARMELINA CAVASSIN  385,BARREIRINHA,-25.36678148,-49.26462534,52,0,5159,3788,122,176,0,1402,2088
1,1864,ESCOLA MUNICIPAL JULIA AMARAL DI LENNA,RUA JOAO MACHADO DE CAMARGO 25,BARREIRINHA,-25.3767799,-49.25781793,52,0,5005,3623,116,169,0,1427,1911
1,1872,ESCOLA ESTADUAL MARIA PEREIRA MARTINS,AV ANITA GARIBALDI  5340,BARREIRINHA,-25.36693686,-49.25984971,52,0,3107,2227,65,89,0,875,1198
1,1910,ESCOLA MUNICIPAL CEI ROMARIO MARTINS,"R DAVID BODZIAK, 828",CACHOEIRA,-25.35283297,-49.25518343,51,0,3731,2584,104,101,0,991,1388
1,1929,CLUBE CURITIBANO SEDE CONCORDIA,"PRESIDENTE CARLOS CAVALCANTI,  815",SÃO FRANCISCO,-25.4256255,-49.27282461,2,0,2274,1502,48,79,0,479,896
1,1937,FUNDACAO DE ESTUDOS SOCIAIS DO PARANA - FESP,R GENERAL CARNEIRO   216,ALTO DA GLÓRIA,-25.42511006,-49.26323943,1,0,2029,1383,19,57,0,530,777
1,1945,ESCOLA MUNICIPAL  DUILIO CALDERARI,RUA JOSE SPERANCETTA   66,SÃO LOURENÇO,-25.38660019,-49.26212578,33,0,2434,1785,43,74,0,726,942
1,1953,ESCOLA ESTADUAL ERNANI VIDAL,R MATEUS LEME  3291,SÃO LOURENÇO,-25.39837175,-49.27155922,33,0,2662,1908,54,67,0,720,1067
1,1961,COLEGIO MARTINUS (PARTICULAR),"RUA PRESIDENTE CARLOS CAVALCANTI, 999",SÃO FRANCISCO,-25.42515703,-49.27490012,2,0,2205,1524,51,72,0,542,859
1,1970,COLEGIO ESTADUAL SEBASTIAO SAPORSKI,RUA MARIA DE LOURDES MICKOSZ 350,TABOÃO,-25.37499232,-49.27813341,49,0,1350,944,26,38,0,318,562
1,1988,COLEGIO INTEGRAL (PARTICULAR),"RUA ALBERTO FOLLONI, 220",JUVEVÊ,-25.41347846,-49.26359958,15,0,2552,1889,37,63,0,687,1102
1,1996,COLEGIO BOM JESUS DIVINA PROVIDENCIA (PARTICULAR),LEONIDAS VICENTE DE CASTRO 81,AHÚ,-25.40153844,-49.26761273,14,0,4867,3564,77,117,0,1379,1991
1,2020,ESCOLA MUNICIPAL CEI ULYSSES SILVEIRA GUIMARAES,"RUA PEDRO DE SIQUEIRA CORTES, 323",ABRANCHES,-25.36413711,-49.2749189,50,0,1118,784,25,39,0,308,412
1,2038,ESCOLA MUNICIPAL CEI PROFESSOR  JOSE WANDERLEY DIAS,"RUA DOS IPES, 122",BARREIRINHA,-25.37475477,-49.25295774,52,0,2112,1597,37,74,0,628,858
1,2232,COLEGIO MARISTA SANTA MARIA (PARTICULAR),"RUA PROFESSOR JOAQUIM DE MATTOS BARRETO, 98",SÃO LOURENÇO,-25.38985747,-49.26867258,33,0,3972,2866,63,121,0,915,1767
1,2240,FACULDADE INSPIRAR,"RUA JOÃO TSCHANNERL, 880",PILARZINHO,-25.4046383,-49.2891437,31,0,1974,1458,39,64,0,558,797
1,2259,ESCOLA MUNICIPAL TANIRA REGINA SCHMIDT,"RUA VICTOR KOTOVIS, 162",ABRANCHES,-25.35568909,-49.27415003,50,0,2076,1497,58,84,0,568,787
1,2330,CURSO DE COMUNICACÃO SOCIAL DA UFPR,R BOM JESUS     650,JUVEVÊ,-25.41376315,-49.25244683,15,0,3136,2340,43,100,0,818,1379
1,2348,COLEGIO POSITIVO JUNIOR,R MARCELINO CHAMPAGNAT  733,MERCÊS,-25.4289114,-49.29418016,12,0,4299,3173,42,70,0,1280,1781
1,2356,COLEGIO DOM BOSCO,RUA PAULO MARTINS  314,MERCÊS,-25.41777304,-49.2964639,12,0,2524,1783,28,61,0,673,1021
1,2364,COLEGIO ESTADUAL SENADOR MANOEL ALENCAR GUIMARAES,AV CANDIDO HARTMANN  1650,MERCÊS,-25.42513962,-49.30041889,12,0,2113,1513,37,50,0,617,809
1,2372,SETOR DE CIENCIAS AGRARIAS,R DOS FUNCIONARIOS 1540,JUVEVÊ,-25.41013795,-49.24888101,16,0,4165,3027,53,146,0,1131,1697
1,2380,ASSOCIAÇÃO EDUCATIVA STELLA MARIS,R ROCHA POMBO 792,JUVEVÊ,-25.41258457,-49.26139874,15,0,5558,4040,81,129,0,1506,2324
1,2399,CENTRO REDENTORISTA SANTO AFONSO,"R UBALDINO DO AMARAL, 204",ALTO DA RUA XV,-25.4231795,-49.2606732,4,0,3129,2167,48,94,0,818,1207
1,2402,ESCOLA MADRE ANATOLIA,RUA MARTIN AFONSO  575,MERCÊS,-25.42779906,-49.28285509,12,0,1770,1255,30,40,0,441,744
1,2410,COLEGIO ESTADUAL PROFESSOR GUIDO STRAUBE,R JACAREZINHO   1680,MERCÊS,-25.41535155,-49.2898898,12,0,2398,1680,38,82,0,616,944
1,2429,ESCOLA ESTADUAL PROFESSOR CLETO,RUA VISCONDE DE NACAR   544,MERCÊS,-25.42753994,-49.28036107,2,0,1625,1068,24,45,0,398,601
1,2437,ESCOLA VICENTINA NOSSA SENHORA DAS MERCES,"AV MANOEL RIBAS, 1154",MERCÊS,-25.42279077,-49.29029039,12,0,2404,1760,49,57,0,670,984
1,2445,HOSPITAL DE CLÍNICAS,"RUA GENERAL CARNEIRO, 181",ALTO DA GLÓRIA,-25.4248837,-49.2620917,4,0,220,138,3,5,0,34,96
2,1112,ESCOLA MUNICIPAL ANISIO TEIXEIRA,R JOAO BATISTA SCUCATO 80 CJTO HABITACIONAL N ESPERANCA,ATUBA,-25.38417494,-49.20112808,55,0,3568,2443,69,76,0,888,1410
2,1120,COLEGIO ESTADUAL LEONCIO CORREIA,R COSTA RICA   223,BACACHERI,-25.40139684,-49.24463919,35,0,9062,6188,136,269,0,2548,3235
2,1139,ESCOLA MUNICIPAL ENY CALDEIRA,R GUILHERME IHLENFELDT   51,BACACHERI,-25.38872635,-49.2259122,35,0,5553,4009,101,162,0,1789,1957
2,1147,ESCOLA MUNICIPAL JAGUARIAIVA,"RUA JOSÉ MAZEPA, 51",BACACHERI,-25.39634862,-49.21722528,35,0,2963,2169,43,83,0,940,1103
2,1155,FACULDADE DE ARTES DO PARANÁ,RUA DOS FUNCIONÁRIOS 1357,CABRAL,-25.41250163,-49.24707089,16,0,2648,1868,41,64,0,701,1062
2,1163,SOCIEDADE BENEFICENTE DUQUE DE CAXIAS,R COSTA RICA  1173,BACACHERI,-25.39714944,-49.23766519,35,0,5092,3776,66,142,0,1710,1858
2,1180,COLÉGIO MADALENA SOFIA,"R SANTA MADALENA SOFIA BARAT, 809",BAIRRO ALTO,-25.41267305,-49.21529014,36,0,7272,5096,133,203,0,2077,2683
2,1198,ESCOLA MUNICIPAL ARAUCARIA,R RIO IRIRI  355,BAIRRO ALTO,-25.40380732,-49.20740499,36,0,3135,2222,79,99,0,944,1100
2,1201,ESCOLA DUNAMYS ENSINO FUNDAMENTAL (PARTICULAR),"RUA RIO IRIRI, 1125",BAIRRO ALTO,-25.40095963,-49.20114794,36,0,4805,3378,113,150,0,1357,1758
2,1279,COLEGIO NOSSA SENHORA DO ROSARIO,R EDUARDO GERONASSO  1266,BACACHERI,-25.39100582,-49.23496776,35,0,5043,3798,103,142,0,1528,2025
2,1295,ESCOLA MUNICIPAL CARAMURU,TRAV RODOLPHO ROSENAU 157,CABRAL,-25.39787701,-49.25545294,16,0,1538,1102,26,47,0,401,628
2,1384,COLÉGIO ESTILLO,"RUA DOUTOR LUIZ FERNANDO VAN DER BROOCKE, 174",BACACHERI,-25.41306796,-49.23204247,18,0,3872,2795,60,100,0,1223,1412
2,1414,ESCOLA ESTADUAL NOSSA SENHORA DA SALETE (ANTIGO COLÉGIO AMANCIO MORO),AVENIDA WASHINGTON LUIZ  620,JARDIM SOCIAL,-25.41980079,-49.23009,18,0,5611,4076,87,157,0,1763,2069
2,1449,ESCOLA MUNICIPAL AUGUSTO CESAR SANDINO,R MOBRAL  413,SANTA CANDIDA,-25.36401272,-49.23234376,53,0,3483,2343,80,102,0,938,1223
2,1457,ESCOLA MUNICIPAL RAUL GELBECK,RUA ODACIR SCHILIPAK 359,SANTA CANDIDA,-25.37337604,-49.2416653,53,0,3220,2209,67,103,0,888,1151
2,1465,ESCOLA ESTADUAL SANTA CANDIDA,RUA THEODORO MAKIOLKA  155,SANTA CANDIDA,-25.37399365,-49.22445673,53,0,7632,5318,167,239,0,2150,2762
2,1503,COLEGIO ESTADUAL CECILIA MEIRELES,RUA PEDRO ELOY DE SOUZA  1700,BAIRRO ALTO,-25.42496838,-49.20393852,36,0,9150,6208,198,289,0,2622,3099
2,1511,ESCOLA ESTADUAL DONA BRANCA DO NASCIMENTO MIRANDA,R JORGE BONN 460 VILA TINGUI,TINGUI,-25.39210065,-49.21984325,54,0,3923,2823,67,116,0,1189,1451
2,1520,ESCOLA ESTADUAL MARIA MONTESSORI,R GUILHERME IHLENFELDT 980  VILA TINGUI,TINGUI,-25.38377993,-49.22941911,54,0,5160,3611,89,151,0,1541,1830
2,1538,SALAO DA IGREJA DE SANTA CANDIDA,RUA PADRE JOAO WILINSKI 755,SANTA CANDIDA,-25.37399302,-49.22427552,53,0,3989,2807,68,133,0,1121,1485
2,1546,GRUPO DE ESCOTEIROS SAO LUIZ DE GONZAGA,RUA OSORIO DUQUE ESTRADA 560,JARDIM SOCIAL,-25.4155791,-49.23394586,18,0,1191,873,17,28,0,371,457
2,1570,CEI CURITIBA ANO 300,RUA JORNALISTA ALCEU CHICHORRO 180,BAIRRO ALTO,-25.41441618,-49.20623962,36,0,2649,1810,61,102,0,718,929
2,1589,ESCOLA MUNICIPAL ERASMO PILOTTO,RUA RIO JAPURA 648,ATUBA,-25.39452913,-49.20346469,55,0,4432,3171,83,124,0,1327,1637
2,1791,ESCOLA MUNICIPAL SANTA AGUEDA,"RUA JOSE ANTONIO LEPREVOST, 496",SANTA CANDIDA,-25.37673384,-49.23127177,53,0,2751,1973,59,87,0,814,1013
2,1805,COLÉGIO PASSIONISTA N. S. MENINA,"RUA BOM JESUS, 881 - A",CABRAL,-25.41481835,-49.25088176,16,0,4338,3091,61,100,0,1117,1813
2,1880,ESCOLA ESTADUAL CRUZEIRO DO SUL,RUA BUDA 8,SANTA CANDIDA,-25.36718325,-49.21023656,53,0,2897,1967,80,74,0,750,1063
2,1899,COLEGIO ESTADUAL PROFESSOR ALGACYR MUNHOZ MAEDER,"RUA SEBASTIAO ALVES FERREIRA, 1164",BAIRRO ALTO,-25.40423001,-49.206835,36,0,7439,5077,154,248,0,2085,2590
2,1988,COLEGIO ESTADUAL  ERMELINO DE LEAO,AV NOSSA SENHORA DE NAZARE  900,BOA VISTA,-25.39208318,-49.24743269,34,0,5949,4065,102,156,0,1638,2169
2,1996,ESCOLA MUNICIPAL PROFESSOR RICARDO KRIEGER,"RUA MARIA GERONASSO DO ROSARIO, 346",BOA VISTA,-25.38429345,-49.23731129,34,0,2233,1630,42,82,0,657,849
2,2003,COLEGIO ESTADUAL PAPA JOAO PAULO I,R MARIA GERONASSO DO ROSARIO  259,BOA VISTA,-25.3842462,-49.23793332,34,0,4227,2856,76,137,0,1098,1545
2,2011,COLEGIO ESTADUAL ANGELO GUSSO,"RUA JULIO PEDROSO DE MORAIS, 10",BOA VISTA,-25.3884335,-49.25934738,34,0,3582,2464,76,119,0,963,1306
2,2020,COLEGIO POSITIVO BOA VISTA,"RUA CARLOS DE CAMPOS, 1090",BOA VISTA,-25.39211877,-49.24270216,34,0,7146,5217,123,206,0,2060,2828
2,2038,COLÉGIO ADVENTISTA UNIDADE BOA VISTA,"RUA FERNANDO DE NORONHA, 470",SANTA CANDIDA,-25.3815724,-49.23564726,53,0,3078,1949,73,86,0,645,1145
2,2054,ESCOLA INTERATIVA,RUA JOSÉ ANTÔNIO LEPREVOST. 331,SANTA CANDIDA,-25.377812,-49.230313,53,0,238,199,13,7,0,60,119
2,2062,ESCOLA MUNICIPAL KO YAMAWAKI,"RUA EPAMINONDAS SANTOS, 2816",BAIRRO ALTO,-25.419938,-49.200563,36,0,278,216,11,13,0,87,105
2,2070,ESCOLA MUNICIPAL THEODORO DE BONA,"ESTRADA DAS OLARIAS, 1081",SANTA CANDIDA,-25.374112,-49.213234,53,0,117,93,3,7,0,36,47
3,1023,ESCOLA ESTADUAL REPÚBLICA ORIENTAL DO URUGUAI,"AV PRES. AFFONSO CAMARGO, N. 3407, CAPAO DA IMBUIA",CAPAO DA IMBUIA,-25.4404556,-49.2289774,20,0,4369,3128,75,120,0,1235,1698
3,1058,ESCOLA MUNICIPAL IRATI,"AV JORN ADERBAL GAERTNER STRESSER, N. 775, CONJUNTO MERCÚRIO",CAJURU,-25.4702853,-49.2024938,21,0,4722,3445,127,127,0,1430,1761
3,1066,ESCOLA MUNICIPAL AYRTON SENNA DA SILVA,"RUA ANTÔNIO MOREIRA LOPES, N. 1301, JARDIM ACRÓPOLE",CAJURU,-25.4709948,-49.1920684,21,0,4348,3019,117,137,0,1210,1555
3,1074,COLEGIO ESTADUAL MÁXIMO ATÍLIO ASINELLI,"RUA JÚLIO WISCHRAL, N. 650, UBERABA DE CIMA",UBERABA,-25.4744266,-49.2233534,37,0,3086,2127,63,76,0,891,1097
3,1082,ESCOLA MUNICIPAL MARUMBI,"RUA FRANCISCO LICNERSKI, 50,  PRÓXIMO À SANEPAR DA BR 277",UBERABA,-25.4795245,-49.2027126,37,0,3828,2766,97,113,0,1182,1374
3,1090,ESCOLA MUNICIPAL CORONEL DURIVAL BRITTO E SILVA,"RUA EMÍLIO BERTOLINI, N. 44, VILAS OFICINAS",CAJURU,-25.4481352,-49.2158304,21,0,4162,2951,102,151,0,1110,1588
3,1104,ESCOLA MUNICIPAL PREFEITO LINNEU FERREIRA DO AMARAL,"RUA RORAIMA, N. 1570, VILAS OFICINAS",CAJURU,-25.4525528,-49.2082456,21,0,5119,3595,111,160,0,1429,1895
3,1112,COLÉGIO ESTADUAL NATÁLIA REGINATO,"RUA GOIÂNIA,  679, VILAS OFICINAS",CAJURU,-25.4548352,-49.2202622,21,0,2348,1649,54,62,0,723,810
3,1120,ESCOLA ESTADUAL PROFESSOR NILO BRANDÃO,"AV JORN. ADERBAL GAERTNER STRESSER, 748",CAJURU,-25.4709655,-49.2042646,21,0,4822,3352,91,152,0,1383,1726
3,1139,ESCOLA ESTADUAL DEPUTADO OLÍVIO BELICH,"RUA ENGENHEIRO COSTA BARROS, N. 1600, VILA CAMARGO",CAJURU,-25.4599911,-49.2118333,21,0,5917,3975,118,138,0,1691,2028
3,1147,ESCOLA MUNICIPAL PREFEITO OMAR SABBAG,"RUA PEDRO BOCCHINO, N. 140, VILAS OFICINAS",CAJURU,-25.450722,-49.2181567,21,0,7993,5378,155,226,0,2104,2893
3,1155,ESCOLA ESTADUAL SANTA ROSA,"RUA AMÍLTON PORTUGAL PEREIRA, 515, SOLITUDE",CAJURU,-25.4759929,-49.1948777,21,0,3887,2523,97,109,0,1084,1233
3,1163,COLÉGIO ESTADUAL SENHORINHA DE MORAES SARMENTO,"RUA CATULO DA PAIXÃO CEARENSE, N. 1000, CENTENÁRIO",CAJURU,-25.4645076,-49.2046715,21,0,9586,6330,224,265,0,2425,3416
3,1198,ESCOLA MUNICIPAL PROFESSOR ENÉAS MARQUES DOS SANTOS,"RUA OSMÁRIO DE LIMA, N. 100",CAPAO DA IMBUIA,-25.433934,-49.2188575,20,0,3944,2770,86,104,0,1086,1494
3,1201,ESCOLA MUNICIPAL C.E.I. EVA DA SILVA,"RUA FREDERICO STADLER JÚNIOR, N. 1670",CAPAO DA IMBUIA,-25.4412945,-49.2052541,20,0,5238,3667,106,141,0,1558,1862
3,1210,COLÉGIO ESTADUAL PROFESSORA MARIA AGUIAR TEIXEIRA,"AV PRESIDENTE AFFONSO CAMARGO, N. 3463",CAPAO DA IMBUIA,-25.4395174,-49.2278613,20,0,6851,4484,134,184,0,1790,2376
3,1228,ESCOLA MUNICIPAL GUILHERME LACERDA BRAGA SOBRINHO,"RUA SIMÃO BRANTE, N. 1735",UBERABA,-25.4920289,-49.223117,37,0,1979,1412,42,52,0,585,733
3,1465,COLÉGIO ESTADUAL ALFREDO PARODI,"RUA ESPIRIDIÃO KALLUF, 125, JARDIM CENTAURO",UBERABA,-25.4939276,-49.2099997,37,0,5845,3752,122,154,0,1545,1931
3,1473,COLÉGIO ESTADUAL CONSELHEIRO CARRÃO,"RUA DOUTOR SIMÃO KOSSUBUDSKI, N. 165",UBERABA,-25.4970931,-49.2180592,37,0,4733,3125,142,122,0,1313,1548
3,1481,ESCOLA MUNICIPAL DONA LULA,"RUA ELIAS MOYSES SCHELELA, N. 570",UBERABA,-25.4860754,-49.2263022,37,0,2149,1497,42,66,0,652,737
3,1490,ESCOLA MUNICIPAL PROFESSORA DONATILA CARON DOS ANJOS,"RUA ALVORADA, N. 460, CANAL BELEM",UBERABA,-25.4785787,-49.2395903,37,0,2285,1582,55,71,0,675,781
3,1503,ESCOLA MUNICIPAL C.E.I. ISSA NACLI,"RUA CAPITÃO LEÔNIDAS MARQUES, N. 2147, UBERABA DE CIMA",UBERABA,-25.4820981,-49.2133185,37,0,5553,3973,103,151,0,1688,2031
3,1511,ESCOLA MUNICIPAL PROFESSOR JOÃO  MACEDO FILHO,"RUA ULISSES JOSÉ RIBEIRO, N. 410",UBERABA,-25.4719677,-49.2274428,37,0,2424,1758,45,77,0,844,792
3,1546,ESCOLA ESTADUAL SÃO PAULO APÓSTOLO,"RUA CORONEL JOSÉ CARVALHO DE OLIVEIRA, N. 1275",UBERABA,-25.4817072,-49.2271629,37,0,6169,4356,138,214,0,1861,2143
3,1562,CRECHE MUNICIPAL TRINDADE,"RUA DA TRINDADE, N. 368, VILA TRINDADE",CAJURU,-25.4467777,-49.2055083,21,0,2175,1463,58,67,0,594,744
3,1589,ESCOLA MUNICIPAL ELZA LERNER,"RUA LUIZ FRANÇA, 2873, VILA CAMARGO",CAJURU,-25.4619114,-49.2150122,21,0,4367,3186,101,144,0,1303,1638
3,1597,ESCOLA MUNICIPAL C.E.I.  RITTA ANNA DE CÁSSIA,"RUA FORTALEZA, N. 1343, VILA CAMARGO",CAJURU,-25.458176,-49.2046387,21,0,3378,2368,98,98,0,925,1247
3,1600,ESCOLA BANDEIRANTES,"RUA CUIABÁ, N. 1284, VILAS OFICINAS",CAJURU,-25.4546388,-49.2098731,21,0,3035,2194,63,86,0,851,1194
3,1643,COLÉGIO ESTADUAL ANÍBAL KHURY NETO,"RUA AVELINO MONTOVANI, N. 430",UBERABA,-25.4852021,-49.2037322,37,0,4564,2900,149,126,0,1123,1502
3,2054,ESCOLA MUNICIPAL MICHEL KHURY,"RUA ADHMAR VIEIRA DE ARAÚJO, N. 457",UBERABA,-25.4893901,-49.2022535,37,0,2735,1883,80,86,0,733,984
3,2062,ESCOLA MUNICIPAL RACHEL MADER GONÇALVES,"RUA GUSTAVO BARROZO GONÇALVES, 26",UBERABA,-25.4868275,-49.2003096,37,0,1660,1112,66,42,0,434,570
3,2070,ESCOLA MUNICIPAL PROFESSORA MARIA DE LOURDES LAMAS PEGORARO,"RUA JOÃO ALVES DE ARAÚJO, N. 273, SOLITUDE",CAJURU,-25.4751088,-49.1960493,21,0,1595,1129,39,46,0,487,557
3,2089,ESCOLA MUNICIPAL PROFESSORA MARIA MARLI PIOVEZAN,"RUA VELCY BOLÍVAR GRANDÓ, 105",UBERABA,-25.4953612,-49.2081413,37,0,2891,1902,77,67,0,764,994
3,2178,PARÓQUIA SÃO PAULO APÓSTOLO,"RUA PADRE JULIO SAAVEDRA, 170",UBERABA,-25.4765343,-49.2293418,37,0,3716,2731,66,114,0,1201,1350
3,2186,ESCOLA MUNICIPAL SENADOR ENEAS FARIA,"RUA MILENA BLEY RIBEIRO BONFIM, 48",CAJURU,-25.454437,-49.196813,21,0,86,67,8,5,0,15,39
4,1104,ESCOLA MUNICIPAL SIDONIO MURALHA,"RUA LUDOVICO KAMINSKI, 3460 - CJ CAIUA",CIDADE INDUSTRIAL,-25.4853905,-49.3502324,75,0,4830,3431,116,173,0,1407,1735
4,1392,COLEGIO ESTADUAL PAULA GOMES,RUA CURUPIS  903,SANTA QUITERIA,-25.459764,-49.3074766,43,0,6918,4990,120,228,0,2103,2539
4,1414,CENTRO MUNICIPAL DE EDUCAÇÃO INFANTIL NICE BRAGA,"RUA BOCAIUVA,  351",SANTA QUITERIA,-25.4630033,-49.304932,43,0,3959,2849,72,117,0,1149,1511
4,1430,COLEGIO (PARTICULAR) PADRE JOAO BAGOZZI,"RUA CALIXTO RAZZOLINI, 14",PORTÃO,-25.4755597,-49.2947683,27,0,6869,4677,113,189,0,1747,2628
4,1449,COLEGIO ESTADUAL PEDRO MACEDO,"AVENIDA REPUBLICA ARGENTINA,   2376",PORTÃO,-25.4675379,-49.29327,27,0,7901,5386,134,209,0,2039,3004
4,1457,ESCOLA MUNICIPAL PAPA JOAO XXIII,"RUA ITACOLOMI,  700 - VILA LEAO",PORTÃO,-25.4793874,-49.2993917,27,0,4993,3546,81,172,0,1491,1802
4,1490,ESCOLA ESTADUAL MARECHAL CANDIDO RONDON,"RUA RICARDO NEGRAO FILHO, 287",PORTÃO,-25.47445,-49.3110344,27,0,3801,2721,61,115,0,1181,1364
4,1503,ESCOLA MUNICIPAL PROFESSOR FRANCISCO KLENTZ,"RUA FRANCISCO TISSOT, 119 - VILA ROSINHA",PORTÃO,-25.4724158,-49.3159873,27,0,2645,1924,63,95,0,824,942
4,1554,ESCOLA MUNICIPAL SAO MIGUEL,"RUA RAUL ZANON, 175 - SANTA HELENA",CIDADE INDUSTRIAL,-25.479553,-49.3367299,75,0,5580,3874,132,186,0,1489,2067
4,1562,ESCOLA MUNICIPAL PROFESSORA MARIA DO CARMO MARTINS,"RUA JOAO DEMBINSKI, 1377",CIDADE INDUSTRIAL,-25.4603265,-49.3450213,75,0,4869,3518,104,179,0,1390,1845
4,1570,ESCOLA MUNICIPAL HEITOR ALENCAR FURTADO,"RUA ROBERT REDZINSKI,  150",CIDADE INDUSTRIAL,-25.4572599,-49.3494379,75,0,3898,2797,92,135,0,1127,1443
4,1589,ESCOLA MUNICIPAL JARDIM SANTOS ANDRADE,"RUA LUIZ ZILLI, 405",CAMPO COMPRIDO,-25.4565079,-49.3259374,44,0,2780,1924,59,73,0,710,1082
4,1597,FUNDACAO DE AÇÃO SOCIAL DO CAMPO COMPRIDO - FAS (MUNICIPAL),"RUA EDUARDO SPRADA, 4520",CIDADE INDUSTRIAL,-25.4468243,-49.3486726,75,0,2818,2025,52,81,0,798,1094
4,1600,ESCOLA MUNICIPAL MORADIAS DO RIBEIRAO,"RUA JOAO DEMBINSKI, 3030",CIDADE INDUSTRIAL,-25.4746405,-49.3394871,75,0,3453,2474,79,120,0,989,1286
4,1619,ESCOLA ESTADUAL JOSE FRESSATO,"RUA NOVA LONDRINA, 30",AUGUSTA,-25.4572049,-49.3775575,68,0,1863,1275,47,47,0,555,626
4,1627,CEI - CENTRO DE EDUCAÇÃO INFANTIL OLIVIO SOARES SABOIA (MUNICIPAL),"R JOAO ALEXANDRE KOPP, 505",CIDADE INDUSTRIAL,-25.4805601,-49.3475155,75,0,3332,2341,88,116,0,910,1227
4,1643,COLÉGIO ESTADUAL PROFESSORA HILDEGARD SONDAHL - EFM,"RUA JOAQUIM DE SIQUEIRA CORTES, 62",CIDADE INDUSTRIAL,-25.4871391,-49.3529339,75,0,3103,2150,75,101,0,864,1110
4,1651,ESCOLA ESTADUAL MONSENHOR IVO ZANLORENZI,"R EDUARDO SPRADA, 4114",CAMPO COMPRIDO,-25.4448298,-49.3454058,44,0,4728,3283,90,131,0,1348,1714
4,1694,ESCOLA MUNICIPAL PROFESSOR ULISSES FALCAO VIEIRA,"RUA EDUARDO SPRADA,  5062",CIDADE INDUSTRIAL,-25.4495891,-49.3524682,75,0,4072,2870,87,135,0,1156,1492
4,1708,COLEGIO ESTADUAL TEOTONIO VILELA,"RUA ROBERT REDZIMSKI, 1000",CIDADE INDUSTRIAL,-25.4573312,-49.3490455,75,0,5841,3992,133,215,0,1523,2121
4,1716,COLEGIO (PARTICULAR) MARTINUS PORTÃO,"RUA ARTHUR MOHR,144",PORTÃO,-25.4728121,-49.2993114,27,0,2383,1704,40,43,0,659,962
4,1724,COLEGIO ESTADUAL PROTASIO DE CARVALHO,"RUA CIDADE GAUCHA, 120",CIDADE INDUSTRIAL,-25.4736887,-49.3471497,75,0,5643,3877,111,172,0,1558,2036
4,1740,ASPP - ASSOCIACAO DOS SERVIDORES PUBLICOS DO PARANA,"RUA PROFESSOR ULISSES VIEIRA, 2303",SANTA QUITERIA,-25.4634484,-49.3119603,43,0,6909,4860,120,206,0,1961,2573
4,1937,ESCOLA MUNICIPAL LINA MARIA MOREIRA,"RUA LUIZ RONALDO CANALLI, 3280",CAMPO COMPRIDO,-25.4617942,-49.3340344,44,0,2009,1418,44,59,0,558,757
4,1945,UNIVERSIDADE POSITIVO,"RUA PROFESSOR PEDRO VIRIATO PARIGOT DE SOUZA, 5300",CIDADE INDUSTRIAL,-25.4463624,-49.3587731,75,0,6284,4299,98,134,0,1714,2353
4,1953,ESCOLA MUNICIPAL PRESIDENTE TANCREDO DE ALMEIDA NEVES,"RUA DESEMBARGADOR CID CAMPELO, 7588",CIDADE INDUSTRIAL,-25.4844458,-49.3384813,75,0,1344,946,31,44,0,363,508
4,1961,FACULDADE PADRE JOÃO BAGOZZI (PARTICULAR),"RUA CAETANO MARCHESINI, 952",PORTÃO,-25.4767386,-49.3024191,27,0,6805,4827,97,195,0,2019,2516
4,1970,ESCOLA MUNICIPAL COLONIA AUGUSTA,"RUA STANISLAU FELIBRANTE, 80",AUGUSTA,-25.4785772,-49.359235,68,0,1085,785,21,22,0,302,440
4,1988,ESCOLA MUNICIPAL PADRE JOÃO CRUCIANI,"RUA JOSÉ GONÇALVES JUNIOR, 259",CAMPO COMPRIDO,-25.466621,-49.3272552,44,0,1222,878,26,34,0,369,449
4,1996,COLÉGIO EFETIVO (PARTICULAR),"RUA JOÃO ALENCAR GUIMARÃES, 2883",CAMPO COMPRIDO,-25.4614147,-49.3250429,44,0,1612,1087,37,53,0,436,561
4,2100,ESCOLA MUNICIPAL GRACILIANO RAMOS,RUA ALCIR MARTINS BASTOS 560,FAZENDINHA,-25.4871426,-49.3265397,42,0,3515,2551,80,111,0,1019,1341
4,2119,REDE MARISTA DE SOLIDARIEDADE,"RUA RAUL POMPEIA, 188",CIDADE INDUSTRIAL,-25.477421,-49.3331403,75,0,1562,1099,31,47,0,449,572
4,2127,ESCOLA MUNICIPAL NOVA ESPERANCA,"RUA HENRIQUE MATTIOLI, 410",FAZENDINHA,-25.4836905,-49.3312954,42,0,2111,1550,36,69,0,669,776
4,2135,CMEI SANTA AMÉLIA,"RUA FERNANDO DE SOUZA COSTA, 375",FAZENDINHA,-25.4857635,-49.3253689,42,0,1232,785,25,49,0,316,395
4,2143,PARÓQUIA SANTA AMÉLIA - PAVILHÃO PAROQUIAL,"AVENIDA ALCIR MARTINS BASTOS, 510",FAZENDINHA,-25.4866489,-49.3257172,42,0,1663,1158,32,60,0,404,662
4,2151,CEI - PROFESSOR ADRIANO GUSTAVO CARLOS ROBINE,"RUA VEREADOR ELIAS KARAM, 480",FAZENDINHA,-25.4803666,-49.3313832,42,0,2231,1518,44,70,0,611,793
4,2160,COLEGIO ESTADUAL AVELINO ANTONIO VIEIRA,RUA JULIO MESQUITA 12,FAZENDINHA,-25.4868003,-49.3271029,42,0,5074,3559,115,159,0,1505,1780
4,2178,CENTRO MUNICIPAL DE EDUCAÇÃO INFANTIL FAZENDINHA,"RUA ELOI MICHELETI, 09",FAZENDINHA,-25.4795952,-49.327815,42,0,394,215,11,16,0,68,120
4,2186,ESCOLA MUNICIPAL PADRE JOSE DE ANCHIETA,R DANIEL MIKOVSKI  191,FAZENDINHA,-25.4805751,-49.321605,42,0,2537,1890,46,67,0,744,1033
145,1503,ESCOLA MUNICIPAL PAULO ROGERIO GUIMARAES ESMANHOTO,"RUA PEROLA DO OESTE, 285",SITIO CERCADO,-25.5529209,-49.2752112,65,0,1408,996,19,39,0,388,550
145,1511,1511- ESCOLA MUNICIPAL BAIRRO NOVO CAIC-145ªZE - CURITIBA,"RUA PASTOR WALDOMIRO BILESKI, 71, SÍTIO CERCADO ",SITIO CERCADO,-25.542853,-49.2616204,65,0,5951,4048,134,164,0,1619,2131
145,1520,COLEGIO ESTADUAL LA SALLE,"RUA DILERMANDO PEREIRA DE ALMEIDA, 120",PINHEIRINHO,-25.5322471,-49.2917691,66,0,7003,4733,182,226,0,1736,2589
145,1538,1538 - CEI FRANCISCO FRISCHMANN - 145ºZE-CURITIBA,"RUA PAULO ENGEL, 89 - PINHEIRINHO",PINHEIRINHO,-25.5268642,-49.2692436,66,0,6169,4035,117,145,0,1605,2168
145,1546,1546 - ESCOLA MUNICIPAL MARINGA - 145ªZE - CURITIBA,"RUA BRASÍLIO PERY MOREIRA, 17  PINHEIRINHO",PINHEIRINHO,-25.5347082,-49.2965879,66,0,2598,1909,68,88,0,745,1008
145,1554,ESCOLA MUNICIPAL PROFESSORA JURANDYR BAGGIO MOCKELL,"RUA BRIGADEIRO EDUARDO GOMES, 270",PINHEIRINHO,-25.5195685,-49.286039,66,0,2712,1885,61,81,0,738,1005
145,1562,1562 - ESCOLA MUNICIPAL PIRATINI,"RUA JOÃO MALTA DE ALBUQUERQUE MARANHÃO, 104  PINHEIRINHO ",PINHEIRINHO,-25.5233215,-49.2871834,66,0,3733,2629,89,113,0,983,1444
145,1570,COLÉGIO ESTADUAL PROFESSORA ISABEL LOPES SANTOS SOUZA,"RUA ROSA TORTATO, 400 - PINHEIRINHO",PINHEIRINHO,-25.5315413,-49.2883132,66,0,2848,2049,58,81,0,858,1052
145,1589,ESCOLA MUNICIPAL DE EDUCAÇÃO ESPECIAL TOMAZ EDISON ANDRADE VIEIRA,"RUA LEON NÍCOLAS, S/N, CAPÃO RASO",PINHEIRINHO,-25.5187688,-49.2995953,66,0,5167,3493,105,143,0,1401,1844
145,1597,ESCOLA MUNICIPAL SAO MATEUS DO SUL,"RUA ORESTES CODEGA, 165",PINHEIRINHO,-25.5251334,-49.2978496,66,0,2246,1671,46,59,0,707,859
145,1600,1600 - ESCOLA MUNICIPAL COLOMBO - 145ªZE - CURITIBA,"RUA IZAAC FERREIRA DA CRUZ, 2591, SÍTIO CERCADO ",SITIO CERCADO,-25.5375491,-49.277844,65,0,2997,2143,67,95,0,855,1126
145,1619,1619 - COLEGIO ESTADUAL HASDRUBAL BELLEGARD - 145ª ZE - CURITIBA,"RUA IZZAC FERREIRA DA CRUZ, 3009, SÍTIO CERCADO ",SITIO CERCADO,-25.5365001,-49.2738479,65,0,6120,3939,151,171,0,1485,2132
145,1627,1627 - CEI PROFESSOR JOSE CAVALLIN - 145ª ZE - CURITIBA,"RUA CALIFÓRNIA, 954  SÍTIO CERCADO ",SITIO CERCADO,-25.5445088,-49.2760737,65,0,2624,1773,70,87,0,668,948
145,1635,ESCOLA MUNICIPAL PROFESSOR PEDRO VIRIATO PARIGOT DE SOUZA,"R PROF. DELMINDA SANTOS FERNANDES, 80",SITIO CERCADO,-25.5291857,-49.2694545,65,0,4286,3020,88,176,0,1140,1616
145,1643,ESCOLA MUNICIPAL PROFESSORA AUGUSTA GLUCK RIBAS,"RUA IZAAC FERREIRA DA CRUZ, 3560",SITIO CERCADO,-25.5348789,-49.2685903,65,0,3202,2203,63,101,0,879,1160
145,1651,1651 - ESCOLA MUNICIPAL RIO NEGRO - 145ªZE - CURITIBA,"RUA CELESTE TORTATO GABARDO, 1090  SÍTIO CERCADO",SITIO CERCADO,-25.5446357,-49.2835902,65,0,4305,2981,104,165,0,1162,1550
145,1686,COLEGIO ESTADUAL PADRE CLAUDIO MORELLI,"RUA LUIZ NICHELLE, 08",UMBARA,-25.5688566,-49.2856729,73,0,5671,4145,113,129,0,1564,2339
145,1694,COLEGIO ESTADUAL SAO SEBASTIAO,"RUA NICOLA PELANDA, 8125",UMBARA,-25.5924573,-49.276508,73,0,2382,1781,43,40,0,622,1076
145,1783,1783 - CEI CARLOS DRUMMOND DE ANDRADE - 145ºZE - CURITIBA,RUA JANDAIA DO SUL 50,SITIO CERCADO,-25.554897,-49.2532565,65,0,3705,2595,100,133,0,974,1388
145,1791,ESCOLA MUNICIPAL PROFESSORA REJANE MARIA SILVEIRA SACHETTE,"RUA NOVA AURORA, 1000",SITIO CERCADO,-25.5491428,-49.2707366,65,0,2893,2064,74,103,0,773,1114
145,1805,1805 - ESCOLA MUNICIPAL SADY SOUSA - 145 ZE - CURITIBA,"RUA CORONEL VICTOR AGNER KENDRICK, 440  SÍTIO CERCADO ",SITIO CERCADO,-25.5338354,-49.2616557,65,0,4333,3203,94,133,0,1255,1721
145,1813,1813 - COLEGIO ESTADUAL BENEDICTO JOAO CORDEIRO - 145 ª ZE - CURITIBA,"RUA EURICO ZYTKIEVITZ, 143  SÍTIO CERCADO ",SITIO CERCADO,-25.5416367,-49.2732583,65,0,7030,4713,157,238,0,1843,2475
145,1821,COLEGIO ESTADUAL LUIZ CARLOS PAULA E SOUZA,"RUA ALBERTO SABIM, 300",UMBARA,-25.5576492,-49.2804141,73,0,4135,2756,128,118,0,1020,1490
145,1848,COLEGIO ESTADUAL PROFESSOR TEOBALDO LEONARDO KLETEMBERG,"RUA MARIO GASPARIN, 950",SITIO CERCADO,-25.543921,-49.2527113,65,0,4230,2886,134,117,0,1116,1519
145,1864,CEI JOSE LAMARTINE CORREA DE OLIVEIRA LYRA,"RUA CAROLINA DOS ANJOS, 94",PINHEIRINHO,-25.5195641,-49.3060256,66,0,2362,1744,66,61,0,666,951
145,1872,1872 - COLEGIO ESTADUAL PROFESSORA IARA BERGMANN - 145ª ZE - CURITIBA,"RUA REINALDO DE CARVALHO-BOLA, 101  GANCHINHO",SITIO CERCADO,-25.5537272,-49.2468355,72,0,3485,2330,109,93,0,876,1252
145,1880,ESCOLA MUNICIPAL PROFESSORA MIRACY RODRIGUES DE ARAUJO,"RUA JOSE BASSA, 1175",SITIO CERCADO,-25.5443705,-49.2569843,65,0,3537,2557,80,104,0,984,1389
145,1899,COLEGIO ESTADUAL PROFESSORA ETELVINA CORDEIRO RIBAS,"RUA MIGUEL RAICOSKI SOBRINHO, S/N",PINHEIRINHO,-25.5274088,-49.2748708,66,0,3105,2092,67,108,0,807,1110
145,1910,1910 - ESCOLA MADRE TERESA DE CALCUTA - 145ªZE - CURITIBA,"RUA DES. VATEL GONÇALVES PEREIRA, 60, SÍTIO CERCADO",SITIO CERCADO,-25.5371606,-49.2547186,65,0,2927,2170,76,96,0,867,1131
145,1929,1929 - ESCOLA MUNICIPAL VEREADORA LAIS PERETTI - 145ªZE - CURITIBA,"RUA IZABEL RAKSA VOLUZ, 271, PINHEIRINHO ",PINHEIRINHO,-25.5301372,-49.2825444,66,0,1306,966,28,51,0,353,534
145,1937,1937 - ESCOLA MUNICIPAL PAULO FREIRE - 145ª ZE - CURITIBA,"RUA OLÍVIO DOMINGOS LEONARDI, 162, SÍTIO CERCADO",SITIO CERCADO,-25.5468182,-49.2678822,65,0,3018,2158,62,101,0,823,1172
145,1945,1945-COLEGIO NOSSA SENHORA DO SAGRADO CORAÇÃO - 145ªZE-CURITIBA,"RUA NICOLA PELLANDA, 699  PINHEIRINHO",PINHEIRINHO,-25.5347404,-49.2955186,66,0,2385,1752,62,74,0,733,883
145,2178,2178 - COLEGIO ESTADUAL FLAVIO FERREIRA DA LUZ - 145ª ZE - CURITIBA,"RUA JOÃO CISLINSKI, 51  SÍTIO CERCADO ",SITIO CERCADO,-25.5450566,-49.2714817,65,0,4153,2676,96,113,0,1020,1447
145,2186,2186-COLEGIO ESTADUAL INEZ VICENTE BOROCZ - 145ªZE - CURITIBA,"RUA IGNEZ DE LOURDES GOMES DE MACEDO, 331, SÍTIO CERCADO",SITIO CERCADO,-25.5378538,-49.2557731,65,0,3348,2243,100,114,0,843,1186
145,2194,2194 - COLEGIO ENERGIA ATIVA - PARTICULAR - 145ª ZE - CURITIBA,"RUA IZAAC FERREIRA DA CRUZ, 1905  SÍTIO CERCADO",SITIO CERCADO,-25.5356877,-49.2831471,65,0,3013,2034,69,90,0,766,1109
145,2232,2232 - ESCOLA MUNICIPAL DONA LULU - 145ºZE-CURITIBA,"RUA MILTON MIRAMIR VISINONI, 45, SÍTIO CERCADO ",SITIO CERCADO,-25.5401505,-49.2514302,65,0,2357,1654,64,55,0,647,888
145,2240,2240-COLEGIO ESTADUAL PROFESSOR GUIDO ARZUA - 145ªZE - CURITIBA,"RUA MANDIRITUBA, 2100, SÍTIO CERCADO",SITIO CERCADO,-25.5504333,-49.2688383,65,0,3044,1979,73,85,0,770,1051
145,2259,ESCOLA MUNICIPAL PROFESSORA NATHÁLIA DE CONTO COSTA,"RUA EDUARDO PINTO DA ROCHA, 6077 - UMBARÁ",UMBARA,-25.5662152,-49.2792871,73,0,1515,1127,35,43,0,446,603
145,2267,ESCOLA MUNICIPAL HERACLITO FONTOURA SOBRAL PINTO,"RUA LUCIO DE OLIVEIRA LARA, 75",SITIO CERCADO,-25.5576684,-49.2570936,65,0,2009,1354,40,51,0,555,708
145,2283,2283 - COLEGIO NOVO EDEN - 145ª ZE - CURITIBA,"RUA MANDIRITUBA, 1327  SÍTIO CERCADO ",SITIO CERCADO,-25.5449858,-49.2725324,65,0,2471,1679,61,77,0,662,879
145,2291,GRUPO EDUCACIONAL UNINTER - POLO SITIO CERCADO,"RUA URAÍ, 78",SITIO CERCADO,-25.5414692,-49.2806062,65,0,209,139,4,6,0,65,64
145,2372,2372 - FACULDADE FACEAR - CAMPUS SÍTIO CERCADO - 145ª ZE - CURITIBA,"RUA MERCÚRIO, 463",SITIO CERCADO,-25.5322306,-49.2666216,65,0,431,247,14,19,0,90,124
174,1015,COLÉGIO ESTADUAL GOTTLIEB MUELLER,R BOM JESUS DE IGUAPE   3333,BOQUEIRAO,-25.4931765,-49.23855342,56,0,2128,1470,60,53,0,654,703
174,1023,ESCOLA  MUNICIPAL LAPA,"R DIOGO MUGGIATTI, 1292",BOQUEIRAO,-25.51030383,-49.22836824,56,0,3015,2175,69,101,0,923,1082
174,1031,COLÉGIO ESTADUAL PROFESSORA LUIZA ROSS,"R MAESTRO CARLOS FRANK, 616",BOQUEIRAO,-25.51516795,-49.22468714,56,0,4477,3014,105,117,0,1241,1551
174,1040,ESCOLA MUNICIPAL PROFESSOR GERMANO PARCIORNIK,"R JOAQUIM CARDOSO DA SILVEIRA, 187",BOQUEIRAO,-25.50711665,-49.22149682,56,0,2746,1927,68,96,0,753,1010
174,1058,ESCOLA MUNICIPAL NOSSA SENHORA DO CARMO,"RUA CARLOS DE LAET, 4130",BOQUEIRAO,-25.49853799,-49.23509445,56,0,1499,1052,28,39,0,496,489
174,1066,COLEGIO PROFESSOR VICTOR DO AMARAL,RUA BOM JESUS DE IGUAPE 4065,BOQUEIRAO,-25.50012449,-49.23541702,56,0,4758,3085,101,135,0,1377,1472
174,1074,ESCOLA MUNICIPAL WENCESLAU BRAZ,"RUA O BRASIL PARA CRISTO, 2090",BOQUEIRAO,-25.50244164,-49.22734221,56,0,2293,1615,55,99,0,664,797
174,1082,COLÉGIO NOSSA SENHORA DA ASSUNCAO,"RUA DR. ALCIDES VIEIRA ARCOVERDE, 620",GUABIROTUBA,-25.46312671,-49.24638064,23,0,2280,1312,21,48,0,654,589
174,1090,COLÉGIO ESTADUAL PAULINA PACIFICO BORSARI,"RUA DR. JOAQUIM SILVEIRA DA MOTTA, 484",GUABIROTUBA,-25.46364051,-49.2378046,23,0,2217,1583,39,77,0,663,804
174,1104,COLÉGIO ESTADUAL ISOLDA SCHMID,"R ANNE FRANK, 1553",HAUER,-25.48001889,-49.24633477,38,0,4483,3101,81,109,0,1302,1609
174,1112,COLEGIO ESTADUAL PROFESSOR JOSE GUIMARAES,"R PRESIDENTE PADUA FLEURY, 418",HAUER,-25.47561361,-49.24799542,38,0,3207,2210,72,91,0,1016,1031
174,1120,CEI ERICO VERISSIMO,"RUA CAMPINA DA LAGOA, 418",ALTO BOQUEIRAO,-25.53183902,-49.25529178,64,0,4718,3058,104,126,0,1289,1539
174,1139,ESCOLA MUNICIPAL PROFESSOR FRANCISCO HUBERT,"RUA FRANCISCO DEROSSO, 5249",ALTO BOQUEIRAO,-25.5295587,-49.2461667,64,0,5850,3986,155,194,0,1713,1924
174,1147,CEI MAESTRO BENTO MOSSURUNGA,"RUA CAPITAO ROBERTO LOPES QUINTAS, 198",ALTO BOQUEIRAO,-25.5373066,-49.2383558,64,0,1950,1297,50,56,0,525,666
174,1155,COLÉGIO ESTADUAL LUCIA BASTOS,"RUA CAPITAO AMERICO WALGER, 12",ALTO BOQUEIRAO,-25.5357616,-49.2392688,64,0,4088,2844,91,170,0,1227,1356
174,1163,COLEGIO ESTADUAL ROBERTO LANGER JUNIOR,"RUA ALBINO FREDERICO FOERSTER, 04",ALTO BOQUEIRAO,-25.5297172,-49.2410386,64,0,5546,3736,148,171,0,1610,1807
174,1171,COLEGIO ERASTO GAERTNER,RUA PASTOR DAVID KOOP 189,BOQUEIRAO,-25.50825662,-49.2522369,56,0,4967,3642,61,111,0,1610,1860
174,1180,COLÉGIO ESTADUAL EUZEBIO DA MOTTA,"RUA CLARA TEDESCO,  2773",BOQUEIRAO,-25.50352479,-49.25317914,56,0,4590,3251,90,102,0,1415,1644
174,1198,COLEGIO ADVENTISTA DO BOQUEIRAO,"RUA PROF CLETO DA SILVA, 2260",BOQUEIRAO,-25.48858184,-49.24568631,56,0,4342,2937,73,102,0,1269,1493
174,1201,ESCOLA MUNICIPAL LEONOR CASTELLANO,"RUA MAESTRO CARLOS FRANK, 2114",BOQUEIRAO,-25.52077021,-49.23829486,56,0,3947,2892,79,121,0,1238,1454
174,1210,ESCOLA MUNICIPAL NIVALDO BRAGA,"RUA PROF JOAO SOARES BARCELOS,  3400",BOQUEIRAO,-25.50255976,-49.24400182,56,0,3318,2420,80,77,0,1086,1177
174,1228,COLÉGIO ESTADUAL POLIVALENTE DE CURITIBA,RUA SALVADOR DE FERRANTE  1664,BOQUEIRAO,-25.49837793,-49.24227928,56,0,3438,2434,67,101,0,1033,1233
174,1236,ESCOLA MUNICIPAL ROLANDIA,RUA DESEMBARGADOR ANTONIO DE PAULA 3451,BOQUEIRAO,-25.51723371,-49.24944531,56,0,3897,2824,60,153,0,1195,1416
174,1244,CEI PROFESSORA TEREZA MATSUMOTO,"RUA CHANCELER OSWALDO ARANHA, 965",HAUER,-25.49197,-49.26165168,56,0,2506,1822,40,78,0,753,951
174,1252,CEEP CENTRO ESTADUAL DE EDUCAÇÃO PROFISSIONAL DE CURITIBA,R FREDERICO MAURER  3015,BOQUEIRAO,-25.49531434,-49.24259471,56,0,3274,2279,53,84,0,938,1204
174,1260,ESCOLA MUNICIPAL PROF CARMEN SALOMAO TEIXEIRA,RUA PEDRINA ACCORDES COSTA  200,GANCHINHO,-25.57234339,-49.25933741,72,0,1820,1062,40,29,0,399,594
174,1279,ESCOLA SEBASTIAO PARANA,"RUA MAJOR FABRICIANO REGO BARROS, 1152",HAUER,-25.47596049,-49.25611279,38,0,1460,1099,21,41,0,528,509
174,1287,COLEGIO ESTADUAL SEGISMUNDO FALARZ,"RUA ISAIAS REGIS DE MIRANDA, 848",HAUER,-25.48042572,-49.253726,38,0,3707,2617,62,121,0,1170,1264
174,1295,ESCOLA MUNICIPAL PROFESSOR GUILHERME BUTLER,RUA IRMA FLAVIA BORLET 1189,HAUER,-25.48975805,-49.25758744,56,0,1541,1134,32,54,0,474,574
174,1309,COLÉGIO ESTADUAL MILTON CARNEIRO,"RUA NELSO JOSÉ LAUTHART, 301",ALTO BOQUEIRAO,-25.5370888,-49.2384749,64,0,4628,3027,127,149,0,1266,1485
174,1317,CEI PROFESSORA MARIA AUGUSTA JOUVE,"RUA PASTOR ANTONIO POLITO, 1145",ALTO BOQUEIRAO,-25.52430893,-49.23358273,64,0,4056,2714,102,108,0,1123,1381
174,1333,COLEGIO ESTADUAL SANTO AGOSTINHO,"RUA CASCAVEL, 1610",BOQUEIRAO,-25.51474133,-49.2465292,56,0,4215,2988,107,156,0,1239,1486
174,1341,COLÉGIO NOSSA SENHORA DA ASSUNCAO,"RUA DR. ALCIDES VIEIRA ARCOVERDE, 620",GUABIROTUBA,-25.46015929,-49.24060575,23,0,4047,3081,67,108,0,1296,1610
174,1350,CMEI CONJUNTO ARAUCARIA,"RUA ROBERTO BARBOSA DE ALMEIDA, 152",ALTO BOQUEIRAO,-25.52755062,-49.25362448,64,0,1174,902,23,32,0,411,436
174,1368,CENTRO DE EDUCACAO INFANTIL COLMEIAS,"RUA JULIO CESAR RIBEIRO DE SOUZA, 1332",HAUER,-25.4820632,-49.2536578,38,0,1801,1273,26,53,0,515,679
174,1724,SESI BOQUEIRÃO,"RUA DR. HELENO DA SILVEIRA, 351",BOQUEIRAO,-25.51469634,-49.23439517,56,0,3341,2291,58,100,0,976,1157
174,1732,COLÉGIO ADVENTISTA DO ALTO BOQUEIRÃO,"RUA BOM PASTOR, 606",ALTO BOQUEIRAO,-25.52375675,-49.24923793,64,0,3344,2319,59,110,0,965,1185
174,1740,ESCOLA MUNICIPAL PROFESSORA SOPHIA GAERTNER ROSLINDO - EF,"RUA EXPEDICIONÁRIO ESTANISLAU WOJCIK, 82",ALTO BOQUEIRAO,-25.5358722,-49.2433624,64,0,1418,1036,47,46,0,449,494
174,1830,UFPR - CENTRO POLITÉCNICO,"RUA EVARISTO F.F. DA COSTA, 346",JARDIM DAS AMERICAS,-25.45349187,-49.23292589,22,0,9157,6608,174,252,0,2617,3565
174,1848,COLÉGIO ESTADUAL PROFESSOR JÚLIO MESQUITA,"TRAVESSA MARIA TEODORA PAULA COSTA, N. 49",JARDIM DAS AMERICAS,-25.45624383,-49.22867117,22,0,5447,3813,100,148,0,1765,1800
174,1856,ESCOLA JORNALISTA ARNALDO ALVES DA CRUZ - EF,"RUA MARIA MARQUES DE CAMARGO, 240 - VILA PANTANAL",ALTO BOQUEIRAO,-25.53722936,-49.23282465,64,0,302,206,10,7,0,59,130
174,1864,HOSPITAL ERASTO GAERTNER,"RUA DR. OVANDE DO AMARAL, 201",JARDIM DAS AMERICAS,-25.45310137,-49.24001625,22,0,125,92,3,6,0,32,51
174,1880,CMEI MAESTRINA ESMERALDA ROVANI,"RUA ANTÔNIO JOSÉ BONATO, 1761",GANCHINHO,-25.56182553,-49.25527942,72,0,242,170,4,5,0,48,113
175,1015,ESCOLA MUNICIPAL PRO-MORAR BARIGUI-I,"RUA ARTHUR MARTINS FRANCO, 1803 - VILA BARIGUI - CIC",CIDADE INDUSTRIAL,-25.49525829,-49.33547548,75,0,3352,2405,101,109,0,917,1278
175,1023,ESCOLA MUNICIPAL MANSUR GUERIOS,"RUA ESTRADA VELHA DO BARIGUI, 3200 - MORADIAS SABARA -  VILA CONQUISTA",CIDADE INDUSTRIAL,-25.50149543,-49.34851175,75,0,4324,3034,132,113,0,1065,1724
175,1031,ESCOLA MUNICIPAL ALBERT SCHWEITZER,RUA DECIO BARRETO 153-VILA NSA SRA DA LUZ,CIDADE INDUSTRIAL,-25.50373678,-49.32360338,75,0,4068,2909,109,149,0,999,1652
175,1040,COLÉGIO ESTADUAL PROFESSOR ALCYONE MORAES DE CASTRO VELLOZO,R GOV CARLOS LACERDA- S/N CJ OSWALDO CRUZ II CIC -SUL,CIDADE INDUSTRIAL,-25.51291359,-49.3244871,75,0,4328,2942,93,122,0,1072,1655
175,1058,COLÉGIO ESTADUAL PROFESSOR BRASILIO VICENTE DE CASTRO,R STA ANGELA FOLIGNO 45 -CJ OSWALDO CRUZ I CIC-SUL,CIDADE INDUSTRIAL,-25.51157732,-49.32010007,75,0,4832,3322,112,126,0,1218,1866
175,1066,COLÉGIO ESTADUAL PROFESSORA DIRCE CELESTINO DO AMARAL,R PEDRO GUSSO 2020- CJ OSWALDO CRUZ I   CIC -SUL,CIDADE INDUSTRIAL,-25.5064019,-49.32051384,75,0,3333,2211,78,84,0,799,1250
175,1074,ESCOLA MUNICIPAL DOM BOSCO,R NSA SRA DA CABECA 1181-CJ VISC MAUA/CJ RONDONCIC                1181,CIDADE INDUSTRIAL,-25.495794450000002,-49.31554344,75,0,1856,1373,45,59,0,555,714
175,1082,COLÉGIO ESTADUAL IVO LEAO,R NSA SRA DA CABECA 1183 -CJ VISC MAUA/CJ RONDON CIC SUL,CIDADE INDUSTRIAL,-25.49587022,-49.31673689,75,0,5671,3827,121,153,0,1472,2081
175,1090,ESCOLA MUNICIPAL JOAQUIM TAVORA,R ANGELINA T CAVALIM 90 -CJ OSWALDO CRUZ II CIC  SUL,CIDADE INDUSTRIAL,-25.5153144,-49.32646772,75,0,3585,2648,116,104,0,930,1498
175,1104,ESCOLA MUNICIPAL CEI MONTEIRO LOBATO,R GUILHERME FUGMANN- 501 VL N SRA DA LUZ  DOS PINHAIS,CIDADE INDUSTRIAL,-25.50136033,-49.32031923,75,0,2493,1661,68,80,0,646,867
175,1112,ESCOLA MUNICIPAL NOSSA SENHORA DA LUZ DOS PINHAIS,RUA DAVI XAVIER DA SILVA   841   VL N. S. DA LUZ DOS PINHAIS CIC SUL,CIDADE INDUSTRIAL,-25.50813613,-49.32545629,75,0,2437,1714,59,73,0,583,999
175,1198,ESCOLA MUNICIPAL PROFESSORA JOANA RAKSA,"RUA FRANCISCA BERALDE PAOLINI, 99 - CAXIMBA",CAXIMBA,-25.61890847,-49.34854978,70,0,2832,1847,47,50,0,445,1305
175,1201,ESCOLA ESTADUAL GUILHERME PEREIRA NETO,"RUA DELEGADO BRUNO DE ALMEIDA, 4386 - CAMPO DE SANTANA",CAMPO DE SANTANA,-25.59478532,-49.3223243,71,0,2914,1983,68,70,0,634,1211
175,1210,ESCOLA MUNICIPAL CEI PROFESSOR ANTONIO PIETRUZA,"RUA JOAO AMADEU PEDRO BOM, 135 -VILA PALMEIRA",TATUQUARA,-25.55090549,-49.29463016,74,0,3325,2341,87,94,0,861,1299
175,1236,ESCOLA MUNICIPAL PROFESSORA AMERICA DA COSTA SABOIA,"RUA EMILIO ROMANI, 2480 - VILA VERDE - CIC SUL",CIDADE INDUSTRIAL,-25.53143504,-49.33495486,75,0,3624,2509,103,111,0,824,1471
175,1244,ESCOLA MUNICIPAL DONA POMPILIA,"RUA JOVENILSON AMERICO DE OLIVEIRA, 240 - JARDIM DA ORDEM - TATUQUARA",TATUQUARA,-25.55962911,-49.33205558,74,0,4434,3056,107,112,0,928,1909
175,1260,ESCOLA MUNICIPAL PROFESSOR DARIO PERSIANO DE CASTRO VELLOZO,"RUA DESEMBARGADOR CID CAMPELLO, 4630  CIC SUL",CIDADE INDUSTRIAL,-25.50955845,-49.33538075,75,0,3643,2451,107,107,0,943,1294
175,1279,COLEGIO ESTADUAL RODOLFO ZANINELLI,"RUA ANTÔNIA MOLINA BELLA, 610 - VILA VERDE - CIC",CIDADE INDUSTRIAL,-25.52727004,-49.33429867,75,0,5234,3528,168,141,0,1184,2035
175,1287,COLÉGIO ESTADUAL ARLINDO CARVALHO DE AMORIM,"RUA DESEMBARGADOR CID CAMPELLO,  6301 - CIC SUL",CIDADE INDUSTRIAL,-25.4956962,-49.338116,75,0,5206,3392,151,146,0,1226,1869
175,1295,ESCOLA MUNICIPAL SANTA ANA MESTRA,"RUA JOAO PEREIRA TRINDADE, 265 - MORADIAS JAMAICA",CAMPO DE SANTANA,-25.58484725,-49.32354513,71,0,4380,3050,106,106,0,1014,1824
175,1309,ESCOLA MUNICIPAL PROFESSOR DARCY RIBEIRO,"RUA  ENETTE DUBARD, N. 90 - MORADIAS SANTA RITA",TATUQUARA,-25.56018214,-49.33897268,74,0,4987,3562,105,126,0,1076,2255
175,1430,ESCOLA MUNICIPAL MARGARIDA ORSO DALLAGASSA,"RUA SARGENTO FRANCISCO DA SILVA COTRIM, 100 - VILA POMPEIA - TATUQUARA",TATUQUARA,-25.55955781,-49.31556282,74,0,5199,3472,143,111,0,1151,2067
175,1449,ESCOLA MUNICIPAL DO CAIC CANDIDO PORTINARI,R.ANTONIO GEROSLAU FERREIRA S/N - CJ.DIADEMA II - CIC-SUL,CIDADE INDUSTRIAL,-25.49611007,-49.34983475,75,0,5005,3499,104,180,0,1368,1847
175,1457,ESCOLA MUNICIPAL PROFESSOR OSVALDO ARNS,R. ODIR GOMES DA ROCHA 546 - VILA EVANGELICA,TATUQUARA,-25.57269649,-49.33718956,74,0,3659,2522,93,111,0,742,1576
175,1481,ESCOLA MUNICIPAL NEWTON BORGES DOS REIS,"RUA ADRIANA CERES ZAGO BUENO, 1350 - MORADIAS SANTA RITA - TATUQUARA",TATUQUARA,-25.56579195,-49.33407192,74,0,3873,2716,88,110,0,918,1600
175,1490,COLÉGIO ESTADUAL DESEMBARGADOR GUILHERME DE ALBUQUERQUE MARANHAO,"RUA JOSE ANGELO MARTINS, 101 - MORADIAS DA ORDEM",TATUQUARA,-25.55793089,-49.33251017,74,0,4016,2521,117,93,0,772,1539
175,1503,COLEGIO ESTADUAL MORADIAS MONTEIRO LOBATO,RUA OLIVIO JOSE ROSSETI 430,TATUQUARA,-25.57348627,-49.33478104,74,0,6017,3725,163,145,0,1046,2371
175,1511,COLEGIO ESTADUAL EURIDES BRANDAO,"RUA JAIR COELHO, 260 - DIADEMA II",CIDADE INDUSTRIAL,-25.49405839,-49.34913903,75,0,5315,3508,138,174,0,1345,1851
175,1520,ESCOLA MUNICIPAL ALVARO BORGES,"RUA OSVALDO BAGGIO, N. 290 - CONJ. VITÓRIA RÉGIA",CIDADE INDUSTRIAL,-25.54527513,-49.33960707,75,0,3694,2773,83,138,0,1146,1406
175,1538,CMEI ITACOLOMI SABARA,"RUA ANTÔNIO PASTRE, 70 - CIC",CIDADE INDUSTRIAL,-25.49915801,-49.34445863,75,0,1329,808,34,35,0,293,446
175,1546,COLÉGIO ESTADUAL NIRLEI MEDEIROS,"RUA ANTÔNIO BERTOLDI, 409 - MORADIAS RIO BONITO - CAMPO DE SANTANA",CAMPO DE SANTANA,-25.58628678,-49.33765044,71,0,3750,2601,79,116,0,906,1500
175,1554,ESCOLA MUNICIPAL PROFESSORA ERICA PLEWKA MLYNARCZYK,RUA JAIME JOSE VOJCIECHOVSKI 162,TATUQUARA,-25.56041072,-49.3132138,74,0,1292,937,40,42,0,295,560
175,1562,ESCOLA MUNICIPAL JOÃO AMAZONAS,"RUA PALMYRA CRIVELLARO BERTOLDE, N. 813",CAMPO DE SANTANA,-25.59061282,-49.3412905,71,0,2720,1873,72,81,0,608,1112
175,1570,ESCOLA MUNICIPAL RIO BONITO,"RUA LUCAS CARVALHO, N. 1486",CAMPO DE SANTANA,-25.59047948,-49.33578045,71,0,2910,1907,87,87,0,614,1119
175,1589,ESCOLA MUNICIPAL GOVERNADOR LEONEL DE MOURA BRIZOLA,"RUA ANTONIO ZANON, N. 1371",TATUQUARA,-25.56592368,-49.3259738,74,0,1435,922,40,28,0,291,563
175,1597,COLÉGIO ESTADUAL PROFESSORA MARLI QUEIROZ AZEVEDO,"RUA CYRO CORREIA PEREIRA, N. 3506 - VITÓRIA RÉGIA",CIDADE INDUSTRIAL,-25.5438602,-49.33780893,75,0,3000,1996,79,92,0,669,1156
175,1600,ESCOLA MUNICIPAL HELENA KOLODY,"RUA HUMBERTO BERTOLDI, N. 281 - RIO BONITO",CAMPO DE SANTANA,-25.58545643,-49.33707829,71,0,2458,1536,73,77,0,471,915
175,1619,COLÉGIO ESTADUAL TATUQUARA - EFM,"ESTRADA DELEGADO BRUNO DE ALMEIDA, N. 3339",CAMPO DE SANTANA,-25.58761857,-49.3181614,71,0,1864,1056,52,57,0,299,648
175,1724,ESCOLA MUNICIPAL PROFESSORA MARIA IENKOT ZEGLIN,"RUA PRESIDENTE JOÃO GOULART, N 1605",TATUQUARA,-25.57734431,-49.33207279,74,0,760,510,19,21,0,121,349
175,1732,ESCOLA MUNICIPAL DOUTOR HAMILTON CALDERARI LEAL,"RUA VICTOR GRYCAJUCK, 121",SAO MIGUEL,-25.50742647,-49.35454726,67,0,189,126,4,3,0,31,88
176,1120,COLÉGIO ESTADUAL JOÃO DE OLIVEIRA FRANCO,"RUA PADRE MANUEL DA NOBREGA, 1489",VILA  FANNY,-25.48852324,-49.27716062,39,0,3158,2268,57,90,0,917,1204
176,1139,COLÉGIO ESTADUAL JOSÉ BUSNARDO,"RUA MAJOR VICENTE DE CASTRO, 1154",VILA  FANNY,-25.47968835,-49.26656426,39,0,2441,1776,44,79,0,695,958
176,1147,ESCOLA MUNICIPAL ELEVIR DIONÍSIO,"RUA CAPITÃO JOSÉ MARIA SOBRINHO, 1336",VILA  FANNY,-25.48370044,-49.27300234,39,0,2151,1590,33,65,0,685,807
176,1155,COLÉGIO ESTADUAL NEWTON FERREIRA DA COSTA,"RUA AMÉRICO VESPÚCIO, 745",LINDÓIA,-25.48181571,-49.27665712,40,0,4177,2944,78,114,0,1147,1605
176,1163,COLÉGIO ESTADUAL DOM ÁTTICO EUSÉBIO DA ROCHA,"AVENIDA PRESIDENTE WENCESLAU BRAZ, 2779",LINDÓIA,-25.47717084,-49.28163385,40,0,3390,2489,70,98,0,1034,1287
176,1180,CEEBJA DR. FRANCISCO RIBEIRO DE AZEVEDO MACEDO,"TRAVESSA AUGUSTO MARACH, 224",NOVO MUNDO,-25.48874874,-49.29290674,41,0,3567,2498,78,121,0,1032,1267
176,1198,ESCOLA MUNICIPAL ARAPONGAS,"RUA JOSÉ CASEMIRO STENZOWSKI, 153",NOVO MUNDO,-25.48336828,-49.28706635,41,0,2056,1477,38,68,0,618,753
176,1201,ESCOLA MUNICIPAL DR. OSVALDO CRUZ,"RUA JOSÉ ALCIDES DE LIMA, 126",NOVO MUNDO,-25.48746403,-49.30680168,41,0,2291,1679,53,76,0,718,832
176,1210,COLÉGIO ESTADUAL CÍVICO MILITAR YVONE PIMENTEL,"RUA SEBASTIÃO MALUCELLI, 1312",NOVO MUNDO,-25.49599761,-49.29986607,41,0,4160,2750,82,116,0,1060,1492
176,1228,COLÉGIO ESTADUAL JOÃO BETTEGA,"RUA VISCONDE DO SERRO FRIO, 1020",NOVO MUNDO,-25.48606225,-49.30423734,41,0,3657,2501,80,96,0,1052,1273
176,1236,ESCOLA MUNICIPAL MADRE MARIA DOS ANJOS,"RUA SANTA MARIA, 540",NOVO MUNDO,-25.48932411,-49.28050952,41,0,2355,1773,43,75,0,751,904
176,1244,ESCOLA MUNICIPAL MARIA CLARA BRANDÃO TESSEROLLI,"RUA JOÃO RIBEIRO LEMOS, 380",NOVO MUNDO,-25.48796354,-49.287917,41,0,4188,3043,80,132,0,1185,1646
176,1252,ESCOLA MUNICIPAL PROFESSORA NAIR DE MACEDO,"RUA FIORAVANTE SLAVIERO, 753",NOVO MUNDO,-25.4905905,-49.31009731,41,0,3435,2502,85,105,0,1035,1277
176,1295,ESCOLA MUNICIPAL BELMIRO CESAR,"RUA PADRE MANUEL DA NOBREGA, 327",VILA  FANNY,-25.47979377,-49.27079256,39,0,2188,1517,49,72,0,569,827
176,1317,ESCOLA GRACE (ANTIGA FACULDADE SANTA CRUZ - CAMPUS BONAT),"RUA PEDRO BONAT, 103",NOVO MUNDO,-25.49456224,-49.29272103,41,0,4523,3211,83,130,0,1174,1824
176,1333,UNISANTA CRUZ - CAMPUS SEDE,"RUA AFFIFE MANSUR, 565",NOVO MUNDO,-25.4956438,-49.3032937,41,0,3603,2645,77,96,0,1079,1393
176,1341,CMEI VILA LEÃO,"RUA PRIMO LOURENÇO TOSIN, 21",NOVO MUNDO,-25.48510498,-49.30237197,41,0,1366,854,37,27,0,366,424
176,1457,ESCOLA CEC,"RUA PROFESSOR WALDIR DE JESUS, 99",CAPÃO RASO,-25.50609303,-49.29703408,58,0,2384,1679,44,64,0,694,877
176,1465,COLÉGIO STELLA MARIS XAXIM,"RUA PROFESSOR NARCISO MENDES, 484",XAXIM,-25.50375222,-49.26969019,57,0,2160,1551,41,72,0,680,758
176,1473,COLÉGIO SENHORA DE FÁTIMA,"RUA GABRIEL FRECCEIRO DE MIRANDA, 1118",XAXIM,-25.50682207,-49.273851,57,0,4723,3339,89,113,0,1306,1831
176,1481,COLÉGIO ESTADUAL JAYME CANET,"RUA ANA APARECIDA LOPOS CANET, 133",XAXIM,-25.49982593,-49.26591609,57,0,6451,4649,102,179,0,2011,2357
176,1490,COLÉGIO ESTADUAL JOÃO PAULO II,"RUA JOÃO BARBOSA DE ALMEIDA, 545",XAXIM,-25.51624423,-49.26984176,57,0,4195,2799,93,93,0,1115,1498
176,1503,ESCOLA MUNICIPAL DAVID CARNEIRO,"RUA JOÃO BATISTA ZAGONEL PASSOS, 1197",XAXIM,-25.52296634,-49.26669479,57,0,3925,2747,88,122,0,1138,1399
176,1511,ESCOLA MUNICIPAL FRANCISCO DEROSSO,"RUA FRANCISCO DEROSSO, 905",XAXIM,-25.49858002,-49.26741347,57,0,2902,2064,58,79,0,893,1034
176,1520,ESCOLA MUNICIPAL UMUARAMA,"RUA FREI TEÓFILO, 730",CAPÃO RASO,-25.50237081,-49.30343979,58,0,2690,1940,68,97,0,730,1045
176,1538,ESCOLA MUNICIPAL IVAIPORÃ,"RUA VEREADOR ADEODATO VOLPI, 550",CAPÃO RASO,-25.49607531,-49.2905843,58,0,1876,1417,43,60,0,597,717
176,1546,ESCOLA MUNICIPAL PROFESSOR LEONEL MORO,"RUA JOSÉ OSIRES BAGLIOLI, 408",XAXIM,-25.51766883,-49.27677172,66,0,2119,1587,56,70,0,670,791
176,1562,ESCOLA MUNICIPAL CASTRO,"RUA AYRTON PIZZATTO GUSI, 241",XAXIM,-25.52489568,-49.25626537,57,0,2226,1603,48,86,0,627,842
176,1570,COLÉGIO SOCIAL MADRE CLELIA,"RUA PROFESSOR WALDIR DE JESUS, 90",CAPÃO RASO,-25.50567939,-49.29682311,58,0,5945,4302,106,183,0,1602,2411
176,1589,COLÉGIO ESTADUAL NOSSA SENHORA APARECIDA,"RUA JOSÉ OSIRES BAGLIOLI, 150",XAXIM,-25.51676499,-49.27679417,57,0,2235,1498,59,61,0,597,781
176,1597,ESCOLA MUNICIPAL PARANAVAÍ,"RUA PEDRO SIEMENS, 691",XAXIM,-25.5125707,-49.26738444,57,0,3950,2828,80,112,0,1259,1377
176,1600,COLÉGIO ESTADUAL HOMERO BAPTISTA DE BARROS,"RUA FERNANDES VIEIRA, 17",CAPÃO RASO,-25.49640942,-49.28115187,58,0,3800,2685,59,95,0,1099,1432
176,1619,ESCOLA MUNICIPAL JORNALISTA CLAUDIO ABRAMO,"RUA OURO VERDE, 655",CAPÃO RASO,-25.50772735,-49.30164616,58,0,3660,2594,78,125,0,975,1416
176,1627,COLÉGIO ESTADUAL JOÃO MAZZAROTTO,"RUA SANTA REGINA, 664",CAPÃO RASO,-25.50223933,-49.28947764,58,0,4716,3244,128,124,0,1260,1732
176,1635,COLÉGIO ESTADUAL EMÍLIO DE MENEZES,"RUA JOSÉ ZALESKI, 450",CAPÃO RASO,-25.5014171,-49.30137023,58,0,4781,3364,89,148,0,1373,1754
176,1643,FACULDADES BAGOZZI - XAXIM (ATUAL COLÉGIO STELLA MARIS),"RUA PROFESSOR NARCISO MENDES, 484",XAXIM,-25.503937,-49.269562,57,0,1836,1244,39,34,0,532,639
176,1651,COLÉGIO ESTADUAL SÃO PEDRO APÓSTOLO,"RUA PRIMEIRO DE MAIO, 1160",XAXIM,-25.51533999,-49.27630541,57,0,6432,4504,130,198,0,1788,2388
176,1660,COLÉGIO ESTADUAL PROFESSOR NARCISO MENDES,"RUA PROFESSOR NARCISO MENDES, 283",XAXIM,-25.50348731,-49.27197362,57,0,4104,2934,71,107,0,1235,1521
176,1678,ESCOLA MUNICIPAL JARDIM EUROPA,"RUA HERMENEGILDO BONAT, 26",XAXIM,-25.50544158,-49.279486,57,0,2485,1838,57,58,0,810,913
177,1260,UTFPR - UNIVERSIDADE TECNOLÓGICA DO PARANA,"AVENIDA SETE DE SETEMBRO, 3165 -",REBOUÇAS,-25.4386589,-49.2686415,8,0,4333,2711,87,158,0,793,1673
177,1279,ESCOLA ESTADUAL LAMENHA LINS,RUA LAMENHA LINS  2185,REBOUÇAS,-25.45468558,-49.26812439,8,0,2080,1403,40,66,0,543,754
177,1287,OPET - ORGANIZACAO PARANAENSE DE ENSINO TECNICO,"AVENIDA GETULIO VARGAS, 902",REBOUÇAS,-25.44338439,-49.26907979,8,0,2792,1915,54,68,0,787,1006
177,1309,ESCOLA ESTADUAL GUAIRA,RUA LAMENHA LINS 1962,REBOUÇAS,-25.45312038,-49.26944167,8,0,1622,1087,33,46,0,475,533
177,1317,UNICURITIBA (CENTRO UNIVERSITÁRIO CURITIBA),"RUA CHILE, 1678",REBOUÇAS,-25.45041763,-49.26517144,8,0,3669,2386,63,91,0,940,1292
177,1333,ESCOLA MUNICIPAL DESEMBARGADOR MARCAL JUSTEN,RUA SANTA CATARINA  710,ÁGUA VERDE,-25.46327505,-49.28299252,9,0,3573,2649,54,93,0,1092,1410
177,1341,COLÉGIO STELLA MARIS (AGUA VERDE),"RUA PARÁ, 186",ÁGUA VERDE,-25.46248566,-49.27846939,9,0,1909,1376,32,57,0,558,729
177,1350,ESCOLA ESTADUAL PROFESSOR LYSIMACO FERREIRA DA COSTA,AVENIDA IGUACU    3012,ÁGUA VERDE,-25.44967343,-49.29047436,9,0,5307,3769,60,129,0,1595,1985
177,1368,COLEGIO SAGRADO CORACAO DE JESUS,AVENIDA IGUACU  1550,ÁGUA VERDE,-25.44473452,-49.27669345,9,0,6704,4622,102,161,0,1821,2538
177,1384,ESCOLA ESTADUAL BARAO DO RIO BRANCO,RUA BRIGADEIRO FRANCO   2532,ÁGUA VERDE,-25.44247767,-49.27634705,9,0,2462,1653,39,66,0,633,915
177,1406,ESCOLA ESTADUAL JOAO TURIN,RUA ALMIRANTE GONCALVES  2800,ÁGUA VERDE,-25.45234795,-49.27892789,9,0,3313,2415,63,93,0,1035,1224
177,1430,COLÉGIO POSITIVO (ÁGUA VERDE),"RUA PEDRO MENA BARRETO MONCLARO, 411",ÁGUA VERDE,-25.44987525,-49.27470485,9,0,3337,2437,51,77,0,1062,1247
177,1686,CLUBE CURITIBANO (SEDE ADMINISTRATIVA),"RUA PETIT CARNEIRO, 970 (GINÁSIO DE ESPORTES)",ÁGUA VERDE,-25.4505693,-49.28640043,9,0,8814,6145,132,216,0,2313,3484
177,1740,ESCOLA MUNICIPAL MIGUEL KRUG,"RUA MORRETES, 1115",GUAIRA,-25.47480497,-49.286212570000004,27,0,1546,1133,21,44,0,486,582
177,1759,COLÉGIO ESTADUAL HILDEBRANDO DE ARAÚJO,"AV PREFEITO OMAR SABBAG, N. 721",JARDIM BOTANICO,-25.44097847,-49.24934747,7,0,3141,2134,57,79,0,872,1126
177,1767,COLÉGIO POSITIVO - JARDIM AMBIENTAL,RUA ITUPAVA 985,ALTO DA RUA XV,-25.42128662,-49.25055304,17,0,3728,2604,58,104,0,1007,1435
177,1783,COLEGIO DECISIVO (CENTRO),"RUA COMENDADOR ARAUJO, 327",CENTRO,-25.43571107,-49.27899158,1,0,2065,1239,39,48,0,411,741
177,1791,UFPR -  SETOR DE CIÊNCIAS SOCIAIS APLICADAS,"AVENIDA PREFEITO LOTHÁRIO MEISSNER, 632",JARDIM BOTANICO,-25.44473588,-49.2385769,7,0,1970,1259,27,62,0,466,704
177,1805,SOCIEDADE THALIA,R COMENDADOR ARAUJO 338,CENTRO,-25.43604408,-49.27890618,1,0,1272,901,28,42,0,355,476
177,1821,SENAC - SERVICO NACIONAL DE APRENDIZAGEM COMERCIAL,"RUA ANDRE DE BARROS, 750",CENTRO,-25.43355728,-49.26580759,1,0,1989,1285,43,57,0,493,692
177,1830,INSTITUTO SALESIANO,"RUA SANTA CATARINA,  1805 (GINÁSIO DE ESPORTES)",GUAIRA,-25.47165993,-49.27919826,26,0,1300,915,28,22,0,364,501
177,1848,ESCOLA ESTADUAL DORACY CEZARINO,RUA EUGENIO PAROLIN  588,PAROLIN,-25.46213836,-49.26278951,25,0,3189,2070,57,68,0,730,1215
177,1856,SOCIEDADE BENEFICENTE MORGENAU,"AV SENADOR SOUZA NAVES, N. 945",CRISTO REI,-25.43130887,-49.24828359,6,0,1020,740,9,26,0,340,365
177,1864,COLEGIO BOM JESUS (CENTRO),R 24 DE MAIO   135,CENTRO,-25.4384742,-49.27298933,1,0,6380,3809,123,158,0,1196,2332
177,1872,FACULDADE UNINTER (DIVINA PROVIDÊNCIA),"RUA DO ROSÁRIO, 147",CENTRO,-25.42879487,-49.27313812,1,0,382,240,5,9,0,80,146
177,1880,ESCOLA MUNICIPAL BATEL (ESCOLA ESTADUAL DEZENOVE DE DEZEMBRO),RUA DESEMBARGADOR MOTTA  2082,CENTRO,-25.43650529,-49.28172644,1,0,1674,1159,22,48,0,425,664
177,1899,COLEGIO BOM JESUS (ÁGUA VERDE),"RUA NESTOR VICTOR, 910",ÁGUA VERDE,-25.45728382,-49.27247158,9,0,3868,2687,55,92,0,1028,1512
177,1902,FACULDADE DOM BOSCO,AV WENCESLAU BRAZ 1046,GUAIRA,-25.47182976,-49.26554031,26,0,3455,2235,70,93,0,842,1230
177,1910,ESCOLA MUNICIPAL PROFESSORA NANSYR CECATO CAVICHIOLO,"RUA FRANCISCO PAROLIN, 930",PAROLIN,-25.46506806,-49.26390398,25,0,1191,730,26,27,0,192,485
177,1929,COLÉGIO BOM JESUS - NOSSA SENHORA DE LOURDES (CRISTO REI),"RUA FIORAVANTE DALLA STELLA, N. 90",CRISTO REI,-25.43451249,-49.24702678,6,0,7319,5018,104,178,0,1752,2984
177,1937,FACULDADE DE DIREITO DA UNIVERSIDADE FEDERAL DO PARANA,PRACA SANTOS ANDRADE   50,CENTRO,-25.42906287,-49.26748216,1,0,4337,2690,76,134,0,812,1668
177,1945,SETOR DE CIÊNCIAS HUMANAS DA UNIVERSIDADE FEDERAL DO PARANA,R GENERAL CARNEIRO   460,CENTRO,-25.42668363,-49.26187041,1,0,2692,1892,59,107,0,629,1097
177,1953,ESCOLA ESTADUAL TIRADENTES (CEAD POLO POTTY LAZAROTTO),R PRESIDENTE FARIA   625,CENTRO,-25.42496828,-49.26936639,1,0,1076,644,16,36,0,250,342
177,1961,COLEGIO SAO JOSE,"PRAÇA RUI BARBOSA, 661",CENTRO,-25.43555322,-49.27460825,1,0,3711,2238,74,91,0,803,1270
177,1970,ESCOLA MUNICIPAL ITACELINA BITTENCOURT,"RUA SAO PAULO, 2055",GUAIRA,-25.47072448,-49.27565301,26,0,4060,2772,80,117,0,1104,1471
177,1988,COLEGIO ESTADUAL SANTOS DUMONT,R RIO GRANDE DO SUL 1800,GUAIRA,-25.473585,-49.2800827,26,0,2949,1954,44,63,0,822,1025
177,1996,COLÉGIO ESTADUAL PROFESSOR ELIAS ABRAHÃO,"AV SENADOR SOUZA NAVES, N. 1221",CRISTO REI,-25.43137327,-49.24553573,6,0,2474,1755,43,83,0,744,885
177,2003,ESCOLA ESTADUAL NOSSA SENHORA DE FÁTIMA,"RUA SUÉCIA, N. 197, PRÓXIMO AO KM 400 DA BR 116",TARUMA,-25.43250165,-49.22854458,19,0,3813,2857,73,103,0,1251,1430
177,2011,CURSO POSITIVO (CENTRO),AVENIDA VICENTE MACHADO 317,CENTRO,-25.4344775,-49.2796553,1,0,1987,1187,32,48,0,377,730
177,2020,INSTITUTO DE EDUCACAO PROFESSOR ERASMO PILOTTO,R EMILIANO PERNETA 92,CENTRO,-25.43312088,-49.27390943,1,0,2657,1724,45,98,0,656,925
177,2038,FUNPAR - FUNDAÇÃO DA UNIVERSIDADE FEDERAL DO PARANÁ,"RUA JOÃO NEGRÃO, 280",CENTRO,-25.43175409,-49.2659358,1,0,581,378,17,22,0,132,207
177,2046,PONTIFICIA UNIVERSIDADE CATOLICA DO PARANÁ (PUC/PR),R IMACULADA CONCEICAO  1155,PRADO VELHO,-25.45053682,-49.25260877,24,0,6113,3994,121,157,0,1371,2345
177,2054,COLÉGIO DECISIVO DO CRISTO REI - SUBSEDE I,"RUA DO HERVAL, N. 801",CRISTO REI,-25.43258815,-49.24907486,6,0,5547,3908,98,169,0,1413,2228
177,2062,COLÉGIO ESTADUAL PAULO LEMINSKI,"AV CORONEL AUGUSTO DE ALMEIDA GARRET, N. 135, PRÓXIMO AO DETRAN",TARUMA,-25.42884861,-49.21125648,19,0,2927,1975,54,84,0,829,1008
177,2070,COLEGIO ESTADUAL DO PARANA,AV JOAO GUALBERTO   250,CENTRO,-25.42329539,-49.26741276,1,0,4948,2969,89,150,0,868,1862
177,2127,LAR DOS IDOSOS - RECANTO DO TARUMÃ,"RUA KONRAD ADENAUER, 576",TARUMA,-25.425063,-49.214813,19,0,76,59,0,2,0,17,40
177,2186,HOSPITAL OSWALDO CRUZ,"RUA AMINTAS DE BARROS, 816",ALTO DA RUA XV,-25.425187,-49.258813,5,0,83,63,5,2,0,12,44
177,2194,ESCOLA MUNICIPAL SÃO LUIZ,RUA SILVEIRA PEIXOTO,ÁGUA VERDE,-25.452813,-49.281688,9,0,2533,1741,28,65,0,663,985
177,2208,SOCIEDADE RECREATIVA INTERNACIONAL DA AGUA VERDE,"AVENIDA REPÚBLICA ARGENTINA, 235",ÁGUA VERDE,-25.448687,-49.287312,9,0,1531,1042,21,39,0,402,580
178,1201,COLÉGIO IMACULADA CONCEIÇÃO,AVENIDA MANOEL RIBAS  6318,SANTA FELICIDADE,-25.4022832,-49.3312097,63,0,6302,4665,82,159,0,2005,2419
178,1210,COLÉGIO ESTADUAL ÂNGELO VOLPATO,RUA JOAO VALLE 23,SANTA FELICIDADE,-25.39754909,-49.31871687,63,0,3630,2631,64,113,0,1068,1386
178,1228,COLÉGIO ESTADUAL PROFESSOR FRANCISCO ZARDO,AVENIDA MANOEL RIBAS 7149,SANTA FELICIDADE,-25.39918274,-49.33900531,63,0,3706,2674,73,135,0,1120,1346
178,1236,COLÉGIO ESTADUAL SANTA FELICIDADE,"RUA BORTOLO PAULIN, 227",SANTA FELICIDADE,-25.40646444,-49.33907447,63,0,2760,2004,49,82,0,850,1023
178,1244,ESCOLA MUNICIPAL FOZ DO IGUACU,"RUA JOAO REFFO, 1304",SANTA FELICIDADE,-25.38099051,-49.33415651,63,0,3628,2657,76,109,0,1165,1307
178,1287,ESCOLA ESTADUAL PADRE COLBACCHINI,"RUA CAETANO ALESSI , 268",BUTIATUVINHA,-25.39218346,-49.34779356,61,0,1592,1139,37,35,0,496,571
178,1295,CEMEI PROFESSORA LYGIA CARNEIRO,"RUA DANIEL CESÁRIO PEREIRA, 581",SANTA FELICIDADE,-25.386187,-49.333813,63,0,2115,1442,39,76,0,565,762
178,1309,ESCOLA MUNICIPAL PROFESSORA SÔNIA MARIA COIMBRA KENSKI,RUA WANDA WOLFF1186 -CJ MONTE VERDE,SANTA FELICIDADE,-25.37541488,-49.32734162,63,0,1473,1090,29,47,0,450,564
178,1635,ESCOLA BAMBINATA,RUA BASSAMO DE GRAPPA 625,SANTA FELICIDADE,-25.3979605,-49.32190762,63,0,2095,1485,28,61,0,552,844
178,1643,ESCOLA MUNICIPAL DOS VINHEDOS,"RUA ZEM BERTAPELLE, 284",SANTA FELICIDADE,-25.39825624,-49.33090682,63,0,2040,1408,43,67,0,531,767
178,1651,ESCOLA MUNICIPAL VEREADOR JOÃO STIVAL,"RUA JOÃO BUDEL, 163",BUTIATUVINHA,-25.39075513,-49.35514715,61,0,2645,1819,76,71,0,769,903
178,1880,COLÉGIO ESTADUAL JÚLIA WANDERLEY,AVENIDA VICENTE MACHADO  1643,BATEL,-25.4393078,-49.291963,10,0,5857,4089,55,158,0,1601,2275
178,1899,FACULDADE EVANGÉLICA MACKENZIE DO PARANÁ,RUA PADRE ANCHIETA 2770,BIGORRILHO,-25.4359762,-49.3055076,11,0,2334,1562,27,47,0,645,843
178,1902,ESCOLA MUNICIPAL PARANAGUÁ,RUA PROFESSOR ANGELO ANTONIO DALLEGRAVE  12,SANTO INÁCIO,-25.4281934,-49.3437133,46,0,2546,1860,52,88,0,758,962
178,1910,COLÉGIO SION,ALAMEDA PRESIDENTE TAUNAY 260,BATEL,-25.4367752,-49.2838242,10,0,4012,2772,37,88,0,972,1675
178,1929,UNIVERSIDADE TUIUTI DO PARANÁ (CAMPUS BARIGUI),"RUA SYDNEI ANTONIO RANGEL SANTOS, 238",SANTO INÁCIO,-25.4244459,-49.3185512,46,0,12497,8380,181,321,0,3356,4522
178,1937,COLÉGIO ESTADUAL SÃO BRAZ,AVENIDA VEREADOR TOALDO TULIO    2880,SÃO BRAZ,-25.41579682,-49.35108891,60,0,2061,1430,38,49,0,557,786
178,1945,ESCOLA MUNICIPAL CAMPO MOURÃO,"RUA ACYR SANTOS, 14",VILA IZABEL,-25.459816,-49.2988024,28,0,1762,1271,28,52,0,480,711
178,1961,COLÉGIO ESTADUAL PADRE SILVESTRE KANDORA,RUA PROFESSORA MARIA HELENE KRUZIELSKI BREDOW   26,SÃO BRAZ,-25.41994,-49.34681,60,0,3935,2673,104,111,0,1123,1335
178,1970,COLÉGIO ESTADUAL PROFESSOR OLAVO DEL CLARO,"RUA CLARA FILLA, 282",SÃO BRAZ,-25.41555888,-49.36101334,60,0,2623,1816,55,77,0,824,860
178,1988,COLÉGIO MARISTA PARANAENSE,AVENIDA BISPO DOM JOSE 2674,SEMINÁRIO,-25.44782,-49.2978255,29,0,6002,4187,63,117,0,1643,2364
178,1996,ESCOLA ESTADUAL RIO BRANCO,AVENIDA BISPO DOM JOSE  2426,SEMINÁRIO,-25.4457152,-49.2956519,29,0,2330,1629,33,46,0,645,905
178,2011,ESCOLA MUNICIPAL CEI PEDRO DALLABONA,RUA VIRGINIA DALLABONA 456,ORLEANS,-25.4296141,-49.3563186,59,0,2546,1846,52,79,0,743,972
178,2020,ESCOLA MUNICIPAL CEI RAOUL WALLENBERG,"RUA HERMENEGILDO LUCA, CJ FERNAO DIAS   2400",BUTIATUVINHA,-25.41091467,-49.36148374,61,0,1633,1186,50,40,0,488,608
178,2046,ESCOLA ESTADUAL HELENA DIONYSIO,RUA FRANCISCO JUGLAIR  94,MOSSUNGUE,-25.4383667,-49.3331773,45,0,2003,1418,23,33,0,559,803
178,2054,ESCOLA ESTADUAL DOM ORIONE ( ANTIGA ESC. EST.  NILSON BATISTA RIBAS),RUA JAIME VEIGA 472,SEMINÁRIO,-25.4522023,-49.310843,29,0,1172,849,22,30,0,333,464
178,2062,FACULDADE PARANAENSE - FAPAR,"ALAMEDA DOM PEDRO II, 432",BATEL,-25.4391433,-49.2852161,10,0,2332,1486,27,34,0,554,871
178,2070,ESCOLA MUNICIPAL CEI PROFESSOR JÚLIO MOREIRA,RUA ALEXANDRE MARKOSKI   82,SÃO BRAZ,-25.41806,-49.34294,60,0,3121,2229,58,110,0,955,1106
178,2089,COLÉGIO BOM JESUS - SEMINÁRIO (ANTIGO NOVO ATENEU),AVENIDA NOSSA SENHORA APARECIDA 1468,SEMINÁRIO,-25.4478345,-49.3121452,29,0,2133,1456,36,43,0,582,795
178,2097,PARÓQUIA SANTA ISABEL,"RUA ULISSES VIEIRA, 621",VILA IZABEL,-25.4610314,-49.2964064,27,0,2641,1939,36,84,0,764,1055
178,2100,INSTITUTO PARANAENSE DOS CEGOS,AVENIDA VISCONDE DE GUARAPUAVA   4186,BATEL,-25.4417162,-49.2814206,10,0,2000,1359,18,31,0,529,781
178,2119,ESCOLA SANTA TERESINHA DO MENINO JESUS,AVENIDA SETE DE SETEMBRO   4926,BATEL,-25.4450264,-49.2868614,10,0,5102,3554,62,95,0,1425,1972
178,2127,COLÉGIO POSITIVO,RUA ALFERES ANGELO SAMPAIO     2300,BIGORRILHO,-25.4346412,-49.2887324,11,0,5492,3719,44,111,0,1528,2036
178,2135,ESCOLA MUNICIPAL WALTER HOERNER,"RUA DOMINGOS IMBRONIZIO, 129",MOSSUNGUE,-25.4350332,-49.3248542,45,0,2467,1721,32,52,0,697,940
178,2143,ESCOLA MUNICIPAL ESPECIALIZADA ALI BARK,RUA VICENTE PONTAROLLA 91,SEMINÁRIO,-25.4443577,-49.3125291,29,0,1432,1079,23,31,0,457,568
178,2160,ESCOLA MUNICIPAL MONSENHOR BOLESLAU FALARZ,"RUA LUIZ HOMANN, 290",SÃO BRAZ,-25.42125396,-49.35579303,60,0,1643,1205,34,62,0,501,608
178,2178,COLÉGIO ESTADUAL DOMINGOS ZANLORENZI,"RUA PADRE PAULO WARKOCZ,670",CIDADE INDUSTRIAL,-25.44094308,-49.35504692,75,0,3126,2182,80,95,0,877,1130
178,2186,ESCOLA MUNICIPAL PRESIDENTE PEDROSA,"RUA BORORÓS, 1279",PORTÃO,-25.4657885,-49.294924,27,0,2707,1948,38,79,0,803,1028
178,2194,ESCOLA ESTADUAL SANTO ANTÔNIO,"RUA AMADEU PIOTTO, 37",CIDADE INDUSTRIAL,-25.43375941,-49.35485794,75,0,3787,2744,107,135,0,1109,1393
178,2208,ESCOLA MUNICIPAL CEI PADRE FRANCISCO MESZNER,RUA JOSE TISSI 146 - CONJUNTO CAMPONESA,CIDADE INDUSTRIAL,-25.43611978,-49.35060692,75,0,2201,1604,48,70,0,644,842
178,2216,COLÉGIO ESTADUAL PARA SURDOS ALCINDO FANAYA JUNIOR,RUA VITAL BRASIL 447,PORTÃO,-25.4625849,-49.2983969,27,0,3172,2213,41,96,0,917,1159
178,2232,ESCOLA ESTADUAL DE EDUCAÇÃO ESPECIAL LUCY REQUIÃO MELLO E SILVA,"AV MANOEL RIBAS, 7119",SANTA FELICIDADE,-25.39954936,-49.33840637,63,0,2137,1467,43,56,0,587,781
178,2240,PARÓQUIA N. SENHORA DA CONCEIÇÃO (PARÓQUIA BUTIATUVINHA),RUA PADRE ARTURO SEPPI 51,BUTIATUVINHA,-25.3963863,-49.3483101,61,0,1901,1461,34,58,0,657,712
178,2259,CURSO E COLÉGIO ACESSO,"AVENIDA VEREADOR TOALDO TULIO, 1930",SANTA FELICIDADE,-25.41019,-49.34594,60,0,3774,2593,70,116,0,997,1410
178,2267,COLÉGIO ESTADUAL PARA SURDOS ALCINDO FANAYA JUNIOR,RUA VITAL BRASIL 447,VILA IZABEL,-25.4635105,-49.2968165,27,0,1715,1182,39,44,0,374,725
178,2283,PARÓQUIA SÃO JOSÉ TRABALHADOR,"RUA MAJOR HEITOR GUIMARÃES, 1526",CAMPINA DO SIQUEIRA,-25.439272,-49.309998,30,0,1276,884,26,40,0,258,560
178,2291,UFPR - DEPARTAMENTO DE MÚSICAS E ARTES (BATEL),"RUA CORONEL DULCIDIO, 638",BATEL,-25.4388461,-49.2831409,10,0,967,648,20,23,0,159,446
178,2305,ESCOLA SEB - DOM BOSCO - UNIDADE BATEL,"AVENIDA VISCONDE DE GUARAPUAVA, 5581",BATEL,-25.4469769,-49.2943425,10,0,1215,835,23,20,0,247,545
178,2321,COLÉGIO ARQUIDIOCESANO DE CURITIBA,"RUA MONSENHOR BOLESLAU FALARZ, 200",CIDADE INDUSTRIAL,-25.432812,-49.357063,75,0,4609,3368,100,129,0,1401,1738
