NR_ZONA,NR_LOCAL_VOTACAO,NM_LOCAL_VOTACAO,DS_LOCAL_VOTACAO_ENDERECO,NM_BAIRRO,NR_LATITUDE,NR_LONGITUDE,ID_BAIRRO,FL_TRANSITO,QT_ELEITORES,QT_VOTOS_TOTAL,QT_VOTOS_BRANCOS,QT_VOTOS_NULOS,QT_VOTOS_ANULADOS,CAND_13,CAND_22
1,1244,COLEGIO ESTADUAL ANGELO TREVISAN,R CARLOS RAZERA   445,VISTA ALEGRE,-25.41149479,-49.29358008,31,0,4990,4119,70,128,0,1302,2619
1,1252,ESCOLA ESTADUAL DONA CAROLA,R SOLIMOES  290,SÃO FRANCISCO,-25.41958047,-49.27991765,2,0,1701,1418,29,51,0,481,857
1,1260,ESCOLA MUNICIPAL MIRAZINHA BRAGA,R CORONEL JOAO GUILHERME GUIMARAES 1500,BOM RETIRO,-25.40885668,-49.28136751,13,0,2104,1788,25,47,0,581,1135
1,1279,ESCOLA MUNICIPAL NYMPHA MARIA DA ROCHA PEPLOW,R BATISTA PESSINE  933,VISTA ALEGRE,-25.41214346,-49.30378369,31,0,1516,1278,16,46,0,405,811
1,1317,COLÉGIO ADVENTISTA BOM RETIRO (PARTICULAR),R LYSIMACO FERREIRA DA COSTA 980,BOM RETIRO,-25.41612053,-49.27517221,13,0,3914,3143,44,88,0,1125,1886
1,1325,COLÉGIO CATÓLICA DE CURITIBA,NILO PECANHA  1635,BOM RETIRO,-25.406049,-49.2759618,13,0,4793,3967,85,101,0,1334,2447
1,1422,COLEGIO ESTADUAL BENTO MUNHOZ DA ROCHA NETO,R ELVIRA B POLAK  67,PILARZINHO,-25.39678581,-49.28933367,32,0,3970,3221,74,81,0,1188,1878
1,1430,ESCOLA MUNICIPAL HERLEY MEHL,RUA SATURNINO ARRUDA DOS SANTOS 80,PILARZINHO,-25.38869683,-49.28458932,32,0,4637,3798,44,133,0,1330,2291
1,1457,ESCOLA ESTADUAL PROFESSORA MARIA HELOISA CASSELI,RUA CATHARINA POTINA DE MAURO 80,PILARZINHO,-25.39274258,-49.30096661,32,0,2112,1762,30,50,0,590,1092
1,1465,ESCOLA MUNICIPAL PILARZINHO,R JORNALISTA GERALDO RUSSE  275,PILARZINHO,-25.38910219,-49.29454348,32,0,2438,1936,36,57,0,740,1103
1,1716,ESCOLA MUNICIPAL ANA HELLA,RUA JOSE HELLA  93,VISTA ALEGRE,-25.39926059,-49.29778979,31,0,1748,1481,33,40,0,498,910
1,1732,ESCOLA MUNICIPAL CEI PROFESSOR LAURO ESMANHOTO,RUA AFFONSO BARONI  175,PILARZINHO,-25.38022836,-49.29552678,32,0,2109,1771,31,51,0,711,978
1,1740,COLEGIO VICENTINO SAO JOSE (PARTICULAR),R PADRE JOSE JOAQUIM GORAL  182,ABRANCHES,-25.3823401,-49.27253978,50,0,3175,2710,71,85,0,927,1627
1,1759,PAROQUIA SANTANA DE ABRANCHES,RUA VITORIO JOAO BRUNOR 688,ABRANCHES,-25.38173497,-49.27189896,50,0,1630,1356,21,38,0,424,873
1,1767,COLEGIO ESTADUAL PROFESSOR LOUREIRO FERNANDES,R MARECHAL MALLET    540,AHÚ,-25.40759083,-49.2607406,14,0,4269,3628,74,115,0,1229,2210
1,1775,ESCOLA ESTADUAL ALINE PICHETH,R EURIPEDES GARCEZ DO NASCIMENTO    921,AHÚ,-25.40413701,-49.26540599,14,0,3134,2634,47,80,0,788,1719
1,1830,ESCOLA MUNICIPAL PROFESSOR BRANDAO,AV JOAO GUALBERTO  953,ALTO DA GLÓRIA,-25.41836088,-49.26361423,4,0,4416,3575,78,102,0,1253,2142
1,1848,COLEGIO ESTADUAL SANTA GEMMA GALGANI,R ASSIS BRASIL    983,ABRANCHES,-25.37190675,-49.26778731,50,0,3263,2747,55,92,0,881,1719
1,1856,COLEGIO ESTADUAL GELVIRA CORREA PACHECO,R CARMELINA CAVASSIN  385,BARREIRINHA,-25.36678148,-49.26462534,52,0,5136,4315,72,144,0,1441,2658
1,1864,ESCOLA MUNICIPAL JULIA AMARAL DI LENNA,RUA JOAO MACHADO DE CAMARGO 25,BARREIRINHA,-25.3767799,-49.25781793,52,0,5060,4193,67,150,0,1392,2584
1,1872,ESCOLA ESTADUAL MARIA PEREIRA MARTINS,AV ANITA GARIBALDI  5340,BARREIRINHA,-25.36693686,-49.25984971,52,0,3103,2514,54,78,0,853,1529
1,1910,ESCOLA MUNICIPAL CEI ROMARIO MARTINS,"R DAVID BODZIAK, 828",CACHOEIRA,-25.35283297,-49.25518343,51,0,3662,2994,54,60,0,1142,1738
1,1929,CLUBE CURITIBANO SEDE CONCORDIA,"PRESIDENTE CARLOS CAVALCANTI,  815",SÃO FRANCISCO,-25.4256255,-49.27282461,2,0,2198,1766,28,27,0,823,888
1,1937,FUNDACAO DE ESTUDOS SOCIAIS DO PARANA - FESP,R GENERAL CARNEIRO   216,ALTO DA GLÓRIA,-25.42511006,-49.26323943,1,0,2102,1758,31,47,0,604,1076
1,1945,ESCOLA MUNICIPAL  DUILIO CALDERARI,RUA JOSE SPERANCETTA   66,SÃO LOURENÇO,-25.38660019,-49.26212578,33,0,2465,2072,42,72,0,632,1326
1,1953,ESCOLA ESTADUAL ERNANI VIDAL,R MATEUS LEME  3291,SÃO LOURENÇO,-25.39837175,-49.27155922,33,0,2651,2199,45,79,0,700,1375
1,1961,COLEGIO MARTINUS (PARTICULAR),"RUA PRESIDENTE CARLOS CAVALCANTI, 999",SÃO FRANCISCO,-25.42515703,-49.27490012,2,0,2202,1803,31,36,0,718,1018
1,1970,COLEGIO ESTADUAL SEBASTIAO SAPORSKI,RUA MARIA DE LOURDES MICKOSZ 350,TABOÃO,-25.37499232,-49.27813341,49,0,1305,1058,21,30,0,376,631
1,1988,COLEGIO INTEGRAL (PARTICULAR),"RUA ALBERTO FOLLONI, 220",JUVEVÊ,-25.41347846,-49.26359958,15,0,2641,2194,34,58,0,866,1236
1,1996,COLEGIO BOM JESUS DIVINA PROVIDENCIA (PARTICULAR),LEONIDAS VICENTE DE CASTRO 81,AHÚ,-25.40153844,-49.26761273,14,0,4843,4065,82,125,0,1283,2575
1,2020,ESCOLA MUNICIPAL CEI ULYSSES SILVEIRA GUIMARAES,"RUA PEDRO DE SIQUEIRA CORTES, 323",ABRANCHES,-25.36413711,-49.2749189,50,0,1089,901,16,27,0,300,558
1,2038,ESCOLA MUNICIPAL CEI PROFESSOR  JOSE WANDERLEY DIAS,"RUA DOS IPES, 122",BARREIRINHA,-25.37475477,-49.25295774,52,0,2095,1793,36,52,0,567,1138
1,2232,COLEGIO MARISTA SANTA MARIA (PARTICULAR),"RUA PROFESSOR JOAQUIM DE MATTOS BARRETO, 98",SÃO LOURENÇO,-25.38985747,-49.26867258,33,0,3919,3297,65,101,0,1313,1818
1,2240,FACULDADE INSPIRAR,"RUA JOÃO TSCHANNERL, 880",PILARZINHO,-25.4046383,-49.2891437,31,0,1975,1672,38,51,0,554,1029
1,2259,ESCOLA MUNICIPAL TANIRA REGINA SCHMIDT,"RUA VICTOR KOTOVIS, 162",ABRANCHES,-25.35568909,-49.27415003,50,0,2010,1720,41,43,0,630,1006
1,2330,CURSO DE COMUNICACÃO SOCIAL DA UFPR,R BOM JESUS     650,JUVEVÊ,-25.41376315,-49.25244683,15,0,3144,2655,45,73,0,972,1565
1,2348,COLEGIO POSITIVO JUNIOR,R MARCELINO CHAMPAGNAT  733,MERCÊS,-25.4289114,-49.29418016,12,0,4333,3633,83,90,0,916,2544
1,2356,COLEGIO DOM BOSCO,RUA PAULO MARTINS  314,MERCÊS,-25.41777304,-49.2964639,12,0,2515,2079,38,69,0,656,1316
1,2364,COLEGIO ESTADUAL SENADOR MANOEL ALENCAR GUIMARAES,AV CANDIDO HARTMANN  1650,MERCÊS,-25.42513962,-49.30041889,12,0,2149,1800,22,56,0,548,1174
1,2372,SETOR DE CIENCIAS AGRARIAS,R DOS FUNCIONARIOS 1540,JUVEVÊ,-25.41013795,-49.24888101,16,0,4263,3567,73,114,0,1132,2248
1,2380,ASSOCIAÇÃO EDUCATIVA STELLA MARIS,R ROCHA POMBO 792,JUVEVÊ,-25.41258457,-49.26139874,15,0,5469,4563,107,137,0,1507,2812
1,2399,CENTRO REDENTORISTA SANTO AFONSO,"R UBALDINO DO AMARAL, 204",ALTO DA RUA XV,-25.4231795,-49.2606732,4,0,3223,2634,41,66,0,1019,1508
1,2402,ESCOLA MADRE ANATOLIA,RUA MARTIN AFONSO  575,MERCÊS,-25.42779906,-49.28285509,12,0,1768,1433,36,48,0,492,857
1,2410,COLEGIO ESTADUAL PROFESSOR GUIDO STRAUBE,R JACAREZINHO   1680,MERCÊS,-25.41535155,-49.2898898,12,0,2396,1964,37,54,0,693,1180
1,2429,ESCOLA ESTADUAL PROFESSOR CLETO,RUA VISCONDE DE NACAR   544,MERCÊS,-25.42753994,-49.28036107,2,0,1655,1312,19,40,0,556,697
1,2437,ESCOLA VICENTINA NOSSA SENHORA DAS MERCES,"AV MANOEL RIBAS, 1154",MERCÊS,-25.42279077,-49.29029039,12,0,2443,1996,43,55,0,698,1200
1,2445,HOSPITAL DE CLÍNICAS,"RUA GENERAL CARNEIRO, 181",ALTO DA GLÓRIA,-25.4248837,-49.2620917,4,0,186,168,1,2,0,117,48
2,1112,ESCOLA MUNICIPAL ANISIO TEIXEIRA,R JOAO BATISTA SCUCATO 80 CJTO HABITACIONAL N ESPERANCA,ATUBA,-25.38417494,-49.20112808,55,0,3648,3002,59,68,0,1027,1848
2,1120,COLEGIO ESTADUAL LEONCIO CORREIA,R COSTA RICA   223,BACACHERI,-25.40139684,-49.24463919,35,0,8759,7122,116,162,0,2434,4410
2,1139,ESCOLA MUNICIPAL ENY CALDEIRA,R GUILHERME IHLENFELDT   51,BACACHERI,-25.38872635,-49.2259122,35,0,5590,4718,86,130,0,1438,3064
2,1147,ESCOLA MUNICIPAL JAGUARIAIVA,"RUA JOSÉ MAZEPA, 51",BACACHERI,-25.39634862,-49.21722528,35,0,2984,2513,44,68,0,781,1620
2,1155,FACULDADE DE ARTES DO PARANÁ,RUA DOS FUNCIONÁRIOS 1357,CABRAL,-25.41250163,-49.24707089,16,0,2691,2224,40,62,0,760,1362
2,1163,SOCIEDADE BENEFICENTE DUQUE DE CAXIAS,R COSTA RICA  1173,BACACHERI,-25.39714944,-49.23766519,35,0,5057,4299,57,140,0,1178,2924
2,1180,COLÉGIO MADALENA SOFIA,"R SANTA MADALENA SOFIA BARAT, 809",BAIRRO ALTO,-25.41267305,-49.21529014,36,0,7197,6019,97,185,0,1868,3869
2,1198,ESCOLA MUNICIPAL ARAUCARIA,R RIO IRIRI  355,BAIRRO ALTO,-25.40380732,-49.20740499,36,0,2927,2402,41,61,0,751,1549
2,1201,ESCOLA DUNAMYS ENSINO FUNDAMENTAL (PARTICULAR),"RUA RIO IRIRI, 1125",BAIRRO ALTO,-25.40095963,-49.20114794,36,0,4697,3867,84,99,0,1298,2386
2,1279,COLEGIO NOSSA SENHORA DO ROSARIO,R EDUARDO GERONASSO  1266,BACACHERI,-25.39100582,-49.23496776,35,0,4786,4122,88,105,0,1387,2542
2,1295,ESCOLA MUNICIPAL CARAMURU,TRAV RODOLPHO ROSENAU 157,CABRAL,-25.39787701,-49.25545294,16,0,1460,1238,17,37,0,470,714
2,1384,COLÉGIO ESTILLO,"RUA DOUTOR LUIZ FERNANDO VAN DER BROOCKE, 174",BACACHERI,-25.41306796,-49.23204247,18,0,3973,3369,71,94,0,982,2222
2,1414,ESCOLA ESTADUAL NOSSA SENHORA DA SALETE,AVENIDA WASHINGTON LUIZ  620,JARDIM SOCIAL,-25.41980079,-49.23009,18,0,5582,4650,88,119,0,1344,3099
2,1449,ESCOLA MUNICIPAL AUGUSTO CESAR SANDINO,R MOBRAL  413,SANTA CANDIDA,-25.36401272,-49.23234376,53,0,3563,2884,44,63,0,1007,1770
2,1457,ESCOLA MUNICIPAL RAUL GELBECK,RUA ODACIR SCHILIPAK 359,SANTA CANDIDA,-25.37337604,-49.2416653,53,0,3305,2646,39,79,0,955,1573
2,1465,ESCOLA ESTADUAL SANTA CANDIDA,RUA THEODORO MAKIOLKA  155,SANTA CANDIDA,-25.37399365,-49.22445673,53,0,7781,6427,104,173,0,2103,4047
2,1503,COLEGIO ESTADUAL CECILIA MEIRELES,RUA PEDRO ELOY DE SOUZA  1700,BAIRRO ALTO,-25.42496838,-49.20393852,36,0,9487,7659,128,212,0,2635,4684
2,1511,ESCOLA ESTADUAL DONA BRANCA DO NASCIMENTO MIRANDA,R JORGE BONN 460 VILA TINGUI,TINGUI,-25.39210065,-49.21984325,54,0,3959,3333,64,97,0,1035,2137
2,1520,ESCOLA ESTADUAL MARIA MONTESSORI,R GUILHERME IHLENFELDT 980  VILA TINGUI,TINGUI,-25.38377993,-49.22941911,54,0,5163,4202,87,116,0,1385,2614
2,1538,SALAO DA IGREJA DE SANTA CANDIDA,RUA PADRE JOAO WILINSKI 755,SANTA CANDIDA,-25.37399302,-49.22427552,53,0,4180,3393,63,103,0,1118,2109
2,1546,GRUPO DE ESCOTEIROS SAO LUIZ DE GONZAGA,RUA OSORIO DUQUE ESTRADA 560,JARDIM SOCIAL,-25.4155791,-49.23394586,18,0,1186,1016,19,32,0,296,669
2,1570,CEI CURITIBA ANO 300,RUA JORNALISTA ALCEU CHICHORRO 180,BAIRRO ALTO,-25.41441618,-49.20623962,36,0,2731,2267,28,62,0,809,1368
2,1589,ESCOLA MUNICIPAL ERASMO PILOTTO,RUA RIO JAPURA 648,ATUBA,-25.39452913,-49.20346469,55,0,4407,3718,64,80,0,1081,2493
2,1791,ESCOLA MUNICIPAL SANTA AGUEDA,"RUA JOSE ANTONIO LEPREVOST, 496",SANTA CANDIDA,-25.37673384,-49.23127177,53,0,2834,2370,53,64,0,791,1462
2,1805,COLÉGIO PASSIONISTA N. S. MENINA,"RUA BOM JESUS, 881 - A",CABRAL,-25.41481835,-49.25088176,16,0,4227,3464,64,94,0,1129,2177
2,1880,ESCOLA ESTADUAL CRUZEIRO DO SUL,RUA BUDA 8,SANTA CANDIDA,-25.36718325,-49.21023656,53,0,2677,2174,37,59,0,785,1293
2,1899,COLEGIO ESTADUAL PROFESSOR ALGACYR MUNHOZ MAEDER,"RUA SEBASTIAO ALVES FERREIRA, 1164",BAIRRO ALTO,-25.40423001,-49.206835,36,0,7565,6214,129,182,0,1856,4047
2,1988,COLEGIO ESTADUAL  ERMELINO DE LEAO,AV NOSSA SENHORA DE NAZARE  900,BOA VISTA,-25.39208318,-49.24743269,34,0,6100,4940,94,129,0,1699,3018
2,1996,ESCOLA MUNICIPAL PROFESSOR RICARDO KRIEGER,"RUA MARIA GERONASSO DO ROSARIO, 346",BOA VISTA,-25.38429345,-49.23731129,34,0,2092,1789,31,67,0,622,1069
2,2003,COLEGIO ESTADUAL PAPA JOAO PAULO I,R MARIA GERONASSO DO ROSARIO  259,BOA VISTA,-25.3842462,-49.23793332,34,0,4198,3432,66,100,0,1226,2040
2,2011,COLEGIO ESTADUAL ANGELO GUSSO,"RUA JULIO PEDROSO DE MORAIS, 10",BOA VISTA,-25.3884335,-49.25934738,34,0,3630,3006,58,98,0,1069,1781
2,2020,COLEGIO POSITIVO BOA VISTA,"RUA CARLOS DE CAMPOS, 1090",BOA VISTA,-25.39211877,-49.24270216,34,0,7071,5868,115,157,0,1886,3710
2,2038,COLÉGIO ADVENTISTA UNIDADE BOA VISTA,"RUA FERNANDO DE NORONHA, 470",SANTA CANDIDA,-25.3815724,-49.23564726,53,0,2540,2040,43,57,0,848,1092
3,1023,ESCOLA ESTADUAL REPÚBLICA ORIENTAL DO URUGUAI,"AV PRES. AFFONSO CAMARGO, N. 3407, CAPAO DA IMBUIA",CAPAO DA IMBUIA,-25.4404556,-49.2289774,20,0,4383,3701,74,83,0,1185,2359
3,1058,ESCOLA MUNICIPAL IRATI,"AV JORN ADERBAL GAERTNER STRESSER, N. 775, CONJUNTO MERCÚRIO",CAJURU,-25.4702853,-49.2024938,21,0,4593,3887,69,88,0,1203,2527
3,1066,ESCOLA MUNICIPAL AYRTON SENNA DA SILVA,"RUA ANTÔNIO MOREIRA LOPES, N. 1301, JARDIM ACRÓPOLE",CAJURU,-25.4709948,-49.1920684,21,0,4352,3492,64,72,0,1347,2009
3,1074,COLEGIO ESTADUAL MÁXIMO ATÍLIO ASINELLI,"RUA JÚLIO WISCHRAL, N. 650, UBERABA DE CIMA",UBERABA,-25.4744266,-49.2233534,37,0,3093,2598,40,60,0,778,1720
3,1082,ESCOLA MUNICIPAL MARUMBI,"RUA FRANCISCO LICNERSKI, 50,  PRÓXIMO À SANEPAR DA BR 277",UBERABA,-25.4795245,-49.2027126,37,0,3834,3197,59,79,0,1072,1987
3,1090,ESCOLA MUNICIPAL CORONEL DURIVAL BRITTO E SILVA,"RUA EMÍLIO BERTOLINI, N. 44, VILAS OFICINAS",CAJURU,-25.4481352,-49.2158304,21,0,4091,3414,66,107,0,1182,2059
3,1104,ESCOLA MUNICIPAL PREFEITO LINNEU FERREIRA DO AMARAL,"RUA RORAIMA, N. 1570, VILAS OFICINAS",CAJURU,-25.4525528,-49.2082456,21,0,5083,4147,78,99,0,1426,2544
3,1112,COLÉGIO ESTADUAL NATÁLIA REGINATO,"RUA GOIÂNIA,  679, VILAS OFICINAS",CAJURU,-25.4548352,-49.2202622,21,0,2241,1818,24,42,0,550,1202
3,1120,ESCOLA ESTADUAL PROFESSOR NILO BRANDÃO,"AV JORN. ADERBAL GAERTNER STRESSER, 748",CAJURU,-25.4709655,-49.2042646,21,0,4763,3906,58,103,0,1232,2513
3,1139,ESCOLA ESTADUAL DEPUTADO OLÍVIO BELICH,"RUA ENGENHEIRO COSTA BARROS, N. 1600, VILA CAMARGO",CAJURU,-25.4599911,-49.2118333,21,0,5861,4686,77,91,0,1504,3014
3,1147,ESCOLA MUNICIPAL PREFEITO OMAR SABBAG,"RUA PEDRO BOCCHINO, N. 140, VILAS OFICINAS",CAJURU,-25.450722,-49.2181567,21,0,8014,6397,124,157,0,2284,3832
3,1155,ESCOLA ESTADUAL SANTA ROSA,"RUA AMÍLTON PORTUGAL PEREIRA, 515, SOLITUDE",CAJURU,-25.4759929,-49.1948777,21,0,3867,3066,49,75,0,1082,1860
3,1163,COLÉGIO ESTADUAL SENHORINHA DE MORAES SARMENTO,"RUA CATULO DA PAIXÃO CEARENSE, N. 1000, CENTENÁRIO",CAJURU,-25.4645076,-49.2046715,21,0,9783,7739,121,174,0,2841,4603
3,1198,ESCOLA MUNICIPAL PROFESSOR ENÉAS MARQUES DOS SANTOS,"RUA OSMÁRIO DE LIMA, N. 100",CAPAO DA IMBUIA,-25.433934,-49.2188575,20,0,3968,3268,61,91,0,1085,2031
3,1201,ESCOLA MUNICIPAL C.E.I. EVA DA SILVA,"RUA FREDERICO STADLER JÚNIOR, N. 1670",CAPAO DA IMBUIA,-25.4412945,-49.2052541,20,0,5216,4266,81,95,0,1424,2666
3,1210,COLÉGIO ESTADUAL PROFESSORA MARIA AGUIAR TEIXEIRA,"AV PRESIDENTE AFFONSO CAMARGO, N. 3463",CAPAO DA IMBUIA,-25.4395174,-49.2278613,20,0,6814,5427,99,147,0,1825,3356
3,1228,ESCOLA MUNICIPAL GUILHERME LACERDA BRAGA SOBRINHO,"RUA SIMÃO BRANTE, N. 1735",UBERABA,-25.4920289,-49.223117,37,0,1924,1571,37,27,0,505,1002
3,1465,COLÉGIO ESTADUAL ALFREDO PARODI,"RUA ESPIRIDIÃO KALLUF, 125, JARDIM CENTAURO",UBERABA,-25.4939276,-49.2099997,37,0,5774,4532,79,113,0,1508,2832
3,1473,COLÉGIO ESTADUAL CONSELHEIRO CARRÃO,"RUA DOUTOR SIMÃO KOSSUBUDSKI, N. 165",UBERABA,-25.4970931,-49.2180592,37,0,4627,3712,67,84,0,1194,2367
3,1481,ESCOLA MUNICIPAL DONA LULA,"RUA ELIAS MOYSES SCHELELA, N. 570",UBERABA,-25.4860754,-49.2263022,37,0,2108,1733,21,41,0,539,1132
3,1490,ESCOLA MUNICIPAL PROFESSORA DONATILA CARON DOS ANJOS,"RUA ALVORADA, N. 460, CANAL BELEM",UBERABA,-25.4785787,-49.2395903,37,0,2291,1862,35,47,0,639,1141
3,1503,ESCOLA MUNICIPAL C.E.I. ISSA NACLI,"RUA CAPITÃO LEÔNIDAS MARQUES, N. 2147, UBERABA DE CIMA",UBERABA,-25.4820981,-49.2133185,37,0,5559,4650,70,113,0,1460,3007
3,1511,ESCOLA MUNICIPAL PROFESSOR JOÃO  MACEDO FILHO,"RUA ULISSES JOSÉ RIBEIRO, N. 410",UBERABA,-25.4719677,-49.2274428,37,0,2420,2048,39,55,0,575,1379
3,1546,ESCOLA ESTADUAL SÃO PAULO APÓSTOLO,"RUA CORONEL JOSÉ CARVALHO DE OLIVEIRA, N. 1275",UBERABA,-25.4817072,-49.2271629,37,0,6163,5132,79,145,0,1625,3283
3,1562,CRECHE MUNICIPAL TRINDADE,"RUA DA TRINDADE, N. 368, VILA TRINDADE",CAJURU,-25.4467777,-49.2055083,21,0,2179,1751,32,51,0,585,1083
3,1589,ESCOLA MUNICIPAL ELZA LERNER,"RUA LUIZ FRANÇA, 2873, VILA CAMARGO",CAJURU,-25.4619114,-49.2150122,21,0,4325,3641,62,87,0,1160,2332
3,1597,ESCOLA MUNICIPAL C.E.I.  RITTA ANNA DE CÁSSIA,"RUA FORTALEZA, N. 1343, VILA CAMARGO",CAJURU,-25.458176,-49.2046387,21,0,3237,2628,44,69,0,969,1546
3,1600,ESCOLA BANDEIRANTES,"RUA CUIABÁ, N. 1284, VILAS OFICINAS",CAJURU,-25.4546388,-49.2098731,21,0,3082,2616,59,83,0,801,1673
3,1643,COLÉGIO ESTADUAL ANÍBAL KHURY NETO,"RUA AVELINO MONTOVANI, N. 430",UBERABA,-25.4852021,-49.2037322,37,0,4382,3417,67,73,0,1288,1989
3,2054,ESCOLA MUNICIPAL MICHEL KHURY,"RUA ADHMAR VIEIRA DE ARAÚJO, N. 457",UBERABA,-25.4893901,-49.2022535,37,0,2709,2165,48,58,0,865,1194
3,2062,ESCOLA MUNICIPAL RACHEL MADER GONÇALVES,"RUA GUSTAVO BARROZO GONÇALVES, 26",UBERABA,-25.4868275,-49.2003096,37,0,1641,1312,30,26,0,561,695
3,2070,ESCOLA MUNICIPAL PROFESSORA MARIA DE LOURDES LAMAS PEGORARO,"RUA JOÃO ALVES DE ARAÚJO, N. 273, SOLITUDE",CAJURU,-25.4751088,-49.1960493,21,0,1503,1240,24,29,0,410,777
3,2089,ESCOLA MUNICIPAL PROFESSORA MARIA MARLI PIOVEZAN,"RUA VELCY BOLÍVAR GRANDÓ, 105",UBERABA,-25.4953612,-49.2081413,37,0,2877,2259,28,41,0,895,1295
3,2178,PARÓQUIA SÃO PAULO APÓSTOLO,"RUA PADRE JULIO SAAVEDRA, 170",UBERABA,-25.4765343,-49.2293418,37,0,3721,3119,57,66,0,822,2174
4,1104,ESCOLA MUNICIPAL SIDONIO MURALHA,"RUA LUDOVICO KAMINSKI, 3460 - CJ CAIUA",CIDADE INDUSTRIAL,-25.4853905,-49.3502324,75,0,4902,4008,78,140,0,1339,2451
4,1392,COLEGIO ESTADUAL PAULA GOMES,RUA CURUPIS  903,SANTA QUITERIA,-25.459764,-49.3074766,43,0,6868,5630,93,175,0,1845,3517
4,1414,CENTRO MUNICIPAL DE EDUCAÇÃO INFANTIL NICE BRAGA,"RUA BOCAIUVA,  351",SANTA QUITERIA,-25.4630033,-49.304932,43,0,3912,3239,66,120,0,1023,2030
4,1430,COLEGIO (PARTICULAR) PADRE JOAO BAGOZZI,"RUA CALIXTO RAZZOLINI, 14",PORTÃO,-25.4755597,-49.2947683,27,0,6581,5392,107,141,0,1877,3267
4,1449,COLEGIO ESTADUAL PEDRO MACEDO,"AVENIDA REPUBLICA ARGENTINA,   2376",PORTÃO,-25.4675379,-49.29327,27,0,7642,6264,129,155,0,2218,3762
4,1457,ESCOLA MUNICIPAL PAPA JOAO XXIII,"RUA ITACOLOMI,  700 - VILA LEAO",PORTÃO,-25.4793874,-49.2993917,27,0,5052,4191,56,123,0,1343,2669
4,1490,ESCOLA ESTADUAL MARECHAL CANDIDO RONDON,"RUA RICARDO NEGRAO FILHO, 287",PORTÃO,-25.47445,-49.3110344,27,0,3808,3140,59,104,0,921,2056
4,1503,ESCOLA MUNICIPAL PROFESSOR FRANCISCO KLENTZ,"RUA FRANCISCO TISSOT, 119 - VILA ROSINHA",PORTÃO,-25.4724158,-49.3159873,27,0,2639,2214,38,68,0,740,1368
4,1554,ESCOLA MUNICIPAL SAO MIGUEL,"RUA RAUL ZANON, 175 - SANTA HELENA",CIDADE INDUSTRIAL,-25.479553,-49.3367299,75,0,5618,4518,79,134,0,1546,2759
4,1562,ESCOLA MUNICIPAL PROFESSORA MARIA DO CARMO MARTINS,"RUA JOAO DEMBINSKI, 1377",CIDADE INDUSTRIAL,-25.4603265,-49.3450213,75,0,4830,3995,75,112,0,1487,2321
4,1570,ESCOLA MUNICIPAL HEITOR ALENCAR FURTADO,"RUA ROBERT REDZINSKI,  150",CIDADE INDUSTRIAL,-25.4572599,-49.3494379,75,0,3974,3310,48,84,0,1239,1939
4,1589,ESCOLA MUNICIPAL JARDIM SANTOS ANDRADE,"RUA LUIZ ZILLI, 405",CAMPO COMPRIDO,-25.4565079,-49.3259374,44,0,2716,2221,48,46,0,824,1303
4,1597,FUNDACAO DE AÇÃO SOCIAL DO CAMPO COMPRIDO - FAS (MUNICIPAL),"RUA EDUARDO SPRADA, 4520",CIDADE INDUSTRIAL,-25.4468243,-49.3486726,75,0,2868,2336,38,67,0,774,1457
4,1600,ESCOLA MUNICIPAL MORADIAS DO RIBEIRAO,"RUA JOAO DEMBINSKI, 3030",CIDADE INDUSTRIAL,-25.4746405,-49.3394871,75,0,3463,2861,57,89,0,958,1757
4,1619,ESCOLA ESTADUAL JOSE FRESSATO,"RUA NOVA LONDRINA, 30",AUGUSTA,-25.4572049,-49.3775575,68,0,1857,1515,32,32,0,433,1018
4,1627,CEI - CENTRO DE EDUCAÇÃO INFANTIL OLIVIO SOARES SABOIA (MUNICIPAL),"R JOAO ALEXANDRE KOPP, 505",CIDADE INDUSTRIAL,-25.4805601,-49.3475155,75,0,3294,2709,46,76,0,887,1700
4,1643,COLÉGIO ESTADUAL PROFESSORA HILDEGARD SONDAHL - EFM,"RUA JOAQUIM DE SIQUEIRA CORTES, 62",CIDADE INDUSTRIAL,-25.4871391,-49.3529339,75,0,3055,2498,47,82,0,827,1542
4,1651,ESCOLA ESTADUAL MONSENHOR IVO ZANLORENZI,"R EDUARDO SPRADA, 4114",CAMPO COMPRIDO,-25.4448298,-49.3454058,44,0,4662,3853,70,129,0,1186,2468
4,1694,ESCOLA MUNICIPAL PROFESSOR ULISSES FALCAO VIEIRA,"RUA EDUARDO SPRADA,  5062",CIDADE INDUSTRIAL,-25.4495891,-49.3524682,75,0,4087,3370,56,131,0,1135,2048
4,1708,COLEGIO ESTADUAL TEOTONIO VILELA,"RUA ROBERT REDZIMSKI, 1000",CIDADE INDUSTRIAL,-25.4573312,-49.3490455,75,0,5696,4665,85,123,0,1657,2800
4,1716,COLEGIO (PARTICULAR) MARTINUS PORTÃO,"RUA ARTHUR MOHR,144",PORTÃO,-25.4728121,-49.2993114,27,0,2339,1985,33,46,0,644,1262
4,1724,COLEGIO ESTADUAL PROTASIO DE CARVALHO,"RUA CIDADE GAUCHA, 120",CIDADE INDUSTRIAL,-25.4736887,-49.3471497,75,0,5641,4571,65,123,0,1550,2833
4,1740,ASPP - ASSOCIACAO DOS SERVIDORES PUBLICOS DO PARANA,"RUA PROFESSOR ULISSES VIEIRA, 2303",SANTA QUITERIA,-25.4634484,-49.3119603,43,0,7002,5733,93,143,0,2012,3485
4,1937,ESCOLA MUNICIPAL LINA MARIA MOREIRA,"RUA LUIZ RONALDO CANALLI, 3280",CAMPO COMPRIDO,-25.4617942,-49.3340344,44,0,2014,1660,20,49,0,583,1008
4,1945,UNIVERSIDADE POSITIVO,"RUA PROFESSOR PEDRO VIRIATO PARIGOT DE SOUZA, 5300",CIDADE INDUSTRIAL,-25.4463624,-49.3587731,75,0,6207,5163,91,129,0,1495,3448
4,1953,ESCOLA MUNICIPAL PRESIDENTE TANCREDO DE ALMEIDA NEVES,"RUA DESEMBARGADOR CID CAMPELO, 7588",CIDADE INDUSTRIAL,-25.4844458,-49.3384813,75,0,1352,1128,17,33,0,407,671
4,1961,FACULDADE PADRE JOÃO BAGOZZI (PARTICULAR),"RUA CAETANO MARCHESINI, 952",PORTÃO,-25.4767386,-49.3024191,27,0,7014,5819,102,168,0,1737,3812
4,1970,ESCOLA MUNICIPAL COLONIA AUGUSTA,"RUA STANISLAU FELIBRANTE, 80",AUGUSTA,-25.4785772,-49.359235,68,0,1011,838,17,19,0,347,455
4,1988,ESCOLA MUNICIPAL PADRE JOÃO CRUCIANI,"RUA JOSÉ GONÇALVES JUNIOR, 259",CAMPO COMPRIDO,-25.466621,-49.3272552,44,0,1184,995,8,38,0,363,586
4,1996,COLÉGIO EFETIVO (PARTICULAR),"RUA JOÃO ALENCAR GUIMARÃES, 2883",CAMPO COMPRIDO,-25.4614147,-49.3250429,44,0,1509,1215,16,40,0,393,766
4,2100,ESCOLA MUNICIPAL GRACILIANO RAMOS,RUA ALCIR MARTINS BASTOS 560,FAZENDINHA,-25.4871426,-49.3265397,42,0,3558,2930,53,105,0,944,1828
4,2119,REDE MARISTA DE SOLIDARIEDADE,"RUA RAUL POMPEIA, 188",CIDADE INDUSTRIAL,-25.477421,-49.3331403,75,0,1593,1297,19,44,0,411,823
4,2127,ESCOLA MUNICIPAL NOVA ESPERANCA,"RUA HENRIQUE MATTIOLI, 410",FAZENDINHA,-25.4836905,-49.3312954,42,0,2100,1758,27,64,0,548,1119
4,2135,CMEI SANTA AMÉLIA,"RUA FERNANDO DE SOUZA COSTA, 375",FAZENDINHA,-25.4857635,-49.3253689,42,0,1227,943,16,40,0,322,565
4,2143,PARÓQUIA SANTA AMÉLIA - PAVILHÃO PAROQUIAL,"AVENIDA ALCIR MARTINS BASTOS, 510",FAZENDINHA,-25.4866489,-49.3257172,42,0,1705,1375,21,42,0,465,847
4,2151,CEI - PROFESSOR ADRIANO GUSTAVO CARLOS ROBINE,"RUA VEREADOR ELIAS KARAM, 480",FAZENDINHA,-25.4803666,-49.3313832,42,0,2146,1736,38,56,0,598,1044
4,2160,COLEGIO ESTADUAL AVELINO ANTONIO VIEIRA,RUA JULIO MESQUITA 12,FAZENDINHA,-25.4868003,-49.3271029,42,0,5077,4138,75,128,0,1251,2684
4,2178,CENTRO MUNICIPAL DE EDUCAÇÃO INFANTIL FAZENDINHA,"RUA ELOI MICHELETI, 09",FAZENDINHA,-25.4795952,-49.327815,42,0,371,269,3,6,0,131,129
4,2186,ESCOLA MUNICIPAL PADRE JOSE DE ANCHIETA,R DANIEL MIKOVSKI  191,FAZENDINHA,-25.4805751,-49.321605,42,0,2519,2129,32,49,0,704,1344
145,1503,ESCOLA MUNICIPAL PAULO ROGERIO GUIMARAES ESMANHOTO,RUA PEROLA DO OESTE 285,SITIO CERCADO,-25.5529209,-49.2752112,65,0,1440,1187,23,27,0,445,692
145,1511,ESCOLA MUNICIPAL BAIRRO NOVO - CAIC,"RUA WALDOMIRO BILESKI, 71",SITIO CERCADO,-25.542853,-49.2616204,65,0,5900,4726,67,103,0,1613,2943
145,1520,COLEGIO ESTADUAL LA SALLE,RUA DILERMANDO PEREIRA DE ALMEIDA  120,PINHEIRINHO,-25.5322471,-49.2917691,66,0,7186,5771,107,136,0,2028,3500
145,1538,CEI FRANCISCO FRISCHMANN,RUA CID MARCONDES DE ALBUQUERQUE 2640,PINHEIRINHO,-25.5268642,-49.2692436,66,0,6328,4999,74,113,0,1780,3032
145,1546,ESCOLA MUNICIPAL MARINGA,RUA BRASILIO PERY MOREIRA    17,PINHEIRINHO,-25.5347082,-49.2965879,66,0,2598,2204,48,59,0,715,1382
145,1554,ESCOLA MUNICIPAL PROFESSORA JURANDYR BAGGIO MOCKELL,RUA BRIGADEIRO EDUARDO GOMES 270,PINHEIRINHO,-25.5195685,-49.286039,66,0,1941,1584,16,29,0,642,897
145,1562,ESCOLA MUNICIPAL PIRATINI,RUA JOAO MALTA DE ALBUQUERQUE MARANHAO 104     ,PINHEIRINHO,-25.5233215,-49.2871834,66,0,3718,3041,59,58,0,1048,1876
145,1570,ESCOLA ESTADUAL PROFESSORA IZABEL LOPES SANTOS SOUZA,RUA ROSA TORTATO 400,PINHEIRINHO,-25.5315413,-49.2883132,66,0,2773,2333,36,57,0,774,1466
145,1589,COLEGIO ESTADUAL PROFESSOR JOAO LOYOLA,RUA MARIO GOMES CESAR   580,PINHEIRINHO,-25.5187688,-49.2995953,66,0,5095,4134,74,79,0,1285,2696
145,1597,ESCOLA MUNICIPAL SAO MATEUS DO SUL,RUA ORESTES CODEGA 165,PINHEIRINHO,-25.5251334,-49.2978496,66,0,2238,1903,28,55,0,543,1277
145,1600,ESCOLA MUNICIPAL COLOMBO,"RUA IZAAC FERREIRA DA CRUZ, 2591",SITIO CERCADO,-25.5375491,-49.277844,65,0,3037,2469,43,67,0,919,1440
145,1619,ESCOLA ESTADUAL HASDRUBAL BELLEGARD,"RUA IZAAC FERREIRA DA CRUZ, 3009",SITIO CERCADO,-25.5365001,-49.2738479,65,0,5963,4686,83,107,0,1714,2782
145,1627,CEI PROFESSOR JOSE CAVALLIN,RUA CALIFORNIA 954,SITIO CERCADO,-25.5445088,-49.2760737,65,0,2610,2035,37,56,0,756,1186
145,1635,ESCOLA MUNICIPAL PROFESSOR PEDRO VIRIATO PARIGOT DE SOUZA,R PROF. DELMINDA SANTOS FERNANDES   80,SITIO CERCADO,-25.5291857,-49.2694545,65,0,4305,3536,53,116,0,1181,2186
145,1643,ESCOLA MUNICIPAL PROFESSORA AUGUSTA GLUCK RIBAS,"RUA IZAAC FERREIRA DA CRUZ, 3560",SITIO CERCADO,-25.5348789,-49.2685903,65,0,3189,2559,40,56,0,907,1556
145,1651,ESCOLA MUNICIPAL RIO NEGRO,RUA CELESTE TORTATO GABARDO 1090,SITIO CERCADO,-25.5446357,-49.2835902,65,0,4344,3516,62,116,0,1262,2076
145,1686,ESCOLA ESTADUAL PADRE CLAUDIO MORELLI,RUA LUIZ NICHELLE  08,UMBARA,-25.5688566,-49.2856729,73,0,5751,4867,72,103,0,1301,3391
145,1694,ESCOLA ESTADUAL SAO SEBASTIAO,RUA NICOLA PELANDA    8065,UMBARA,-25.5924573,-49.276508,73,0,2323,1970,25,42,0,483,1420
145,1783,ESCOLA MUNICIPAL CEI CARLOS DRUMOND DE ANDRADE,RUA JANDAIA DO SUL 50,SITIO CERCADO,-25.5546761,-49.253201,65,0,3567,2925,53,89,0,1115,1668
145,1791,ESCOLA MUNICIPAL PROFESSORA REJANE,RUA NOVA AURORA 1000 - VILA TECNOLOGICA,SITIO CERCADO,-25.5491428,-49.2707366,65,0,2970,2453,41,64,0,883,1465
145,1805,ESCOLA MUNICIPAL SADY SOUSA,"RUA CEL. VICTOR AGNER KENDRICK, 440",SITIO CERCADO,-25.5338354,-49.2616557,65,0,4441,3748,68,90,0,1300,2290
145,1813,COLEGIO ESTADUAL BENEDICTO JOAO CORDEIRO,"RUA EURICO ZYTKIEVITZ, 143",SITIO CERCADO,-25.5416367,-49.2732583,65,0,7243,5846,93,171,0,2045,3537
145,1821,COLEGIO ESTADUAL LUIZ CARLOS PAULA E SOUZA,RUA ALBERTO SABIM 300,UMBARA,-25.5576492,-49.2804141,73,0,3973,3145,54,74,0,1102,1915
145,1848,ESCOLA ESTADUAL PROFESSOR TEOBALDO LEONARDO KLETEMBERG,"RUA MARIO GASPARIN, 950",SITIO CERCADO,-25.543921,-49.2527113,65,0,4326,3527,79,75,0,1271,2102
145,1864,ESCOLA MUNICIPAL CEI JOSE LAMARTINE CORREA DE OLIVEIRA LYRA,RUA CAROLINA DOS ANJOS 94,PINHEIRINHO,-25.5195641,-49.3060256,66,0,2284,1931,27,37,0,620,1247
145,1872,COLEGIO ESTADUAL PROFESSORA IARA BERGMANN,"R.REINALDO DE CARVALHO-BOLA, 101 - OSTERNACK",SITIO CERCADO,-25.5537272,-49.2468355,72,0,3409,2732,33,73,0,1127,1499
145,1880,ESCOLA MUNICIPAL PROFESSORA MIRACY RODRIGUES DE ARAUJO,"RUA JOSE BASSA, 1175 - BAIRRO NOVO A",SITIO CERCADO,-25.5443705,-49.2569843,65,0,3545,2973,61,102,0,1055,1755
145,1899,COLEGIO ESTADUAL PROFESSORA ETELVINA CORDEIRO RIBAS,"R.JOAQUIM DE OLIVEIRA CRUZ, 645 - VILA ANGELICA",PINHEIRINHO,-25.5274088,-49.2748708,66,0,2929,2399,51,56,0,876,1416
145,1910,ESCOLA MUNICIPAL MADRE TERESA DE CALCUTA,RUA DES. VATEL GONCALVES PEREIRA 60,SITIO CERCADO,-25.5371606,-49.2547186,65,0,2935,2479,31,62,0,820,1566
145,1929,ESCOLA MUNICIPAL VEREADORA LAIS PERETTI,"RUA IZABEL RAKSA VOLUZ, 271 - PIRINEUS",PINHEIRINHO,-25.5301372,-49.2825444,66,0,1258,1076,17,24,0,374,661
145,1937,ESCOLA MUNICIPAL PAULO FREIRE,"RUA OLIVIO DOMINGOS LEONARDI, 162 - BAIRRO NOVO B",SITIO CERCADO,-25.5468182,-49.2678822,65,0,3042,2551,49,83,0,912,1507
145,1945,ESCOLA NOSSA SENHORA DO SAGRADO CORACAO,RUA NICOLA PELLANDA 699,PINHEIRINHO,-25.5347404,-49.2955186,66,0,2249,1883,21,51,0,545,1266
145,2178,COLEGIO ESTADUAL FLAVIO FERREIRA DA LUZ,"JOAO CISLINSK, 51 -  BAIRRO NOVO B",SITIO CERCADO,-25.5450566,-49.2714817,65,0,4063,3202,60,65,0,1072,2005
145,2186,COLEGIO ESTADUAL INEZ VICENTE BOROCZ,"RUA IGNEZ DE LOURDES GOMES DE MACEDO, 331 - BAIRRO NOVO C",SITIO CERCADO,-25.5378538,-49.2557731,65,0,3274,2678,58,62,0,925,1633
145,2194,ESCOLA ENERGIA ATIVA - PARTICULAR,RUA IZAAC FERREIRA DA CRUZ 1905,SITIO CERCADO,-25.5356877,-49.2831471,65,0,2823,2293,33,51,0,769,1440
145,2232,ESCOLA MUNICIPAL DONA LULU,RUA MILTON MIRAMIR VISINONI 45,SITIO CERCADO,-25.5401505,-49.2514302,65,0,2300,1909,36,55,0,707,1111
145,2240,COLÉGIO ESTADUAL PROFESSOR GUIDO ARZUA,"RUA MANDIRITUBA, 2100 - BAIRRO NOVO B",SITIO CERCADO,-25.5504333,-49.2688383,65,0,2834,2239,37,46,0,891,1265
145,2259,ESCOLA MUNICIPAL PROFESSORA NATHÁLIA DE CONTO COSTA,RUA EDUARDO PINTO DA ROCHA 6300,UMBARA,-25.5662152,-49.2792871,73,0,1344,1124,17,24,0,367,716
145,2267,ESCOLA MUNICIPAL HERACLITO FONTOURA SOBRAL PINTO,"RUA LUCIO DE OLIVEIRA LARA, 75 - VILA OSTERNACK",SITIO CERCADO,-25.5576684,-49.2570936,65,0,2037,1628,27,47,0,668,886
145,2283,COLÉGIO NOVO ÉDEN,"RUA MANDIRITUBA, 1327 - BAIRRO NOVO B",SITIO CERCADO,-25.5449858,-49.2725324,65,0,2427,1963,24,59,0,659,1221
145,2291,GRUPO EDUCACIONAL UNINTER - POLO SITIO CERCADO,"RUA URAÍ, 78",SITIO CERCADO,-25.5414692,-49.2806062,65,0,211,162,3,5,0,47,107
145,2305,FACULDADE SOCIESC DE CURITIBA/TUPY,"BR 116 KM 106,5 - NÚMERO 18.805",PINHEIRINHO,-25.51703738,-49.29093456,66,0,792,635,6,19,0,209,401
145,2372,FACULDADE FACEAR - CAMPUS SÍTIO CERCADO,"RUA MERCÚRIO, 463",SITIO CERCADO,-25.5322306,-49.2666216,65,0,404,303,11,9,0,98,185
174,1015,ESCOLA ESTADUAL GOTTLIEB MUELLER,R BOM JESUS DE IGUAPE   3333,BOQUEIRAO,-25.4931765,-49.23855342,56,0,2162,1736,32,27,0,515,1162
174,1023,ESCOLA  MUNICIPAL LAPA,"R DIOGO MUGGIATTI, 1292",BOQUEIRAO,-25.51030383,-49.22836824,56,0,3046,2499,31,59,0,700,1709
174,1031,ESCOLA ESTADUAL PROFESSORA LUIZA ROSS,"R MAESTRO CARLOS FRANK, 616",BOQUEIRAO,-25.51516795,-49.22468714,56,0,4436,3625,71,72,0,1153,2329
174,1040,ESCOLA MUNICIPAL PROFESSOR GERMANO PARCIORNIK,"R JOAQUIM CARDOSO DA SILVEIRA, 187",BOQUEIRAO,-25.50711665,-49.22149682,56,0,2766,2265,39,61,0,794,1371
174,1058,ESCOLA MUNICIPAL NOSSA SENHORA DO CARMO,"RUA CARLOS DE LAET, 4130",BOQUEIRAO,-25.49853799,-49.23509445,56,0,1540,1254,21,22,0,358,853
174,1066,COLEGIO PROFESSOR VICTOR DO AMARAL,RUA BOM JESUS DE IGUAPE 4065,BOQUEIRAO,-25.50012449,-49.23541702,56,0,4733,3708,70,90,0,1025,2523
174,1074,ESCOLA MUNICIPAL WENCESLAU BRAZ,"RUA O BRASIL PARA CRISTO, 2090",BOQUEIRAO,-25.50244164,-49.22734221,56,0,2325,1883,35,56,0,585,1207
174,1082,COLEGIO ESTADUAL PROFESSOR ELYSIO VIANA,"RUA SENADOR SALGADO FILHO, 1320",GUABIROTUBA,-25.46312671,-49.24638064,23,0,3196,2563,41,79,0,749,1694
174,1090,ESCOLA ESTADUAL PAULINA PACIFICO BORSARI,"RUA DR. JOAQUIM SILVEIRA DA MOTTA, 484",GUABIROTUBA,-25.46364051,-49.2378046,23,0,2125,1764,31,45,0,533,1155
174,1104,ESCOLA ESTADUAL  ISOLDA SCHMID,"R ANNE FRANK, 1553",HAUER,-25.48001889,-49.24633477,38,0,4489,3675,61,106,0,1183,2325
174,1112,COLEGIO ESTADUAL PROFESSOR JOSE GUIMARAES,"R PRESIDENTE PADUA FLEURY, 418",HAUER,-25.47561361,-49.24799542,38,0,3181,2629,39,60,0,741,1789
174,1120,CEI ERICO VERISSIMO,"RUA CAMPINA DA LAGOA, 418",ALTO BOQUEIRAO,-25.53183902,-49.25529178,64,0,4539,3605,55,92,0,1218,2240
174,1139,ESCOLA MUNICIPAL PROFESSOR FRANCISCO HUBERT,"RUA FRANCISCO DEROSSO, 5249",ALTO BOQUEIRAO,-25.5295587,-49.2461667,64,0,5849,4707,104,124,0,1498,2981
174,1147,CEI MAESTRO BENTO MOSSURUNGA,"RUA CAPITAO ROBERTO LOPES QUINTAS, 198",ALTO BOQUEIRAO,-25.5373066,-49.2383558,64,0,1951,1575,40,35,0,528,972
174,1155,ESCOLA ESTADUAL LUCIA BASTOS,"RUA CAPITAO AMERICO WALGER, 12",ALTO BOQUEIRAO,-25.5357616,-49.2392688,64,0,4105,3317,62,88,0,1100,2067
174,1163,COLEGIO ESTADUAL ROBERTO LANGER JUNIOR,"RUA ALBINO FREDERICO FOERSTER, 04",ALTO BOQUEIRAO,-25.5297172,-49.2410386,64,0,5647,4568,83,123,0,1408,2954
174,1171,COLEGIO ERASTO GAERTNER,RUA PASTOR DAVID KOOP 189,BOQUEIRAO,-25.50825662,-49.2522369,56,0,4796,4070,60,97,0,978,2935
174,1180,ESCOLA ESTADUAL EUZEBIO DA MOTTA,"RUA CLARA TEDESCO,  2773",BOQUEIRAO,-25.50352479,-49.25317914,56,0,4562,3796,67,96,0,1125,2508
174,1198,COLEGIO ADVENTISTA DO BOQUEIRAO,"RUA PROF CLETO DA SILVA, 2260",BOQUEIRAO,-25.48858184,-49.24568631,56,0,4450,3621,59,92,0,1055,2415
174,1201,ESCOLA MUNICIPAL LEONOR CASTELLANO,"RUA MAESTRO CARLOS FRANK, 2114",BOQUEIRAO,-25.52077021,-49.23829486,56,0,3969,3349,61,92,0,1023,2173
174,1210,ESCOLA MUNICIPAL NIVALDO BRAGA,"RUA PROF JOAO SOARES BARCELOS,  3400",BOQUEIRAO,-25.50255976,-49.24400182,56,0,3345,2849,49,73,0,781,1946
174,1228,ESCOLA ESTADUAL POLIVALENTE DE CURITIBA,RUA SALVADOR DE FERRANTE  1664,BOQUEIRAO,-25.49837793,-49.24227928,56,0,3427,2839,40,69,0,845,1885
174,1236,ESCOLA MUNICIPAL ROLANDIA,RUA DESEMBARGADOR ANTONIO DE PAULA 3451,BOQUEIRAO,-25.51723371,-49.24944531,56,0,3881,3237,58,73,0,936,2170
174,1244,CEI PROFESSORA TEREZA MATSUMOTO,"RUA CHANCELER OSWALDO ARANHA, 965",HAUER,-25.49197,-49.26165168,56,0,2500,2088,47,61,0,632,1348
174,1252,CEEP CENTRO ESTADUAL DE EDUCAÇÃO PROFISSIONAL DE CURITIBA,R FREDERICO MAURER  3015,BOQUEIRAO,-25.49531434,-49.24259471,56,0,3086,2522,36,77,0,901,1508
174,1260,ESCOLA MUNICIPAL PROF CARMEN SALOMAO TEIXEIRA,RUA PEDRINA ACCORDES COSTA  200,GANCHINHO,-25.57234339,-49.25933741,72,0,1582,1141,16,15,0,360,750
174,1279,ESCOLA SEBASTIAO PARANA,"RUA MAJOR FABRICIANO REGO BARROS, 1152",HAUER,-25.47596049,-49.25611279,38,0,1472,1256,18,28,0,337,873
174,1287,COLEGIO ESTADUAL SEGISMUNDO FALARZ,"RUA ISAIAS REGIS DE MIRANDA, 848",HAUER,-25.48042572,-49.253726,38,0,3703,3007,54,74,0,873,2006
174,1295,ESCOLA MUNICIPAL PROFESSOR GUILHERME BUTLER,RUA IRMA FLAVIA BORLET 1189,HAUER,-25.48975805,-49.25758744,56,0,1512,1286,10,44,0,386,846
174,1309,ESCOLA ESTADUAL MILTON CARNEIRO,"RUA NELSO JOSÉ LAUTHART, 301",ALTO BOQUEIRAO,-25.5370888,-49.2384749,64,0,4610,3678,69,101,0,1192,2316
174,1317,CEI PROFESSORA MARIA AUGUSTA JOUVE,"RUA PASTOR ANTONIO POLITO, 1145",ALTO BOQUEIRAO,-25.52430893,-49.23358273,64,0,4175,3351,52,113,0,1235,1951
174,1333,COLEGIO ESTADUAL SANTO AGOSTINHO,"RUA CASCAVEL, 1610",BOQUEIRAO,-25.51474133,-49.2465292,56,0,4415,3657,68,96,0,1124,2369
174,1341,COLÉGIO NOSSA SENHORA DA ASSUNCAO,"RUA DR. ALCIDES VIEIRA ARCOVERDE, 620",GUABIROTUBA,-25.46015929,-49.24060575,23,0,3414,2924,62,79,0,851,1932
174,1350,CRECHE MUNICIPAL ARAUCARIA,"RUA ROBERTO BARBOSA DE ALMEIDA, 225",ALTO BOQUEIRAO,-25.52755062,-49.25362448,64,0,1222,1053,14,18,0,277,744
174,1368,CENTRO DE EDUCACAO INFANTIL COLMEIAS,"RUA JULIO CESAR RIBEIRO DE SOUZA, 1332",HAUER,-25.4820632,-49.2536578,38,0,1764,1475,17,35,0,488,935
174,1724,SESI BOQUEIRÃO,"RUA DR. HELENO DA SILVEIRA, 351",BOQUEIRAO,-25.51469634,-49.23439517,56,0,3281,2685,34,73,0,765,1813
174,1732,COLÉGIO ADVENTISTA DO ALTO BOQUEIRÃO,"RUA BOM PASTOR, 606",ALTO BOQUEIRAO,-25.52375675,-49.24923793,64,0,3266,2686,50,78,0,832,1726
174,1740,ESCOLA MUNICIPAL PROFESSORA SOPHIA GAERTNER ROSLINDO - EF,"RUA EXPEDICIONÁRIO ESTANISLAU WOJCIK, 82",ALTO BOQUEIRAO,-25.5358722,-49.2433624,64,0,1420,1202,30,32,0,378,762
174,1830,UFPR - CENTRO POLITÉCNICO,"RUA EVARISTO F.F. DA COSTA, 346",JARDIM DAS AMERICAS,-25.45349187,-49.23292589,22,0,9035,7587,158,197,0,2519,4713
174,1848,ESCOLA ESTADUAL PROFESSOR JÚLIO MESQUITA,"TRAVESSA MARIA TEODORA PAULA COSTA, N. 49",JARDIM DAS AMERICAS,-25.45624383,-49.22867117,22,0,5679,4679,76,119,0,1380,3104
174,1864,HOSPITAL ERASTO GAERTNER,"RUA DR. OVANDE DO AMARAL, 201",JARDIM DAS AMERICAS,-25.45310137,-49.24001625,22,0,68,60,1,1,0,30,28
175,1015,ESCOLA MUNICIPAL PRO-MORAR BARIGUI-I,"RUA ARTHUR MARTINS FRANCO, 1803 - VILA BARIGUI - CIC",CIDADE INDUSTRIAL,-25.49525829,-49.33547548,75,0,3432,2804,43,78,0,1159,1524
175,1023,ESCOLA MUNICIPAL MANSUR GUERIOS,"RUA ESTRADA VELHA DO BARIGUI, 3200 - MORADIAS SABARA -  VILA CONQUISTA",CIDADE INDUSTRIAL,-25.50149543,-49.34851175,75,0,4282,3457,51,72,0,1422,1912
175,1031,ESCOLA MUNICIPAL ALBERT SCHWEITZER,RUA DECIO BARRETO 153-VILA NSA SRA DA LUZ,CIDADE INDUSTRIAL,-25.50373678,-49.32360338,75,0,4083,3386,67,102,0,1343,1874
175,1040,COLÉGIO ESTADUAL PROFESSOR ALCYONE MORAES DE CASTRO VELLOZO,R GOV CARLOS LACERDA- S/N CJ OSWALDO CRUZ II CIC -SUL,CIDADE INDUSTRIAL,-25.51291359,-49.3244871,75,0,4214,3411,61,86,0,1377,1887
175,1058,COLÉGIO ESTADUAL PROFESSOR BRASILIO VICENTE DE CASTRO,R STA ANGELA FOLIGNO 45 -CJ OSWALDO CRUZ I CIC-SUL,CIDADE INDUSTRIAL,-25.51157732,-49.32010007,75,0,4764,3967,69,114,0,1279,2505
175,1066,COLÉGIO ESTADUAL PROFESSORA DIRCE CELESTINO DO AMARAL,R PEDRO GUSSO 2020- CJ OSWALDO CRUZ I   CIC -SUL,CIDADE INDUSTRIAL,-25.5064019,-49.32051384,75,0,3281,2656,40,65,0,930,1621
175,1074,ESCOLA MUNICIPAL DOM BOSCO,R NSA SRA DA CABECA 1181-CJ VISC MAUA/CJ RONDONCIC                1181,CIDADE INDUSTRIAL,-25.495794450000002,-49.31554344,75,0,1891,1612,37,48,0,487,1040
175,1082,COLÉGIO ESTADUAL IVO LEAO,R NSA SRA DA CABECA 1183 -CJ VISC MAUA/CJ RONDON CIC SUL,CIDADE INDUSTRIAL,-25.49587022,-49.31673689,75,0,5558,4551,80,118,0,1486,2867
175,1090,ESCOLA MUNICIPAL JOAQUIM TAVORA,R ANGELINA T CAVALIM 90 -CJ OSWALDO CRUZ II CIC  SUL,CIDADE INDUSTRIAL,-25.5153144,-49.32646772,75,0,3614,3011,43,81,0,1299,1588
175,1104,ESCOLA MUNICIPAL CEI MONTEIRO LOBATO,R GUILHERME FUGMANN- 501 VL N SRA DA LUZ  DOS PINHAIS,CIDADE INDUSTRIAL,-25.50136033,-49.32031923,75,0,2536,2004,43,50,0,748,1163
175,1112,ESCOLA MUNICIPAL NOSSA SENHORA DA LUZ DOS PINHAIS,RUA DAVI XAVIER DA SILVA   841   VL N. S. DA LUZ DOS PINHAIS CIC SUL,CIDADE INDUSTRIAL,-25.50813613,-49.32545629,75,0,2483,2001,27,49,0,860,1065
175,1198,ESCOLA MUNICIPAL PROFESSORA JOANA RAKSA,"RUA FRANCISCA BERALDE PAOLINI, 99 - CAXIMBA",CAXIMBA,-25.61890847,-49.34854978,70,0,2680,2084,41,50,0,791,1202
175,1201,ESCOLA ESTADUAL GUILHERME PEREIRA NETO,"RUA DELEGADO BRUNO DE ALMEIDA, 4386 - CAMPO DE SANTANA",CAMPO DE SANTANA,-25.59478532,-49.3223243,71,0,2762,2190,38,67,0,792,1293
175,1210,ESCOLA MUNICIPAL CEI PROFESSOR ANTONIO PIETRUZA,"RUA JOAO AMADEU PEDRO BOM, 135 -VILA PALMEIRA",TATUQUARA,-25.55090549,-49.29463016,74,0,3297,2682,49,77,0,986,1570
175,1236,ESCOLA MUNICIPAL PROFESSORA AMERICA DA COSTA SABOIA,"RUA EMILIO ROMANI, 2480 - VILA VERDE - CIC SUL",CIDADE INDUSTRIAL,-25.53143504,-49.33495486,75,0,3663,2936,59,64,0,1323,1490
175,1244,ESCOLA MUNICIPAL DONA POMPILIA,"RUA JOVENILSON AMERICO DE OLIVEIRA, 240 - JARDIM DA ORDEM - TATUQUARA",TATUQUARA,-25.55962911,-49.33205558,74,0,4384,3520,87,63,0,1462,1908
175,1260,ESCOLA MUNICIPAL PROFESSOR DARIO PERSIANO DE CASTRO VELLOZO,"RUA DESEMBARGADOR CID CAMPELLO, 4630  CIC SUL",CIDADE INDUSTRIAL,-25.50955845,-49.33538075,75,0,3620,2867,48,53,0,1115,1651
175,1279,COLEGIO ESTADUAL RODOLFO ZANINELLI,"RUA ANTÔNIA MOLINA BELLA, 610 - VILA VERDE - CIC",CIDADE INDUSTRIAL,-25.52727004,-49.33429867,75,0,5051,4030,85,96,0,1641,2208
175,1287,COLÉGIO ESTADUAL ARLINDO CARVALHO DE AMORIM,"RUA DESEMBARGADOR CID CAMPELLO,  6301 - CIC SUL",CIDADE INDUSTRIAL,-25.4956962,-49.338116,75,0,5011,3971,68,97,0,1507,2299
175,1295,ESCOLA MUNICIPAL SANTA ANA MESTRA,"RUA JOAO PEREIRA TRINDADE, 265 - MORADIAS JAMAICA",CAMPO DE SANTANA,-25.58484725,-49.32354513,71,0,4389,3550,61,80,0,1254,2155
175,1309,ESCOLA MUNICIPAL PROFESSOR DARCY RIBEIRO,"RUA  ENETTE DUBARD, N. 90 - MORADIAS SANTA RITA",TATUQUARA,-25.56018214,-49.33897268,74,0,4945,4053,65,84,0,1605,2299
175,1430,ESCOLA MUNICIPAL MARGARIDA ORSO DALLAGASSA,"RUA SARGENTO FRANCISCO DA SILVA COTRIM, 100 - VILA POMPEIA - TATUQUARA",TATUQUARA,-25.55955781,-49.31556282,74,0,5189,4052,77,87,0,1530,2358
175,1449,ESCOLA MUNICIPAL DO CAIC CANDIDO PORTINARI,R.ANTONIO GEROSLAU FERREIRA S/N - CJ.DIADEMA II - CIC-SUL,CIDADE INDUSTRIAL,-25.49611007,-49.34983475,75,0,4992,4017,52,112,0,1539,2314
175,1457,ESCOLA MUNICIPAL PROFESSOR OSVALDO ARNS,R. ODIR GOMES DA ROCHA 546 - VILA EVANGELICA,TATUQUARA,-25.57269649,-49.33718956,74,0,3658,2935,60,72,0,1267,1536
175,1481,ESCOLA MUNICIPAL NEWTON BORGES DOS REIS,"RUA ADRIANA CERES ZAGO BUENO, 1350 - MORADIAS SANTA RITA - TATUQUARA",TATUQUARA,-25.56579195,-49.33407192,74,0,3850,3127,61,72,0,1175,1819
175,1490,COLÉGIO ESTADUAL DESEMBARGADOR GUILHERME DE ALBUQUERQUE MARANHAO,"RUA JOSE ANGELO MARTINS, 101 - MORADIAS DA ORDEM",TATUQUARA,-25.55793089,-49.33251017,74,0,3762,2891,53,74,0,1043,1721
175,1503,COLEGIO ESTADUAL MORADIAS MONTEIRO LOBATO,RUA OLIVIO JOSE ROSSETI 430,TATUQUARA,-25.57348627,-49.33478104,74,0,5564,4252,63,103,0,1793,2293
175,1511,COLEGIO ESTADUAL EURIDES BRANDAO,"RUA JAIR COELHO, 260 - DIADEMA II",CIDADE INDUSTRIAL,-25.49405839,-49.34913903,75,0,5208,4157,77,123,0,1427,2530
175,1520,ESCOLA MUNICIPAL ALVARO BORGES,"RUA OSVALDO BAGGIO, N. 290 - CONJ. VITÓRIA RÉGIA",CIDADE INDUSTRIAL,-25.54527513,-49.33960707,75,0,3715,3208,39,90,0,1108,1971
175,1538,CMEI ITACOLOMI SABARA,"RUA ANTÔNIO PASTRE, 70 - CIC",CIDADE INDUSTRIAL,-25.49915801,-49.34445863,75,0,1217,879,9,17,0,355,498
175,1546,COLÉGIO ESTADUAL NIRLEI MEDEIROS,"RUA ANTÔNIO BERTOLDI, 409 - MORADIAS RIO BONITO - CAMPO DE SANTANA",CAMPO DE SANTANA,-25.58628678,-49.33765044,71,0,3959,3211,65,98,0,1217,1831
175,1554,ESCOLA MUNICIPAL PROFESSORA ERICA PLEWKA MLYNARCZYK,RUA JAIME JOSE VOJCIECHOVSKI 162,TATUQUARA,-25.56041072,-49.3132138,74,0,1267,1034,19,24,0,330,661
175,1562,ESCOLA MUNICIPAL JOÃO AMAZONAS,"RUA PALMYRA CRIVELLARO BERTOLDE, N. 813",CAMPO DE SANTANA,-25.59061282,-49.3412905,71,0,2505,2049,36,47,0,847,1119
175,1570,ESCOLA MUNICIPAL RIO BONITO,"RUA LUCAS CARVALHO, N. 1486",CAMPO DE SANTANA,-25.59047948,-49.33578045,71,0,2746,2169,34,64,0,832,1239
175,1589,ESCOLA MUNICIPAL GOVERNADOR LEONEL DE MOURA BRIZOLA,"RUA ANTONIO ZANON, N. 1371",TATUQUARA,-25.56592368,-49.3259738,74,0,1274,967,15,16,0,409,527
175,1597,COLÉGIO ESTADUAL PROFESSORA MARLI QUEIROZ AZEVEDO,"RUA CYRO CORREIA PEREIRA, N. 3506 - VITÓRIA RÉGIA",CIDADE INDUSTRIAL,-25.5438602,-49.33780893,75,0,2696,2124,40,66,0,826,1192
175,1600,ESCOLA MUNICIPAL HELENA KOLODY,"RUA HUMBERTO BERTOLDI, N. 281 - RIO BONITO",CAMPO DE SANTANA,-25.58545643,-49.33707829,71,0,2103,1621,28,44,0,621,928
175,1619,COLÉGIO ESTADUAL TATUQUARA - EFM,"ESTRADA DELEGADO BRUNO DE ALMEIDA, N. 3339",CAMPO DE SANTANA,-25.58761857,-49.3181614,71,0,1574,1125,25,29,0,444,627
175,1724,ESCOLA MUNICIPAL PROFESSORA MARIA IENKOT ZEGLIN,"RUA PRESIDENTE JOÃO GOULART, N 1605",TATUQUARA,-25.57734431,-49.33207279,74,0,620,486,9,9,0,218,250
175,1732,ESCOLA MUNICIPAL DOUTOR HAMILTON CALDERARI LEAL,"RUA VICTOR GRYCAJUCK, 121",SAO MIGUEL,-25.50742647,-49.35454726,67,0,102,79,2,0,0,47,30
176,1120,COLEGIO ESTADUAL JOAO DE OLIVEIRA FRANCO,RUA PADRE MANUEL DA NOBREGA 1489,FANNY,-25.48852324,-49.27716062,39,0,3112,2620,40,86,0,724,1770
176,1139,COLEGIO ESTADUAL JOSE BUSNARDO,RUA MAJOR VICENTE DE CASTRO  1.154,FANNY,-25.47968835,-49.26656426,39,0,2515,2103,37,57,0,565,1444
176,1147,ESCOLA MUNICIPAL ELEVIR DIONISIO,RUA CAP JOSE MARIA SOBRINHO 1336,FANNY,-25.48370044,-49.27300234,39,0,2152,1804,38,54,0,527,1185
176,1155,COLEGIO ESTADUAL NEWTON FERREIRA DA COSTA,RUA AMERICO VESPUCIO   745,LINDOIA,-25.48181571,-49.27665712,40,0,3989,3299,54,94,0,1028,2123
176,1163,COLEGIO ESTADUAL DOM ATTICO EUZEBIO DA ROCHA,AVENIDA PRESIDENTE WENCESLAU BRAZ   2779,GUAIRA,-25.47717084,-49.28163385,40,0,3551,2934,46,85,0,849,1954
176,1180,CEEBJA - CIC (COLEGIO FRANCISCO AZEVEDO MACEDO),"TRAVESSA AUGUSTO MARACH, 224",NOVO MUNDO,-25.48874874,-49.29290674,41,0,3621,2931,49,87,0,837,1958
176,1198,ESCOLA MUNICIPAL ARAPONGAS,RUA JOSE CASEMIRO STENZOWSKI  153,NOVO MUNDO,-25.48336828,-49.28706635,41,0,2144,1786,33,48,0,623,1082
176,1201,ESCOLA MUNICIPAL DR. OSWALDO CRUZ,RUA JOSE ALCIDES LIMA  126,NOVO MUNDO,-25.48746403,-49.30680168,41,0,2404,2011,23,53,0,659,1276
176,1210,COLEGIO ESTADUAL YVONE PIMENTEL,"RUA SEBASTIAO MALUCELLI, 1.312",NOVO MUNDO,-25.49599761,-49.29986607,41,0,3754,3068,48,73,0,1067,1880
176,1228,COLEGIO ESTADUAL JOAO BETTEGA,"RUA DALILA ROLIM VARGAS,   1.020",NOVO MUNDO,-25.48606225,-49.30423734,41,0,3796,3111,79,79,0,1114,1839
176,1236,ESCOLA MUNICIPAL MADRE MARIA DOS ANJOS,RUA SANTA MARIA  540,NOVO MUNDO,-25.48932411,-49.28050952,41,0,2313,1970,24,52,0,567,1327
176,1244,ESCOLA MUNICIPAL MARIA CLARA BRANDAO TESSEROLI,"RUA JOAO RIBEIRO LEMOS,  361",NOVO MUNDO,-25.48796354,-49.287917,41,0,4115,3452,59,103,0,1074,2216
176,1252,ESCOLA MUNICIPAL PROFESSORA NAIR DE MACEDO,RUA FIORAVANTE SLAVIERO  750,NOVO MUNDO,-25.4905905,-49.31009731,41,0,3316,2802,38,75,0,919,1770
176,1295,CEI BELMIRO CESAR - ESCOLA MUNICIPAL,"RUA PADRE MANUEL DA NOBREGA,  327",FANNY,-25.47979377,-49.27079256,39,0,2145,1754,38,58,0,590,1068
176,1317,ESCOLA GRACE - PARTICULAR (ANTIGA FACULDADE SANTA CRUZ - CAMPUS BONAT),"RUA PEDRO BONAT, 103",NOVO MUNDO,-25.49456224,-49.29272103,41,0,4334,3601,63,105,0,1167,2266
176,1333,FACULDADE SANTA CRUZ - CAMPUS SEDE,"RUA AFFIF MANSUR, 565",NOVO MUNDO,-25.4956438,-49.3032937,41,0,3608,3090,56,88,0,920,2026
176,1341,CMEI VILA LEÃO,"RUA PRIMO LOURENÇO TOSIN, 21",NOVO MUNDO,-25.48510498,-49.30237197,41,0,1427,1073,17,20,0,370,666
176,1457,CEC KIDS (ANTIGA FACULDADE MACHADO DE ASSIS),"RUA PROFESSOR WALDIR DE JESUS,  99",CAPAO RASO,-25.50609303,-49.29703408,58,0,2508,2124,36,55,0,700,1333
176,1465,COLEGIO STELLA MARIS - PARTICULAR - (ANTIGA ESCOLA DOMINIUS),"RUA PROFESSOR NARCISO MENDES, 484",XAXIM,-25.50375222,-49.26969019,57,0,2237,1903,25,57,0,513,1308
176,1473,COLEGIO SENHORA DE FATIMA - PARTICULAR,"RUA GABRIEL FRECCEIRO DE MIRANDA, 1.118",XAXIM,-25.50682207,-49.273851,57,0,4490,3753,68,99,0,1127,2459
176,1481,COLEGIO ESTADUAL JAYME CANET,"RUA ANA APARECIDA LOPOS CANET, 133",XAXIM,-25.49982593,-49.26591609,57,0,6555,5434,85,163,0,1499,3687
176,1490,COLEGIO ESTADUAL JOAO PAULO II,"RUA JOAO BARBOSA DE ALMEIDA, 545",XAXIM,-25.51624423,-49.26984176,57,0,4117,3318,48,77,0,1045,2148
176,1503,ESCOLA MUNICIPAL - CEI DAVID CARNEIRO,"R. JOAO BATISTA ZAGONEL PASSOS, 1161",XAXIM,-25.52296634,-49.26669479,57,0,3984,3274,49,82,0,1108,2035
176,1511,ESCOLA DE ENSINO FUNDAMENTAL FRANCISCO DEROSSO,"RUA FRANCISCO DEROSSO, 905",XAXIM,-25.49858002,-49.26741347,57,0,2618,2223,35,56,0,611,1521
176,1520,ESCOLA MUNICIPAL UMUARAMA,"RUA FREI TEOFILO,  730  - VILA FELIZ",CAPAO RASO,-25.50237081,-49.30343979,58,0,2556,2102,39,73,0,685,1305
176,1538,ESCOLA MUNICIPAL IVAIPORA,"RUA VEREADOR ADEODATO VOLPI,   550 - VILA ARAÇA",CAPAO RASO,-25.49607531,-49.2905843,58,0,1937,1619,19,41,0,477,1082
176,1546,ESCOLA MUNICIPAL PROFESSOR LEONEL MORO,"R.JOSE OSIRES BAGLIOLI, 408",XAXIM,-25.51766883,-49.27677172,66,0,2179,1843,39,41,0,561,1202
176,1562,ESCOLA MUNICIPAL CASTRO,"RUA AYRTON PIZZATTO GUSI, 240",XAXIM,-25.52489568,-49.25626537,57,0,2248,1879,37,53,0,613,1176
176,1570,COLÉGIO SOCIAL MADRE CLELIA - PARTICULAR,"RUA PROFESSOR WALDIR DE JESUS,  90",CAPAO RASO,-25.50567939,-49.29682311,58,0,5793,4890,68,136,0,1553,3133
176,1589,COLEGIO ESTADUAL NOSSA SENHORA APARECIDA,"RUA JOSE OSIRES BAGLIOLI, 430",XAXIM,-25.51676499,-49.27679417,57,0,2140,1709,23,48,0,562,1076
176,1597,ESCOLA MUNICIPAL PARANAVAI,"RUA PEDRO SIEMENS, 691",XAXIM,-25.5125707,-49.26738444,57,0,3994,3262,56,67,0,925,2214
176,1600,COLEGIO ESTADUAL HOMERO BAPTISTA DE BARROS,"RUA FERNANDES VIEIRA, 17",CAPAO RASO,-25.49640942,-49.28115187,58,0,3937,3248,45,64,0,980,2159
176,1619,ESCOLA MUNICIPAL - CEI JORNALISTA CLAUDIO ABRAMO,"RUA OURO VERDE, 655",CAPAO RASO,-25.50772735,-49.30164616,58,0,3598,2965,46,96,0,959,1864
176,1627,COLEGIO ESTADUAL JOAO MAZZAROTTO,R SANTA REGINA  664,CAPAO RASO,-25.50223933,-49.28947764,58,0,4366,3573,72,73,0,1120,2308
176,1635,COLÉGIO ESTADUAL EMILIO DE MENEZES,"RUA JOSE ZALESKI,  450",CAPAO RASO,-25.5014171,-49.30137023,58,0,4957,4084,58,121,0,1190,2715
176,1643,FACULDADES BAGOZZI - UNIDADE XAXIM,"RUA PROFESSOR NARCISO MENDES, 484 - (ATUAL COLEGIO STELLA MARIS)",XAXIM,-25.503937,-49.269562,57,0,1911,1550,36,40,0,394,1080
176,1651,COLEGIO ESTADUAL SAO PEDRO APOSTOLO,"RUA PRIMEIRO DE MAIO, 1160",XAXIM,-25.51533999,-49.27630541,57,0,6765,5516,99,156,0,1712,3549
176,1660,COLEGIO ESTADUAL PROFESSOR NARCISO MENDES,"RUA PROFESSOR NARCISO MENDES, 283",XAXIM,-25.50348731,-49.27197362,57,0,4104,3409,63,93,0,920,2333
176,1678,ESCOLA MUNICIPAL JARDIM EUROPA,"RUA HERMENEGILDO BONAT,  26",XAXIM,-25.50544158,-49.279486,57,0,2491,2154,34,46,0,614,1460
177,1260,UTFPR - UNIVERSIDADE TECNOLÓGICA DO PARANA,"AVENIDA SETE DE SETEMBRO, 3165 -",REBOUÇAS,-25.4386589,-49.2686415,8,0,4167,3244,75,84,0,1516,1569
177,1279,ESCOLA ESTADUAL LAMENHA LINS,RUA LAMENHA LINS  2185,REBOUÇAS,-25.45468558,-49.26812439,8,0,2067,1655,25,53,0,568,1009
177,1287,OPET - ORGANIZACAO PARANAENSE DE ENSINO TECNICO,"AVENIDA GETULIO VARGAS, 902",REBOUÇAS,-25.44338439,-49.26907979,8,0,2795,2280,48,48,0,709,1475
177,1309,ESCOLA ESTADUAL GUAIRA,RUA LAMENHA LINS 1962,REBOUÇAS,-25.45312038,-49.26944167,8,0,1608,1301,22,43,0,424,812
177,1317,UNICURITIBA (CENTRO UNIVERSITÁRIO CURITIBA),"RUA CHILE, 1678",REBOUÇAS,-25.45041763,-49.26517144,8,0,3698,2909,52,64,0,1013,1780
177,1333,ESCOLA MUNICIPAL DESEMBARGADOR MARCAL JUSTEN,RUA SANTA CATARINA  710,ÁGUA VERDE,-25.46327505,-49.28299252,9,0,3528,2978,60,94,0,1009,1815
177,1341,COLÉGIO STELLA MARIS (AGUA VERDE),"RUA PARÁ, 186",ÁGUA VERDE,-25.46248566,-49.27846939,9,0,1816,1517,32,47,0,492,946
177,1350,ESCOLA ESTADUAL PROFESSOR LYSIMACO FERREIRA DA COSTA,AVENIDA IGUACU    3012,ÁGUA VERDE,-25.44967343,-49.29047436,9,0,5219,4309,94,114,0,1182,2919
177,1368,COLEGIO SAGRADO CORACAO DE JESUS,AVENIDA IGUACU  1550,ÁGUA VERDE,-25.44473452,-49.27669345,9,0,6603,5316,101,131,0,1588,3496
177,1384,ESCOLA ESTADUAL BARAO DO RIO BRANCO,RUA BRIGADEIRO FRANCO   2532,ÁGUA VERDE,-25.44247767,-49.27634705,9,0,2479,2001,29,48,0,662,1262
177,1406,ESCOLA ESTADUAL JOAO TURIN,RUA ALMIRANTE GONCALVES  2800,ÁGUA VERDE,-25.45234795,-49.27892789,9,0,3334,2794,56,83,0,891,1764
177,1430,COLÉGIO POSITIVO (ÁGUA VERDE),"RUA PEDRO MENA BARRETO MONCLARO, 411",ÁGUA VERDE,-25.44987525,-49.27470485,9,0,3294,2779,50,71,0,819,1839
177,1554,FACULDADE CURITIBANA (SPEI - AGUA VERDE),"AV. REPUBLICA ARGENTINA, 1285",ÁGUA VERDE,-25.45776939,-49.28864442,9,0,4338,3539,74,120,0,1140,2205
177,1686,CLUBE CURITIBANO (SEDE ADMINISTRATIVA),"RUA PETIT CARNEIRO, 970",ÁGUA VERDE,-25.4505693,-49.28640043,9,0,9195,7560,142,210,0,2484,4724
177,1740,ESCOLA MUNICIPAL MIGUEL KRUG,"RUA MORRETES, 1115",GUAIRA,-25.47480497,-49.286212570000004,27,0,1549,1296,16,40,0,402,838
177,1759,COLÉGIO ESTADUAL HILDEBRANDO DE ARAÚJO,"AV PREFEITO OMAR SABBAG, N. 721",JARDIM BOTANICO,-25.44097847,-49.24934747,7,0,3102,2510,42,67,0,867,1534
177,1767,COLÉGIO POSITIVO - JARDIM AMBIENTAL,RUA ITUPAVA 985,ALTO DA RUA XV,-25.42128662,-49.25055304,17,0,3730,3060,51,69,0,1157,1783
177,1783,COLEGIO DECISIVO (CENTRO),"RUA COMENDADOR ARAUJO, 327",CENTRO,-25.43571107,-49.27899158,1,0,2047,1621,26,42,0,767,786
177,1791,UFPR -  SETOR DE CIÊNCIAS SOCIAIS APLICADAS,"AVENIDA PREFEITO LOTHÁRIO MEISSNER, 632",JARDIM BOTANICO,-25.44473588,-49.2385769,7,0,1929,1503,34,42,0,623,804
177,1805,SOCIEDADE THALIA,R COMENDADOR ARAUJO 338,CENTRO,-25.43604408,-49.27890618,1,0,1278,1034,16,34,0,373,611
177,1821,SENAC - SERVICO NACIONAL DE APRENDIZAGEM COMERCIAL,"RUA ANDRE DE BARROS, 750",CENTRO,-25.43355728,-49.26580759,1,0,2091,1594,27,41,0,660,866
177,1830,INSTITUTO SALESIANO,RUA RIO GRANDE DO SUL 1661,GUAIRA,-25.47165993,-49.27919826,26,0,1299,1064,23,31,0,383,627
177,1848,ESCOLA ESTADUAL DORACY CEZARINO,RUA EUGENIO PAROLIN  588,PAROLIN,-25.46213836,-49.26278951,25,0,3150,2462,50,54,0,937,1421
177,1856,SOCIEDADE BENEFICENTE MORGENAU,"AV SENADOR SOUZA NAVES, N. 945",CRISTO REI,-25.43130887,-49.24828359,6,0,1010,859,18,26,0,234,581
177,1864,COLEGIO BOM JESUS (CENTRO),R 24 DE MAIO   135,CENTRO,-25.4384742,-49.27298933,1,0,6333,4834,96,123,0,2185,2430
177,1872,FACULDADE INTERNACIONAL DE CURITIBA (FACINTER),"RUA SALDANHA MARINHO, 131",CENTRO,-25.42879487,-49.27313812,1,0,396,312,3,3,0,148,158
177,1880,ESCOLA MUNICIPAL BATEL (ESCOLA ESTADUAL DEZENOVE DE DEZEMBRO),RUA DESEMBARGADOR MOTTA  2082,CENTRO,-25.43650529,-49.28172644,1,0,1625,1314,24,40,0,459,791
177,1899,COLEGIO BOM JESUS (ÁGUA VERDE),"RUA NESTOR VICTOR, 910",ÁGUA VERDE,-25.45728382,-49.27247158,9,0,3572,2968,41,67,0,998,1862
177,1902,FACULDADE DOM BOSCO,AV WENCESLAU BRAZ 1046,GUAIRA,-25.47182976,-49.26554031,26,0,3403,2702,45,50,0,930,1677
177,1910,ESCOLA MUNICIPAL PROFESSORA NANSYR CECATO CAVICHIOLO,"RUA FRANCISCO PAROLIN, 930",PAROLIN,-25.46506806,-49.26390398,25,0,1167,869,13,18,0,376,462
177,1929,COLÉGIO BOM JESUS - NOSSA SENHORA DE LOURDES (CRISTO REI),"RUA FIORAVANTE DALLA STELLA, N. 90",CRISTO REI,-25.43451249,-49.24702678,6,0,7137,5777,128,156,0,2238,3255
177,1937,FACULDADE DE DIREITO DA UNIVERSIDADE FEDERAL DO PARANA,PRACA SANTOS ANDRADE   50,CENTRO,-25.42906287,-49.26748216,1,0,4047,3149,36,59,0,1673,1381
177,1945,SETOR DE CIÊNCIAS HUMANAS DA UNIVERSIDADE FEDERAL DO PARANA,R GENERAL CARNEIRO   460,CENTRO,-25.42668363,-49.26187041,1,0,2804,2319,31,58,0,1112,1118
177,1953,ESCOLA ESTADUAL TIRADENTES (CEAD POLO POTTY LAZAROTTO),R PRESIDENTE FARIA   625,CENTRO,-25.42496828,-49.26936639,1,0,1058,795,11,15,0,329,440
177,1961,COLEGIO SAO JOSE,"PRAÇA RUI BARBOSA, 661",CENTRO,-25.43555322,-49.27460825,1,0,3454,2651,45,66,0,1169,1371
177,1970,ESCOLA MUNICIPAL ITACELINA BITTENCOURT,"RUA SAO PAULO, 2055",GUAIRA,-25.47072448,-49.27565301,26,0,4147,3319,68,100,0,1063,2088
177,1988,COLEGIO ESTADUAL SANTOS DUMONT,R RIO GRANDE DO SUL 1800,GUAIRA,-25.473585,-49.2800827,26,0,2860,2255,33,52,0,746,1424
177,1996,COLÉGIO ESTADUAL PROFESSOR ELIAS ABRAHÃO,"AV SENADOR SOUZA NAVES, N. 1221",CRISTO REI,-25.43137327,-49.24553573,6,0,2479,2060,27,67,0,654,1312
177,2003,ESCOLA ESTADUAL NOSSA SENHORA DE FÁTIMA,"RUA SUÉCIA, N. 197, PRÓXIMO AO KM 400 DA BR 116",TARUMA,-25.43250165,-49.22854458,19,0,3844,3258,62,83,0,963,2150
177,2011,CURSO POSITIVO (CENTRO),AVENIDA VICENTE MACHADO 317,CENTRO,-25.4344775,-49.2796553,1,0,2004,1513,31,33,0,643,806
177,2020,INSTITUTO DE EDUCACAO PROFESSOR ERASMO PILOTTO,R EMILIANO PERNETA 92,CENTRO,-25.43312088,-49.27390943,1,0,2650,2066,42,61,0,865,1098
177,2038,FUNPAR - FUNDAÇÃO DA UNIVERSIDADE FEDERAL DO PARANÁ,"RUA JOÃO NEGRÃO, 280",CENTRO,-25.43175409,-49.2659358,1,0,569,424,4,14,0,183,223
177,2046,PONTIFICIA UNIVERSIDADE CATOLICA DO PARANÁ (PUC/PR),R IMACULADA CONCEICAO  1155,PRADO VELHO,-25.45053682,-49.25260877,24,0,5995,4740,70,119,0,2195,2356
177,2054,COLÉGIO DECISIVO DO CRISTO REI - SUBSEDE I,"RUA DO HERVAL, N. 801",CRISTO REI,-25.43258815,-49.24907486,6,0,5616,4641,78,140,0,1671,2752
177,2062,COLÉGIO ESTADUAL PAULO LEMINSKI,"AV CORONEL AUGUSTO DE ALMEIDA GARRET, N. 135, PRÓXIMO AO DETRAN",TARUMA,-25.42884861,-49.21125648,19,0,2982,2446,35,58,0,830,1523
177,2070,COLEGIO ESTADUAL DO PARANA,AV JOAO GUALBERTO   250,CENTRO,-25.42329539,-49.26741276,1,0,4824,3940,50,77,0,2178,1635
177,2127,LAR DOS IDOSOS - RECANTO DO TARUMÃ,"RUA KONRAD ADENAUER, 576",TARUMA,-25.425063,-49.214813,19,0,57,52,0,2,0,17,33
177,2143,SENAC - SERVIÇO NACIONAL DE APRENDIZAGEM COMERCIAL (VT),"RUA ANDRÉ DE BARROS, 750",CENTRO,-25.433813,-49.265687,1,1,0,1153,13,11,0,529,600
177,2151,COLÉGIO ESTADUAL DO PARANÁ (VT),"RUA JOÃO GUALBERTO, 250",CENTRO,-25.423063,-49.266437,1,1,0,1516,12,18,0,706,780
177,2160,FACULDADE DE DIREITO DA UNIVERSIDADE FEDERAL DO PARANÁ (VT),"PRAÇA SANTOS ANDRADE, 50",CENTRO,-25.429063,-49.267688,1,1,0,1761,13,17,0,1145,586
177,2178,COLÉGIO BOM JESUS CENTRO (VT),"RUA 24 DE MAIO, 135",CENTRO,-25.437937,-49.273563,1,1,0,1362,12,18,0,662,670
178,1201,COLÉGIO IMACULADA CONCEIÇÃO,AVENIDA MANOEL RIBAS  6318,SANTA FELICIDADE,-25.4022832,-49.3312097,63,0,6337,5336,93,166,0,1379,3698
178,1210,COLÉGIO ESTADUAL ÂNGELO VOLPATO,RUA JOAO VALLE 23,SANTA FELICIDADE,-25.39754909,-49.31871687,63,0,3668,3021,63,86,0,947,1925
178,1228,COLÉGIO ESTADUAL PROFESSOR FRANCISCO ZARDO,AVENIDA MANOEL RIBAS 7149,SANTA FELICIDADE,-25.39918274,-49.33900531,63,0,3561,2973,32,97,0,787,2057
178,1236,COLÉGIO ESTADUAL SANTA FELICIDADE,"RUA BORTOLO PAULIN, 227",SANTA FELICIDADE,-25.40646444,-49.33907447,63,0,2655,2267,40,76,0,663,1488
178,1244,ESCOLA MUNICIPAL FOZ DO IGUACU,"RUA JOAO REFFO, 1304",SANTA FELICIDADE,-25.38099051,-49.33415651,63,0,3412,2819,45,72,0,884,1818
178,1252,ESCOLA MUNICIPAL VEREADOR JOÃO STIVAL - CONTRA TURNO (SOC IGUACU),AVENIDA MANOEL RIBAS  8172,BUTIATUVINHA,-25.39491811,-49.34761984,61,0,1127,957,18,31,0,257,651
178,1287,ESCOLA ESTADUAL PADRE COLBACCHINI,"RUA CAETANO ALESSI , 268",BUTIATUVINHA,-25.39218346,-49.34779356,61,0,1594,1325,20,27,0,392,886
178,1295,COLÉGIO ESTADUAL PINHEIRO DO PARANÁ,"RUA DANIEL CESARIO PEREIRA,  559",SANTA FELICIDADE,-25.38684986,-49.33319271,63,0,2190,1812,31,58,0,567,1156
178,1309,ESCOLA MUNICIPAL PROFESSORA SÕNIA MARIA COIMBRA KENSKI,RUA WANDA WOLFF1186 -CJ MONTE VERDE,SANTA FELICIDADE,-25.37541488,-49.32734162,63,0,1497,1274,20,35,0,422,797
178,1635,ESCOLA BAMBINATA,RUA BASSAMO DE GRAPPA 625,SANTA FELICIDADE,-25.3979605,-49.32190762,63,0,2005,1714,37,47,0,545,1085
178,1643,ESCOLA MUNICIPAL DOS VINHEDOS,"RUA ZEM BERTAPELLE, 284",SANTA FELICIDADE,-25.39825624,-49.33090682,63,0,2062,1712,40,49,0,617,1006
178,1651,ESCOLA MUNICIPAL VEREADOR JOÃO STIVAL,"RUA JOÃO BUDEL, 163",BUTIATUVINHA,-25.39075513,-49.35514715,61,0,1436,1131,27,24,0,368,712
178,1880,COLÉGIO ESTADUAL JÚLIA WANDERLEY,AVENIDA VICENTE MACHADO  1643,BATEL,-25.4393078,-49.291963,10,0,6070,4933,110,132,0,1339,3352
178,1899,FACULDADE EVANGÉLICA MACKENZIE DO PARANÁ,RUA PADRE ANCHIETA 2770,BIGORRILHO,-25.4359762,-49.3055076,11,0,2437,1939,37,54,0,564,1284
178,1902,ESCOLA MUNICIPAL PARANAGUÁ,RUA PROFESSOR ANGELO ANTONIO DALLEGRAVE  12,SANTO INÁCIO,-25.4281934,-49.3437133,46,0,2602,2191,40,80,0,609,1462
178,1910,COLÉGIO SION,ALAMEDA PRESIDENTE TAUNAY 260,BATEL,-25.4367752,-49.2838242,10,0,3949,3295,59,87,0,1079,2070
178,1929,UNIVERSIDADE TUIUTI DO PARANÁ (CAMPUS BARIGUI),"RUA SYDNEI ANTONIO RANGEL SANTOS, 238",SANTO INÁCIO,-25.4244459,-49.3185512,46,0,12687,10234,170,324,0,3074,6666
178,1937,COLÉGIO ESTADUAL SÃO BRAZ,AVENIDA VEREADOR TOALDO TULIO    2880,SÃO BRAZ,-25.41579682,-49.35108891,60,0,2128,1687,41,47,0,543,1056
178,1945,ESCOLA MUNICIPAL CAMPO MOURÃO,"RUA ACYR SANTOS, 14",VILA IZABEL,-25.459816,-49.2988024,28,0,1681,1421,26,40,0,476,879
178,1961,COLÉGIO ESTADUAL PADRE SILVESTRE KANDORA,RUA PROFESSORA MARIA HELENE KRUZIELSKI BREDOW   26,SÃO BRAZ,-25.419938,-49.346812,60,0,3612,2943,61,83,0,905,1894
178,1970,COLÉGIO ESTADUAL PROFESSOR OLAVO DEL CLARO,"RUA CLARA FILLA, 282",SÃO BRAZ,-25.41555888,-49.36101334,60,0,2537,2080,43,57,0,629,1351
178,1988,COLÉGIO MARISTA PARANAENSE,AVENIDA BISPO DOM JOSE 2674,SEMINÁRIO,-25.44782,-49.2978255,29,0,6242,5186,90,141,0,1509,3446
178,1996,ESCOLA ESTADUAL RIO BRANCO,AVENIDA BISPO DOM JOSE  2426,SEMINÁRIO,-25.4457152,-49.2956519,29,0,2312,1941,36,50,0,496,1359
178,2011,ESCOLA MUNICIPAL CEI PEDRO DALLABONA,RUA VIRGINIA DALLABONA 456,ORLEANS,-25.4296141,-49.3563186,59,0,2440,2043,36,67,0,634,1306
178,2020,ESCOLA MUNICIPAL CEI RAOUL WALLENBERG,"RUA HERMENEGILDO LUCA, CJ FERNAO DIAS   2400",BUTIATUVINHA,-25.41091467,-49.36148374,61,0,1607,1334,37,42,0,413,842
178,2046,ESCOLA ESTADUAL HELENA DIONYSIO,RUA FRANCISCO JUGLAIR  94,MOSSUNGUE,-25.4383667,-49.3331773,45,0,1740,1441,29,34,0,385,993
178,2054,ESCOLA ESTADUAL DOM ORIONE ( ANTIGA ESC. EST.  NILSON BATISTA RIBAS),RUA JAIME VEIGA 472,SEMINÁRIO,-25.4522023,-49.310843,29,0,1083,910,21,16,0,244,629
178,2062,FACULDADE PARANAENSE - FAPAR,"ALAMEDA DOM PEDRO II, 432",BATEL,-25.4391433,-49.2852161,10,0,2423,1927,46,40,0,612,1229
178,2070,ESCOLA MUNICIPAL CEI PROFESSOR JÚLIO MOREIRA,RUA ALEXANDRE MARKOSKI   82,SÃO BRAZ,-25.418062,-49.342938,60,0,3253,2659,50,72,0,883,1654
178,2089,COLÉGIO BOM JESUS - SEMINÁRIO (ANTIGO NOVO ATENEU),AVENIDA NOSSA SENHORA APARECIDA 1468,SEMINÁRIO,-25.4478345,-49.3121452,29,0,2223,1886,31,49,0,616,1190
178,2097,PARÓQUIA SANTA ISABEL,"RUA ULISSES VIEIRA, 621",VILA IZABEL,-25.4610314,-49.2964064,27,0,2753,2301,44,80,0,712,1465
178,2100,INSTITUTO PARANAENSE DOS CEGOS,AVENIDA VISCONDE DE GUARAPUAVA   4186,BATEL,-25.4417162,-49.2814206,10,0,1958,1569,32,35,0,388,1114
178,2119,ESCOLA SANTA TERESINHA DO MENINO JESUS,AVENIDA SETE DE SETEMBRO   4926,BATEL,-25.4450264,-49.2868614,10,0,5293,4256,92,110,0,971,3083
178,2127,COLÉGIO POSITIVO,RUA ALFERES ANGELO SAMPAIO     2300,BIGORRILHO,-25.4346412,-49.2887324,11,0,5696,4628,82,118,0,1253,3175
178,2135,ESCOLA MUNICIPAL WALTER HOERNER,"RUA DOMINGOS IMBRONIZIO, 129",MOSSUNGUE,-25.4350332,-49.3248542,45,0,2559,2115,45,70,0,549,1451
178,2143,ESCOLA MUNICIPAL ESPECIALIZADA ALI BARK,RUA VICENTE PONTAROLLA 91,SEMINÁRIO,-25.4443577,-49.3125291,29,0,1394,1182,29,51,0,391,711
178,2160,ESCOLA MUNICIPAL MONSENHOR BOLESLAU FALARZ,"RUA LUIZ HOMANN, 290",SÃO BRAZ,-25.42125396,-49.35579303,60,0,1708,1403,22,45,0,411,925
178,2178,COLÉGIO ESTADUAL DOMINGOS ZANLORENZI,"RUA PADRE PAULO WARKOCZ,670",CIDADE INDUSTRIAL,-25.44094308,-49.35504692,75,0,1746,1410,23,36,0,498,853
178,2186,ESCOLA MUNICIPAL PRESIDENTE PEDROSA,"RUA BORORÓS, 1279",PORTÃO,-25.4657885,-49.294924,27,0,2772,2304,51,67,0,690,1496
178,2194,ESCOLA ESTADUAL SANTO ANTÔNIO,"RUA AMADEU PIOTTO, 37",CIDADE INDUSTRIAL,-25.43375941,-49.35485794,75,0,3950,3296,77,106,0,1177,1936
178,2208,ESCOLA MUNICIPAL CEI PADRE FRANCISCO MESZNER,RUA JOSE TISSI 146 - CONJUNTO CAMPONESA,CIDADE INDUSTRIAL,-25.43611978,-49.35060692,75,0,2121,1804,32,52,0,601,1119
178,2216,COLÉGIO ESTADUAL GABRIELA MISTRAL,RUA TABAJARAS   840,PORTÃO,-25.4625849,-49.2983969,27,0,3302,2744,50,99,0,839,1756
178,2232,ESCOLA ESTADUAL DE EDUCAÇÃO ESPECIAL LUCY REQUIÃO MELLO E SILVA,"AV MANOEL RIBAS, 7119",SANTA FELICIDADE,-25.39954936,-49.33840637,63,0,2188,1774,28,55,0,575,1116
178,2240,PARÓQUIA N. SENHORA DA CONCEIÇÃO (PARÓQUIA BUTIATUVINHA),RUA PADRE ARTURO SEPPI 51,BUTIATUVINHA,-25.3963863,-49.3483101,61,0,1952,1691,26,27,0,414,1224
178,2259,CURSO E COLÉGIO ACESSO,"AVENIDA VEREADOR TOALDO TULIO, 1930",SANTA FELICIDADE,-25.410187,-49.345937,60,0,3757,3096,71,99,0,1061,1865
178,2267,COLÉGIO ESTADUAL PARA SURDOS ALCINDO FANAYA JUNIOR,RUA VITAL BRASIL 447,VILA IZABEL,-25.4635105,-49.2968165,27,0,1394,1203,29,32,0,587,555
178,2275,UNIFACEAR - CAMPUS SANTA FELICIDADE,"AVENIDA VEREADOR TOALDO TÚLIO, 4523",ORLEANS,-25.4281732,-49.35347391,59,0,4633,3886,64,120,0,1180,2522
178,2283,PARÓQUIA SÃO JOSÉ TRABALHADOR,"RUA MAJOR HEITOR GUIMARÃES, 1526",CAMPINA DO SIQUEIRA,-25.439272,-49.309998,30,0,1112,961,27,31,0,437,466
178,2291,UFPR - DEPARTAMENTO DE MÚSICAS E ARTES (BATEL),"RUA CORONEL DULCIDIO, 638",BATEL,-25.4388461,-49.2831409,10,0,651,587,10,15,0,350,212
178,2305,ESCOLA SEB - DOM BOSCO - UNIDADE BATEL,"AVENIDA VISCONDE DE GUARAPUAVA, 5581",BATEL,-25.4469769,-49.2943425,10,0,701,617,9,14,0,252,342
178,2313,EGREGORA ENSINO FUND MODALIDADE ESPECIAL(DOMINGOS ZANLORENZI-BL BAIXO),"RUA PADRE PAULO WARKOCZ, 670",CIDADE INDUSTRIAL,-25.4407331,-49.3551038,75,0,1393,1164,13,26,0,403,722
