NR_ZONA,NR_LOCAL_VOTACAO,NM_LOCAL_VOTACAO,DS_LOCAL_VOTACAO_ENDERECO,NM_BAIRRO,NR_LATITUDE,NR_LONGITUDE,ID_BAIRRO,FL_TRANSITO,QT_ELEITORES,QT_VOTOS_TOTAL,QT_VOTOS_BRANCOS,QT_VOTOS_NULOS,QT_VOTOS_ANULADOS,CAND_123,CAND_155,CAND_190,CAND_222,CAND_290,CAND_337,CAND_433,CAND_444,CAND_500,CAND_900
1,1244,COLEGIO ESTADUAL ANGELO TREVISAN,R CARLOS RAZERA   445,VISTA ALEGRE,-25.41149479,-49.29358008,31,0,4990,4073,160,226,0,171,36,744,882,7,2,169,1655,12,9
1,1252,ESCOLA ESTADUAL DONA CAROLA,R SOLIMOES  290,SÃO FRANCISCO,-25.41958047,-49.27991765,2,0,1701,1410,33,65,0,89,9,284,324,0,0,61,532,10,3
1,1260,ESCOLA MUNICIPAL MIRAZINHA BRAGA,R CORONEL JOAO GUILHERME GUIMARAES 1500,BOM RETIRO,-25.40885668,-49.28136751,13,0,2104,1764,68,86,0,74,21,317,397,1,1,66,726,2,5
1,1279,ESCOLA MUNICIPAL NYMPHA MARIA DA ROCHA PEPLOW,R BATISTA PESSINE  933,VISTA ALEGRE,-25.41214346,-49.30378369,31,0,1516,1257,57,55,0,48,11,243,285,3,0,42,506,4,3
1,1317,COLÉGIO ADVENTISTA BOM RETIRO (PARTICULAR),R LYSIMACO FERREIRA DA COSTA 980,BOM RETIRO,-25.41612053,-49.27517221,13,0,3914,3128,104,119,0,187,21,652,704,2,2,110,1200,24,3
1,1325,COLÉGIO CATÓLICA DE CURITIBA,NILO PECANHA  1635,BOM RETIRO,-25.406049,-49.2759618,13,0,4793,3934,103,139,0,233,27,734,859,5,0,143,1663,20,8
1,1422,COLEGIO ESTADUAL BENTO MUNHOZ DA ROCHA NETO,R ELVIRA B POLAK  67,PILARZINHO,-25.39678581,-49.28933367,32,0,3970,3221,224,191,0,149,30,577,650,3,0,150,1213,21,13
1,1430,ESCOLA MUNICIPAL HERLEY MEHL,RUA SATURNINO ARRUDA DOS SANTOS 80,PILARZINHO,-25.38869683,-49.28458932,32,0,4637,3734,228,272,0,153,47,689,724,5,1,159,1428,18,10
1,1457,ESCOLA ESTADUAL PROFESSORA MARIA HELOISA CASSELI,RUA CATHARINA POTINA DE MAURO 80,PILARZINHO,-25.39274258,-49.30096661,32,0,2112,1720,130,117,0,48,25,256,412,2,0,84,633,4,9
1,1465,ESCOLA MUNICIPAL PILARZINHO,R JORNALISTA GERALDO RUSSE  275,PILARZINHO,-25.38910219,-49.29454348,32,0,2438,1931,209,157,0,56,17,364,384,0,0,127,608,4,5
1,1716,ESCOLA MUNICIPAL ANA HELLA,RUA JOSE HELLA  93,VISTA ALEGRE,-25.39926059,-49.29778979,31,0,1748,1482,96,85,0,36,16,268,318,3,0,59,595,2,4
1,1732,ESCOLA MUNICIPAL CEI PROFESSOR LAURO ESMANHOTO,RUA AFFONSO BARONI  175,PILARZINHO,-25.38022836,-49.29552678,32,0,2109,1739,112,116,0,71,15,376,316,2,0,131,590,4,6
1,1740,COLEGIO VICENTINO SAO JOSE (PARTICULAR),R PADRE JOSE JOAQUIM GORAL  182,ABRANCHES,-25.3823401,-49.27253978,50,0,3175,2707,119,147,0,111,31,489,496,2,1,122,1170,13,6
1,1759,PAROQUIA SANTANA DE ABRANCHES,RUA VITORIO JOAO BRUNOR 688,ABRANCHES,-25.38173497,-49.27189896,50,0,1630,1327,48,66,0,54,11,246,259,0,0,54,582,4,3
1,1767,COLEGIO ESTADUAL PROFESSOR LOUREIRO FERNANDES,R MARECHAL MALLET    540,AHÚ,-25.40759083,-49.2607406,14,0,4269,3615,90,136,0,198,23,717,821,2,2,146,1458,14,8
1,1775,ESCOLA ESTADUAL ALINE PICHETH,R EURIPEDES GARCEZ DO NASCIMENTO    921,AHÚ,-25.40413701,-49.26540599,14,0,3134,2579,66,90,0,143,33,467,602,3,0,73,1086,9,7
1,1830,ESCOLA MUNICIPAL PROFESSOR BRANDAO,AV JOAO GUALBERTO  953,ALTO DA GLÓRIA,-25.41836088,-49.26361423,4,0,4416,3541,98,110,0,205,22,756,831,0,5,137,1354,13,10
1,1848,COLEGIO ESTADUAL SANTA GEMMA GALGANI,R ASSIS BRASIL    983,ABRANCHES,-25.37190675,-49.26778731,50,0,3263,2730,189,189,0,89,19,468,520,1,1,133,1093,11,17
1,1856,COLEGIO ESTADUAL GELVIRA CORREA PACHECO,R CARMELINA CAVASSIN  385,BARREIRINHA,-25.36678148,-49.26462534,52,0,5136,4327,253,262,0,164,36,745,798,5,0,211,1815,16,22
1,1864,ESCOLA MUNICIPAL JULIA AMARAL DI LENNA,RUA JOAO MACHADO DE CAMARGO 25,BARREIRINHA,-25.3767799,-49.25781793,52,0,5060,4178,243,307,0,139,35,678,812,4,1,176,1754,19,10
1,1872,ESCOLA ESTADUAL MARIA PEREIRA MARTINS,AV ANITA GARIBALDI  5340,BARREIRINHA,-25.36693686,-49.25984971,52,0,3103,2496,130,157,0,115,23,449,468,1,1,133,1005,8,6
1,1910,ESCOLA MUNICIPAL CEI ROMARIO MARTINS,R DAVID BODZIAK 100,CACHOEIRA,-25.35283297,-49.25518343,51,0,3662,2952,280,220,0,70,23,512,598,1,2,180,1053,8,5
1,1929,CLUBE CURITIBANO SEDE CONCORDIA,"PRESIDENTE CARLOS CAVALCANTI,  815",SÃO FRANCISCO,-25.4256255,-49.27282461,2,0,2198,1767,67,60,0,137,20,451,343,2,0,117,551,18,1
1,1937,FUNDACAO DE ESTUDOS SOCIAIS DO PARANA - FESP,R GENERAL CARNEIRO   216,ALTO DA GLÓRIA,-25.42511006,-49.26323943,1,0,2102,1712,37,43,0,86,9,391,420,1,0,73,635,11,6
1,1945,ESCOLA MUNICIPAL  DUILIO CALDERARI,RUA JOSE SPERANCETTA   66,SÃO LOURENÇO,-25.38660019,-49.26212578,33,0,2465,2065,89,116,0,70,35,349,411,3,0,67,912,7,6
1,1953,ESCOLA ESTADUAL ERNANI VIDAL,R MATEUS LEME  3291,SÃO LOURENÇO,-25.39837175,-49.27155922,33,0,2651,2168,71,88,0,94,18,398,477,0,0,102,908,6,6
1,1961,COLEGIO MARTINUS (PARTICULAR),"RUA PRESIDENTE CARLOS CAVALCANTI, 999",SÃO FRANCISCO,-25.42515703,-49.27490012,2,0,2202,1786,58,83,0,97,17,401,420,3,0,118,571,14,4
1,1970,COLEGIO ESTADUAL SEBASTIAO SAPORSKI,RUA MARIA DE LOURDES MICKOSZ 350,TABOÃO,-25.37499232,-49.27813341,49,0,1305,1063,74,69,0,60,14,172,191,3,1,51,425,3,0
1,1988,COLEGIO INTEGRAL (PARTICULAR),"RUA ALBERTO FOLLONI, 220",JUVEVÊ,-25.41347846,-49.26359958,15,0,2641,2193,47,63,0,159,17,482,468,1,1,102,829,18,6
1,1996,COLEGIO BOM JESUS DIVINA PROVIDENCIA (PARTICULAR),LEONIDAS VICENTE DE CASTRO 81,AHÚ,-25.40153844,-49.26761273,14,0,4843,4061,94,115,0,223,35,816,900,1,0,117,1733,15,12
1,2020,ESCOLA MUNICIPAL CEI ULYSSES SILVEIRA GUIMARAES,"RUA PEDRO DE SIQUEIRA CORTES, 323",ABRANCHES,-25.36413711,-49.2749189,50,0,1089,890,86,59,0,30,8,169,158,0,0,39,335,2,4
1,2038,ESCOLA MUNICIPAL CEI PROFESSOR  JOSE WANDERLEY DIAS,"RUA DOS IPES, 122",BARREIRINHA,-25.37475477,-49.25295774,52,0,2095,1755,77,121,0,63,14,316,420,0,0,74,663,3,4
1,2232,COLEGIO MARISTA SANTA MARIA (PARTICULAR),"RUA PROFESSOR JOAQUIM DE MATTOS BARRETO, 98",SÃO LOURENÇO,-25.38985747,-49.26867258,33,0,3919,3272,93,107,0,262,18,750,568,3,0,128,1329,9,5
1,2240,FACULDADE INSPIRAR,"RUA JOÃO TSCHANNERL, 880",PILARZINHO,-25.4046383,-49.2891437,31,0,1975,1657,68,86,0,93,12,314,339,0,1,55,675,5,9
1,2259,ESCOLA MUNICIPAL TANIRA REGINA SCHMIDT,"RUA VICTOR KOTOVIS, 162",ABRANCHES,-25.35568909,-49.27415003,50,0,2010,1685,171,150,0,66,24,333,306,0,3,91,526,8,7
1,2330,CURSO DE COMUNICACÃO SOCIAL DA UFPR,R BOM JESUS     650,JUVEVÊ,-25.41376315,-49.25244683,15,0,3144,2642,64,72,0,148,20,585,595,2,1,95,1037,17,6
1,2348,COLEGIO POSITIVO JUNIOR,R MARCELINO CHAMPAGNAT  733,MERCÊS,-25.4289114,-49.29418016,12,0,4333,3614,72,76,0,134,21,593,955,3,3,87,1660,6,4
1,2356,COLEGIO DOM BOSCO,RUA PAULO MARTINS  314,MERCÊS,-25.41777304,-49.2964639,12,0,2515,2067,92,94,0,125,14,352,473,3,0,72,830,7,5
1,2364,COLEGIO ESTADUAL SENADOR MANOEL ALENCAR GUIMARAES,AV CANDIDO HARTMANN  1650,MERCÊS,-25.42513962,-49.30041889,12,0,2149,1775,59,105,0,67,11,319,412,0,0,57,736,7,2
1,2372,SETOR DE CIENCIAS AGRARIAS,R DOS FUNCIONARIOS 1540,JUVEVÊ,-25.41013795,-49.24888101,16,0,4263,3540,73,111,0,153,30,723,782,2,1,106,1535,15,9
1,2380,ASSOCIAÇÃO EDUCATIVA STELLA MARIS,R ROCHA POMBO 792,JUVEVÊ,-25.41258457,-49.26139874,15,0,5469,4569,108,110,0,308,44,903,1042,2,1,146,1883,13,9
1,2399,CENTRO REDENTORISTA SANTO AFONSO,"R UBALDINO DO AMARAL, 204",ALTO DA RUA XV,-25.4231795,-49.2606732,4,0,3223,2612,61,105,0,162,23,586,565,1,1,140,954,12,2
1,2402,ESCOLA MADRE ANATOLIA,RUA MARTIN AFONSO  575,MERCÊS,-25.42779906,-49.28285509,12,0,1768,1435,37,52,0,70,6,288,329,1,1,69,576,5,1
1,2410,COLEGIO ESTADUAL PROFESSOR GUIDO STRAUBE,R JACAREZINHO   1680,MERCÊS,-25.41535155,-49.2898898,12,0,2396,1960,82,83,0,82,24,404,389,1,1,91,795,6,2
1,2429,ESCOLA ESTADUAL PROFESSOR CLETO,RUA VISCONDE DE NACAR   544,MERCÊS,-25.42753994,-49.28036107,2,0,1655,1308,44,58,0,69,13,339,276,0,1,70,420,14,4
1,2437,ESCOLA VICENTINA NOSSA SENHORA DAS MERCES,"AV MANOEL RIBAS, 1154",MERCÊS,-25.42279077,-49.29029039,12,0,2443,1983,78,78,0,103,13,385,447,3,0,103,761,5,7
1,2445,HOSPITAL DE CLÍNICAS,"RUA GENERAL CARNEIRO, 181",ALTO DA GLÓRIA,-25.4248837,-49.2620917,4,0,186,177,16,4,0,24,0,47,17,0,0,26,34,9,0
2,1112,ESCOLA MUNICIPAL ANISIO TEIXEIRA,R JOAO BATISTA SCUCATO 80 CJTO HABITACIONAL N ESPERANCA,ATUBA,-25.38417494,-49.20112808,55,0,3648,2954,296,249,0,91,21,485,617,3,0,129,1049,7,7
2,1120,COLEGIO ESTADUAL LEONCIO CORREIA,R COSTA RICA   223,BACACHERI,-25.40139684,-49.24463919,35,0,8759,7110,263,281,0,412,74,1222,1731,7,1,366,2695,33,25
2,1139,ESCOLA MUNICIPAL ENY CALDEIRA,R GUILHERME IHLENFELDT   51,BACACHERI,-25.38872635,-49.2259122,35,0,5590,4665,183,214,0,197,40,783,1177,1,2,204,1839,15,10
2,1147,ESCOLA MUNICIPAL JAGUARIAIVA,"RUA JOSÉ MAZEPA, 51",BACACHERI,-25.39634862,-49.21722528,35,0,2984,2513,80,103,0,100,20,422,628,2,2,113,1020,21,2
2,1155,FACULDADE DE ARTES DO PARANÁ,RUA DOS FUNCIONÁRIOS 1357,CABRAL,-25.41250163,-49.24707089,16,0,2691,2196,57,53,0,148,22,469,514,0,1,72,844,14,2
2,1163,SOCIEDADE BENEFICENTE DUQUE DE CAXIAS,R COSTA RICA  1173,BACACHERI,-25.39714944,-49.23766519,35,0,5057,4245,124,148,0,209,24,644,1131,1,1,108,1828,14,13
2,1180,COLÉGIO MADALENA SOFIA,"R SANTA MADALENA SOFIA BARAT, 809",BAIRRO ALTO,-25.41267305,-49.21529014,36,0,7197,5935,232,283,0,271,53,994,1265,6,0,257,2522,27,25
2,1198,ESCOLA MUNICIPAL ARAUCARIA,R RIO IRIRI  355,BAIRRO ALTO,-25.40380732,-49.20740499,36,0,2927,2378,138,194,0,54,27,381,562,2,0,116,893,7,4
2,1201,ESCOLA DUNAMYS ENSINO FUNDAMENTAL (PARTICULAR),"RUA RIO IRIRI, 1125",BAIRRO ALTO,-25.40095963,-49.20114794,36,0,4697,3832,240,304,0,113,33,670,770,0,2,204,1471,12,13
2,1279,COLEGIO NOSSA SENHORA DO ROSARIO,R EDUARDO GERONASSO  1266,BACACHERI,-25.39100582,-49.23496776,35,0,4786,4105,152,145,0,251,42,745,955,2,1,200,1580,20,12
2,1295,ESCOLA MUNICIPAL CARAMURU,TRAV RODOLPHO ROSENAU 157,CABRAL,-25.39787701,-49.25545294,16,0,1460,1233,37,51,0,66,7,261,245,1,0,71,482,10,2
2,1384,COLÉGIO ESTILLO,"RUA DOUTOR LUIZ FERNANDO VAN DER BROOCKE, 17",BACACHERI,-25.41306796,-49.23204247,18,0,3973,3337,109,129,0,157,18,582,865,1,2,122,1323,16,13
2,1414,ESCOLA ESTADUAL NOSSA SENHORA DA SALETE,AVENIDA WASHINGTON LUIZ  620,JARDIM SOCIAL,-25.41980079,-49.23009,18,0,5582,4570,112,156,0,235,28,758,1175,1,1,138,1940,18,8
2,1449,ESCOLA MUNICIPAL AUGUSTO CESAR SANDINO,R MOBRAL  413,SANTA CANDIDA,-25.36401272,-49.23234376,53,0,3563,2836,226,231,0,105,32,465,601,2,0,151,997,17,9
2,1457,ESCOLA MUNICIPAL RAUL GELBECK,RUA ODACIR SCHILIPAK 359,SANTA CANDIDA,-25.37337604,-49.2416653,53,0,3305,2634,179,219,0,81,23,461,529,2,0,128,991,9,12
2,1465,ESCOLA ESTADUAL SANTA CANDIDA,RUA THEODORO MAKIOLKA  155,SANTA CANDIDA,-25.37399365,-49.22445673,53,0,7781,6401,405,443,0,209,59,1090,1310,6,1,301,2536,28,13
2,1503,COLEGIO ESTADUAL CECILIA MEIRELES,RUA PEDRO ELOY DE SOUZA  1700,BAIRRO ALTO,-25.42496838,-49.20393852,36,0,9487,7596,473,511,0,344,57,1275,1736,6,1,412,2723,35,23
2,1511,ESCOLA ESTADUAL DONA BRANCA DO NASCIMENTO MIRANDA,R JORGE BONN 460 VILA TINGUI,TINGUI,-25.39210065,-49.21984325,54,0,3959,3305,147,175,0,135,24,549,742,3,1,158,1334,22,15
2,1520,ESCOLA ESTADUAL MARIA MONTESSORI,R GUILHERME IHLENFELDT 980  VILA TINGUI,TINGUI,-25.38377993,-49.22941911,54,0,5163,4147,221,222,0,170,26,730,940,7,1,202,1597,16,15
2,1538,SALAO DA IGREJA DE SANTA CANDIDA,RUA PADRE JOAO WILINSKI 755,SANTA CANDIDA,-25.37399302,-49.22427552,53,0,4180,3385,185,229,0,101,24,600,700,2,0,186,1338,10,10
2,1546,GRUPO DE ESCOTEIROS SAO LUIZ DE GONZAGA,RUA OSORIO DUQUE ESTRADA 560,JARDIM SOCIAL,-25.4155791,-49.23394586,18,0,1186,1001,26,18,0,51,5,176,257,0,0,32,428,5,3
2,1570,CEI CURITIBA ANO 300,RUA JORNALISTA ALCEU CHICHORRO 180,BAIRRO ALTO,-25.41441618,-49.20623962,36,0,2731,2257,136,127,0,92,10,403,538,4,3,128,795,15,6
2,1589,ESCOLA MUNICIPAL ERASMO PILOTTO,RUA RIO JAPURA 648,ATUBA,-25.39452913,-49.20346469,55,0,4407,3661,209,242,0,133,22,603,937,5,0,152,1333,11,14
2,1791,ESCOLA MUNICIPAL SANTA AGUEDA,"RUA JOSE ANTONIO LEPREVOST, 496",SANTA CANDIDA,-25.37673384,-49.23127177,53,0,2834,2379,131,158,0,86,20,418,490,1,0,86,973,9,7
2,1805,COLÉGIO PASSIONISTA N. S. MENINA,"RUA BOM JESUS, 881 - A",CABRAL,-25.41481835,-49.25088176,16,0,4227,3469,95,81,0,180,32,750,803,1,1,82,1421,14,9
2,1880,ESCOLA ESTADUAL CRUZEIRO DO SUL,RUA BUDA 8,SANTA CANDIDA,-25.36718325,-49.21023656,53,0,2677,2127,169,149,0,98,17,381,457,3,0,114,720,11,8
2,1899,COLEGIO ESTADUAL PROFESSOR ALGACYR MUNHOZ MAEDER,"RUA SEBASTIAO ALVES FERREIRA, 1164",BAIRRO ALTO,-25.40423001,-49.206835,36,0,7565,6120,411,438,0,194,37,941,1490,4,1,284,2277,28,15
2,1988,COLEGIO ESTADUAL  ERMELINO DE LEAO,AV NOSSA SENHORA DE NAZARE  900,BOA VISTA,-25.39208318,-49.24743269,34,0,6100,4857,177,209,0,246,39,904,1115,2,0,256,1867,22,20
2,1996,ESCOLA MUNICIPAL PROFESSOR RICARDO KRIEGER,"RUA MARIA GERONASSO DO ROSARIO, 346",BOA VISTA,-25.38429345,-49.23731129,34,0,2092,1789,96,111,0,72,24,337,395,2,1,98,644,5,4
2,2003,COLEGIO ESTADUAL PAPA JOAO PAULO I,R MARIA GERONASSO DO ROSARIO  259,BOA VISTA,-25.3842462,-49.23793332,34,0,4198,3338,201,193,0,141,37,590,752,2,0,150,1238,23,11
2,2011,COLEGIO ESTADUAL ANGELO GUSSO,"RUA JULIO PEDROSO DE MORAIS, 10",BOA VISTA,-25.3884335,-49.25934738,34,0,3630,2979,166,154,0,185,41,547,605,3,1,140,1113,11,13
2,2020,COLEGIO POSITIVO BOA VISTA,"RUA CARLOS DE CAMPOS, 1090",BOA VISTA,-25.39211877,-49.24270216,34,0,7071,5822,212,243,0,292,52,1073,1244,5,1,231,2414,32,23
2,2038,COLÉGIO ADVENTISTA UNIDADE BOA VISTA,"RUA FERNANDO DE NORONHA, 470",SANTA CANDIDA,-25.3815724,-49.23564726,53,0,2540,2033,144,84,0,124,11,380,460,2,0,153,646,23,6
3,1023,ESCOLA ESTADUAL REPÚBLICA ORIENTAL DO URUGUAI,"AV PRES. AFFONSO CAMARGO, N. 3407, CAPAO DA IMBUIA",CAPAO DA IMBUIA,-25.4404556,-49.2289774,20,0,4383,3650,167,195,0,168,33,615,913,2,0,147,1386,13,11
3,1058,ESCOLA MUNICIPAL IRATI,"AV JORN ADERBAL GAERTNER STRESSER, N. 775, CONJUNTO MERCÚRIO",CAJURU,-25.4702853,-49.2024938,21,0,4593,3833,239,250,0,117,40,638,952,2,1,184,1390,11,9
3,1066,ESCOLA MUNICIPAL AYRTON SENNA DA SILVA,"RUA ANTÔNIO MOREIRA LOPES, N. 1301, JARDIM ACRÓPOLE",CAJURU,-25.4709948,-49.1920684,21,0,4352,3480,344,314,0,120,26,672,748,2,0,213,1029,3,9
3,1074,COLEGIO ESTADUAL MÁXIMO ATÍLIO ASINELLI,"RUA JÚLIO WISCHRAL, N. 650, UBERABA DE CIMA",UBERABA,-25.4744266,-49.2233534,37,0,3093,2570,147,110,0,102,15,409,614,4,0,117,1033,15,4
3,1082,ESCOLA MUNICIPAL MARUMBI,"RUA FRANCISCO LICNERSKI, 50,  PRÓXIMO À SANEPAR DA BR 277",UBERABA,-25.4795245,-49.2027126,37,0,3834,3192,216,231,0,88,27,584,758,1,0,183,1080,18,6
3,1090,ESCOLA MUNICIPAL CORONEL DURIVAL BRITTO E SILVA,"RUA EMÍLIO BERTOLINI, N. 44, VILAS OFICINAS",CAJURU,-25.4481352,-49.2158304,21,0,4091,3384,271,241,0,134,44,559,731,5,0,145,1226,19,9
3,1104,ESCOLA MUNICIPAL PREFEITO LINNEU FERREIRA DO AMARAL,"RUA RORAIMA, N. 1570, VILAS OFICINAS",CAJURU,-25.4525528,-49.2082456,21,0,5083,4089,308,318,0,145,46,709,890,2,2,206,1445,9,9
3,1112,COLÉGIO ESTADUAL NATÁLIA REGINATO,"RUA GOIÂNIA,  679, VILAS OFICINAS",CAJURU,-25.4548352,-49.2202622,21,0,2241,1791,105,121,0,51,20,269,447,0,0,86,669,11,12
3,1120,ESCOLA ESTADUAL PROFESSOR NILO BRANDÃO,"AV JORN. ADERBAL GAERTNER STRESSER, 748",CAJURU,-25.4709655,-49.2042646,21,0,4763,3849,230,235,0,146,26,631,938,4,0,200,1410,12,17
3,1139,ESCOLA ESTADUAL DEPUTADO OLÍVIO BELICH,"RUA ENGENHEIRO COSTA BARROS, N. 629, VILA CAMARGO",CAJURU,-25.4599911,-49.2118333,21,0,5861,4662,334,313,0,158,39,807,1026,3,0,238,1719,14,11
3,1147,ESCOLA MUNICIPAL PREFEITO OMAR SABBAG,"RUA PEDRO BOCCHINO, N. 140, VILAS OFICINAS",CAJURU,-25.450722,-49.2181567,21,0,8014,6290,430,485,0,178,70,1141,1330,3,1,326,2272,24,30
3,1155,ESCOLA ESTADUAL SANTA ROSA,"RUA AMÍLTON PORTUGAL PEREIRA, 515, SOLITUDE",CAJURU,-25.4759929,-49.1948777,21,0,3867,3007,290,232,0,81,18,499,722,0,1,188,957,6,13
3,1163,COLÉGIO ESTADUAL SENHORINHA DE MORAES SARMENTO,"RUA CATULO DA PAIXÃO CEARENSE, N. 1000, CENTENÁRIO",CAJURU,-25.4645076,-49.2046715,21,0,9783,7588,648,592,0,230,79,1401,1701,4,2,432,2428,26,45
3,1198,ESCOLA MUNICIPAL PROFESSOR ENÉAS MARQUES DOS SANTOS,"RUA OSMÁRIO DE LIMA, N. 100",CAPAO DA IMBUIA,-25.433934,-49.2188575,20,0,3968,3165,143,182,0,137,39,524,733,3,2,165,1212,10,15
3,1201,ESCOLA MUNICIPAL C.E.I. EVA DA SILVA,"RUA FREDERICO STADLER JÚNIOR, N. 1670",CAPAO DA IMBUIA,-25.4412945,-49.2052541,20,0,5216,4240,303,290,0,119,44,784,905,4,2,216,1550,11,12
3,1210,COLÉGIO ESTADUAL PROFESSORA MARIA AGUIAR TEIXEIRA,"AV PRESIDENTE AFFONSO CAMARGO, N. 3463",CAPAO DA IMBUIA,-25.4395174,-49.2278613,20,0,6814,5373,283,306,0,237,56,930,1325,6,2,278,1894,37,19
3,1228,ESCOLA MUNICIPAL GUILHERME LACERDA BRAGA SOBRINHO,"RUA SIMÃO BRANTE, N. 1735",UBERABA,-25.4920289,-49.223117,37,0,1924,1584,106,101,0,50,7,276,372,0,0,71,588,5,8
3,1465,COLÉGIO ESTADUAL ALFREDO PARODI,"RUA ESPIRIDIÃO KALLUF, 125, JARDIM CENTAURO",UBERABA,-25.4939276,-49.2099997,37,0,5774,4508,298,268,0,155,36,788,1009,1,1,256,1663,18,15
3,1473,COLÉGIO ESTADUAL CONSELHEIRO CARRÃO,"RUA DOUTOR SIMÃO KOSSUBUDSKI, N. 165",UBERABA,-25.4970931,-49.2180592,37,0,4627,3654,336,276,0,96,32,620,773,3,0,202,1294,11,11
3,1481,ESCOLA MUNICIPAL DONA LULA,"RUA ELIAS MOYSES SCHELELA, N. 570",UBERABA,-25.4860754,-49.2263022,37,0,2108,1730,101,112,0,59,15,286,471,0,0,74,596,8,8
3,1490,ESCOLA MUNICIPAL PROFESSORA DONATILA CARON DOS ANJOS,"RUA ALVORADA, N. 460, CANAL BELEM",UBERABA,-25.4785787,-49.2395903,37,0,2291,1867,142,124,0,53,17,315,407,0,0,94,704,5,6
3,1503,ESCOLA MUNICIPAL C.E.I. ISSA NACLI,"RUA CAPITÃO LEÔNIDAS MARQUES, N. 2147, UBERABA DE CIMA",UBERABA,-25.4820981,-49.2133185,37,0,5559,4605,225,283,0,166,53,835,1126,0,1,211,1672,19,14
3,1511,ESCOLA MUNICIPAL PROFESSOR JOÃO  MACEDO FILHO,"RUA ULISSES JOSÉ RIBEIRO, N. 410",UBERABA,-25.4719677,-49.2274428,37,0,2420,2029,77,105,0,75,22,339,508,0,0,66,824,7,6
3,1546,ESCOLA ESTADUAL SÃO PAULO APÓSTOLO,"RUA CORONEL JOSÉ CARVALHO DE OLIVEIRA, N. 1275",UBERABA,-25.4817072,-49.2271629,37,0,6163,5050,258,296,0,189,47,863,1256,4,0,253,1849,24,11
3,1562,CRECHE MUNICIPAL TRINDADE,"RUA DA TRINDADE, N. 368, VILA TRINDADE",CAJURU,-25.4467777,-49.2055083,21,0,2179,1743,148,118,0,36,12,299,387,3,0,91,628,10,11
3,1589,ESCOLA MUNICIPAL ELZA LERNER,"RUA LUIZ FRANÇA, 2873, VILA CAMARGO",CAJURU,-25.4619114,-49.2150122,21,0,4325,3630,235,197,0,111,31,636,751,4,0,194,1443,13,15
3,1597,ESCOLA MUNICIPAL C.E.I.  RITTA ANNA DE CÁSSIA,"RUA FORTALEZA, N. 1343, VILA CAMARGO",CAJURU,-25.458176,-49.2046387,21,0,3237,2601,241,207,0,72,44,455,511,0,0,155,898,10,8
3,1600,ESCOLA BANDEIRANTES,"RUA CUIABÁ, N. 1284, VILAS OFICINAS",CAJURU,-25.4546388,-49.2098731,21,0,3082,2591,137,158,0,103,23,430,561,2,0,124,1039,5,9
3,1643,COLÉGIO ESTADUAL ANÍBAL KHURY NETO,"RUA AVELINO MONTOVANI, N. 430",UBERABA,-25.4852021,-49.2037322,37,0,4382,3384,360,291,0,111,26,669,759,5,0,217,926,13,7
3,2054,ESCOLA MUNICIPAL MICHEL KHURY,"RUA ADHMAR VIEIRA DE ARAÚJO, N. 457",UBERABA,-25.4893901,-49.2022535,37,0,2709,2151,259,213,0,43,14,396,505,1,1,167,544,3,5
3,2062,ESCOLA MUNICIPAL RACHEL MADER GONÇALVES,"RUA GUSTAVO BARROZO GONÇALVES, 26",UBERABA,-25.4868275,-49.2003096,37,0,1641,1325,156,116,0,39,5,290,256,0,0,120,332,5,6
3,2070,ESCOLA MUNICIPAL PROFESSORA MARIA DE LOURDES LAMAS PEGORARO,"RUA JOÃO ALVES DE ARAÚJO, N. 273, SOLITUDE",CAJURU,-25.4751088,-49.1960493,21,0,1503,1231,107,90,0,40,13,194,280,2,2,62,431,5,5
3,2089,ESCOLA MUNICIPAL PROFESSORA MARIA MARLI PIOVEZAN,"RUA VELCY BOLÍVAR GRANDÓ, 105",UBERABA,-25.4953612,-49.2081413,37,0,2877,2246,232,202,0,58,18,354,542,1,1,215,612,9,2
3,2178,PARÓQUIA SÃO PAULO APÓSTOLO,"RUA PADRE JULIO SAAVEDRA, 170",UBERABA,-25.4765343,-49.2293418,37,0,3721,3099,133,149,0,112,26,485,799,4,0,111,1260,11,9
4,1104,ESCOLA MUNICIPAL SIDONIO MURALHA,"RUA LUDOVICO KAMINSKI, 3460 - CJ CAIUA",CIDADE INDUSTRIAL,-25.4853905,-49.3502324,75,0,4902,3984,287,356,0,121,37,648,942,3,0,218,1355,11,6
4,1392,COLEGIO ESTADUAL PAULA GOMES,RUA CURUPIS  903,SANTA QUITERIA,-25.459764,-49.3074766,43,0,6868,5601,309,354,0,179,41,1029,1284,3,2,278,2084,18,20
4,1414,CENTRO MUNICIPAL DE EDUCAÇÃO INFANTIL NICE BRAGA,"RUA BOCAIUVA,  351",SANTA QUITERIA,-25.4630033,-49.304932,43,0,3912,3209,112,186,0,130,16,597,731,3,2,150,1249,24,9
4,1430,COLEGIO (PARTICULAR) PADRE JOAO BAGOZZI,"RUA CALIXTO RAZZOLINI, 14",PORTÃO,-25.4755597,-49.2947683,27,0,6581,5328,193,201,0,255,34,1097,1211,6,1,272,2008,30,20
4,1449,COLEGIO ESTADUAL PEDRO MACEDO,"AVENIDA REPUBLICA ARGENTINA,   2376",PORTÃO,-25.4675379,-49.29327,27,0,7642,6263,265,259,0,344,47,1170,1410,6,2,307,2397,37,19
4,1457,ESCOLA MUNICIPAL PAPA JOAO XXIII,"RUA ITACOLOMI,  700 - VILA LEAO",PORTÃO,-25.4793874,-49.2993917,27,0,5052,4140,204,218,0,160,30,710,953,0,1,189,1644,16,15
4,1490,ESCOLA ESTADUAL MARECHAL CANDIDO RONDON,"RUA RICARDO NEGRAO FILHO, 287",PORTÃO,-25.47445,-49.3110344,27,0,3808,3110,182,190,0,102,19,508,732,1,4,132,1217,13,10
4,1503,ESCOLA MUNICIPAL PROFESSOR FRANCISCO KLENTZ,"RUA FRANCISCO TISSOT, 119 - VILA ROSINHA",PORTÃO,-25.4724158,-49.3159873,27,0,2639,2210,140,176,0,68,14,387,457,0,0,107,851,5,5
4,1554,ESCOLA MUNICIPAL SAO MIGUEL,"RUA RAUL ZANON, 175 - SANTA HELENA",CIDADE INDUSTRIAL,-25.479553,-49.3367299,75,0,5618,4503,303,400,0,112,41,803,967,1,2,286,1562,11,15
4,1562,ESCOLA MUNICIPAL PROFESSORA MARIA DO CARMO MARTINS,"RUA JOAO DEMBINSKI, 1377",CIDADE INDUSTRIAL,-25.4603265,-49.3450213,75,0,4830,3965,327,343,0,102,34,734,805,3,0,268,1314,14,21
4,1570,ESCOLA MUNICIPAL HEITOR ALENCAR FURTADO,"RUA ROBERT REDZINSKI,  150",CIDADE INDUSTRIAL,-25.4572599,-49.3494379,75,0,3974,3253,254,269,0,90,30,618,687,3,0,184,1105,4,9
4,1589,ESCOLA MUNICIPAL JARDIM SANTOS ANDRADE,"RUA LUIZ ZILLI, 405",CAMPO COMPRIDO,-25.4565079,-49.3259374,44,0,2716,2178,128,145,0,89,25,398,412,2,0,116,843,12,8
4,1597,FUNDACAO DE AÇÃO SOCIAL DO CAMPO COMPRIDO - FAS (MUNICIPAL),"RUA EDUARDO SPRADA, 4520",CIDADE INDUSTRIAL,-25.4468243,-49.3486726,75,0,2868,2336,136,145,0,109,16,421,495,1,0,101,897,9,6
4,1600,ESCOLA MUNICIPAL MORADIAS DO RIBEIRAO,"RUA JOAO DEMBINSKI, 3030",CIDADE INDUSTRIAL,-25.4746405,-49.3394871,75,0,3463,2838,194,216,0,98,26,543,627,0,0,148,967,10,9
4,1619,ESCOLA ESTADUAL JOSE FRESSATO,"RUA NOVA LONDRINA, 30",AUGUSTA,-25.4572049,-49.3775575,68,0,1857,1501,130,130,0,29,8,226,332,1,0,79,556,6,4
4,1627,CEI - CENTRO DE EDUCAÇÃO INFANTIL OLIVIO SOARES SABOIA (MUNICIPAL),"R JOAO ALEXANDRE KOPP, 505",CIDADE INDUSTRIAL,-25.4805601,-49.3475155,75,0,3294,2699,205,208,0,71,14,453,624,1,0,179,927,11,6
4,1643,COLÉGIO ESTADUAL PROFESSORA HILDEGARD SONDAHL - EFM,"RUA JOAQUIM DE SIQUEIRA CORTES, 62",CIDADE INDUSTRIAL,-25.4871391,-49.3529339,75,0,3055,2496,208,202,0,86,19,452,510,1,1,121,878,9,9
4,1651,ESCOLA ESTADUAL MONSENHOR IVO ZANLORENZI,"R EDUARDO SPRADA, 4114",CAMPO COMPRIDO,-25.4448298,-49.3454058,44,0,4662,3804,196,244,0,165,39,671,828,10,1,136,1492,9,13
4,1694,ESCOLA MUNICIPAL PROFESSOR ULISSES FALCAO VIEIRA,"RUA EDUARDO SPRADA,  5062",CIDADE INDUSTRIAL,-25.4495891,-49.3524682,75,0,4087,3310,234,228,0,100,28,599,724,3,1,166,1208,9,10
4,1708,COLEGIO ESTADUAL TEOTONIO VILELA,"RUA ROBERT REDZIMSKI, 1000",CIDADE INDUSTRIAL,-25.4573312,-49.3490455,75,0,5696,4606,432,404,0,136,35,819,955,3,2,259,1525,15,21
4,1716,COLEGIO (PARTICULAR) MARTINUS PORTÃO,"RUA ARTHUR MOHR,144",PORTÃO,-25.4728121,-49.2993114,27,0,2339,1967,55,75,0,103,12,373,464,0,2,81,786,13,3
4,1724,COLEGIO ESTADUAL PROTASIO DE CARVALHO,"RUA CIDADE GAUCHA, 120",CIDADE INDUSTRIAL,-25.4736887,-49.3471497,75,0,5641,4552,361,404,0,117,33,822,961,5,0,244,1577,12,16
4,1740,ASPP - ASSOCIACAO DOS SERVIDORES PUBLICOS DO PARANA,"RUA PROFESSOR ULISSES VIEIRA, 2303",SANTA QUITERIA,-25.4634484,-49.3119603,43,0,7002,5711,281,325,0,233,39,1038,1278,8,2,329,2131,28,19
4,1937,ESCOLA MUNICIPAL LINA MARIA MOREIRA,"RUA LUIZ RONALDO CANALLI, 3280",CAMPO COMPRIDO,-25.4617942,-49.3340344,44,0,2014,1665,92,90,0,72,7,338,312,3,4,97,631,7,12
4,1945,UNIVERSIDADE POSITIVO,"RUA PROFESSOR PEDRO VIRIATO PARIGOT DE SOUZA, 5300",CIDADE INDUSTRIAL,-25.4463624,-49.3587731,75,0,6207,5129,213,199,0,229,20,908,1148,4,3,178,2199,12,16
4,1953,ESCOLA MUNICIPAL PRESIDENTE TANCREDO DE ALMEIDA NEVES,"RUA DESEMBARGADOR CID CAMPELO, 7588",CIDADE INDUSTRIAL,-25.4844458,-49.3384813,75,0,1352,1124,94,110,0,31,3,199,228,0,0,89,364,2,4
4,1961,FACULDADE PADRE JOÃO BAGOZZI (PARTICULAR),"RUA CAETANO MARCHESINI, 952",PORTÃO,-25.4767386,-49.3024191,27,0,7014,5795,195,201,0,253,28,1017,1454,3,2,228,2366,30,18
4,1970,ESCOLA MUNICIPAL COLONIA AUGUSTA,"RUA STANISLAU FELIBRANTE, 80",AUGUSTA,-25.4785772,-49.359235,68,0,1011,838,64,53,0,23,7,152,190,0,0,79,265,1,4
4,1988,ESCOLA MUNICIPAL PADRE JOÃO CRUCIANI,"RUA JOSÉ GONÇALVES JUNIOR, 259",CAMPO COMPRIDO,-25.466621,-49.3272552,44,0,1184,997,56,59,0,59,7,178,205,1,0,60,364,3,5
4,1996,COLÉGIO EFETIVO (PARTICULAR),"RUA JOÃO ALENCAR GUIMARÃES, 2883",CAMPO COMPRIDO,-25.4614147,-49.3250429,44,0,1509,1222,55,61,0,64,5,203,261,0,0,70,491,6,6
4,2100,ESCOLA MUNICIPAL GRACILIANO RAMOS,RUA ALCIR MARTINS BASTOS 560,FAZENDINHA,-25.4871426,-49.3265397,42,0,3558,2895,169,182,0,104,24,506,631,2,0,161,1099,7,10
4,2119,REDE MARISTA DE SOLIDARIEDADE,"RUA RAUL POMPEIA, 188",CIDADE INDUSTRIAL,-25.477421,-49.3331403,75,0,1593,1277,86,101,0,39,14,212,297,0,0,83,439,3,3
4,2127,ESCOLA MUNICIPAL NOVA ESPERANCA,"RUA HENRIQUE MATTIOLI, 410",FAZENDINHA,-25.4836905,-49.3312954,42,0,2100,1733,111,151,0,38,23,295,404,0,1,90,614,3,3
4,2135,CMEI SANTA AMÉLIA,"RUA FERNANDO DE SOUZA COSTA, 375",FAZENDINHA,-25.4857635,-49.3253689,42,0,1227,944,87,83,0,36,4,155,186,0,0,49,334,5,5
4,2143,PARÓQUIA SANTA AMÉLIA - PAVILHÃO PAROQUIAL,"AVENIDA ALCIR MARTINS BASTOS, 510",FAZENDINHA,-25.4866489,-49.3257172,42,0,1705,1377,81,103,0,59,22,249,280,0,1,60,508,9,5
4,2151,CEI - PROFESSOR ADRIANO GUSTAVO CARLOS ROBINE,"RUA VEREADOR ELIAS KARAM, 480",FAZENDINHA,-25.4803666,-49.3313832,42,0,2146,1733,128,125,0,67,12,275,386,0,0,111,619,7,3
4,2160,COLEGIO ESTADUAL AVELINO ANTONIO VIEIRA,RUA JULIO MESQUITA 12,FAZENDINHA,-25.4868003,-49.3271029,42,0,5077,4097,267,310,0,103,47,666,873,1,2,189,1612,9,18
4,2178,CENTRO MUNICIPAL DE EDUCAÇÃO INFANTIL FAZENDINHA,"RUA ELOI MICHELETI, 09",FAZENDINHA,-25.4795952,-49.327815,42,0,371,261,21,23,0,19,1,51,45,0,0,27,71,1,2
4,2186,ESCOLA MUNICIPAL PADRE JOSE DE ANCHIETA,R DANIEL MIKOVSKI  191,FAZENDINHA,-25.4805751,-49.321605,42,0,2519,2114,131,151,0,68,11,354,471,0,2,118,789,8,11
145,1503,ESCOLA MUNICIPAL PAULO ROGERIO GUIMARAES ESMANHOTO,RUA PEROLA DO OESTE 285,SITIO CERCADO,-25.5529209,-49.2752112,65,0,1440,1187,96,96,0,63,12,248,253,0,0,43,374,1,1
145,1511,ESCOLA MUNICIPAL BAIRRO NOVO - CAIC,"RUA WALDOMIRO BILESKI, 71",SITIO CERCADO,-25.542853,-49.2616204,65,0,5900,4707,383,437,0,182,53,836,1055,2,1,248,1475,19,16
145,1520,COLEGIO ESTADUAL LA SALLE,RUA DILERMANDO PEREIRA DE ALMEIDA  120,PINHEIRINHO,-25.5322471,-49.2917691,66,0,7186,5727,488,458,0,186,23,986,1183,6,1,428,1931,27,10
145,1538,CEI FRANCISCO FRISCHMANN,RUA CID MARCONDES DE ALBUQUERQUE 2640,PINHEIRINHO,-25.5268642,-49.2692436,66,0,6328,4985,399,351,0,124,32,849,1127,1,3,387,1682,11,19
145,1546,ESCOLA MUNICIPAL MARINGA,RUA BRASILIO PERY MOREIRA    17,PINHEIRINHO,-25.5347082,-49.2965879,66,0,2598,2191,151,178,0,60,17,381,400,2,0,134,857,6,5
145,1554,ESCOLA MUNICIPAL PROFESSORA JURANDYR BAGGIO MOCKELL,RUA BRIGADEIRO EDUARDO GOMES 270,PINHEIRINHO,-25.5195685,-49.286039,66,0,1941,1594,132,123,0,56,10,318,315,0,0,139,496,1,4
145,1562,ESCOLA MUNICIPAL PIRATINI,RUA JOAO MALTA DE ALBUQUERQUE MARANHAO 104     ,PINHEIRINHO,-25.5233215,-49.2871834,66,0,3718,3003,214,232,0,98,19,505,593,2,0,237,1084,8,11
145,1570,ESCOLA ESTADUAL PROFESSORA IZABEL LOPES SANTOS SOUZA,RUA ROSA TORTATO 400,PINHEIRINHO,-25.5315413,-49.2883132,66,0,2773,2301,181,219,0,42,17,416,546,0,1,146,726,0,7
145,1589,COLEGIO ESTADUAL PROFESSOR JOAO LOYOLA,RUA MARIO GOMES CESAR   580,PINHEIRINHO,-25.5187688,-49.2995953,66,0,5095,4067,278,268,0,155,32,682,877,5,1,223,1510,13,23
145,1597,ESCOLA MUNICIPAL SAO MATEUS DO SUL,RUA ORESTES CODEGA 165,PINHEIRINHO,-25.5251334,-49.2978496,66,0,2238,1872,118,132,0,56,24,295,431,2,2,85,715,3,9
145,1600,ESCOLA MUNICIPAL COLOMBO,"RUA IZAAC FERREIRA DA CRUZ, 2591",SITIO CERCADO,-25.5375491,-49.277844,65,0,3037,2495,191,233,0,66,24,460,520,2,0,156,836,5,2
145,1619,ESCOLA ESTADUAL HASDRUBAL BELLEGARD,"RUA IZAAC FERREIRA DA CRUZ, 3009",SITIO CERCADO,-25.5365001,-49.2738479,65,0,5963,4648,382,376,0,130,39,876,1000,3,1,346,1483,6,6
145,1627,CEI PROFESSOR JOSE CAVALLIN,RUA CALIFORNIA 954,SITIO CERCADO,-25.5445088,-49.2760737,65,0,2610,2019,176,177,0,57,26,368,424,3,0,126,645,10,7
145,1635,ESCOLA MUNICIPAL PROFESSOR PEDRO VIRIATO PARIGOT DE SOUZA,R PROF. DELMINDA SANTOS FERNANDES   80,SITIO CERCADO,-25.5291857,-49.2694545,65,0,4305,3507,261,297,0,74,23,609,771,1,1,227,1235,1,7
145,1643,ESCOLA MUNICIPAL PROFESSORA AUGUSTA GLUCK RIBAS,"RUA IZAAC FERREIRA DA CRUZ, 3560",SITIO CERCADO,-25.5348789,-49.2685903,65,0,3189,2564,179,212,0,82,14,479,567,1,0,178,837,3,12
145,1651,ESCOLA MUNICIPAL RIO NEGRO,RUA CELESTE TORTATO GABARDO 1090,SITIO CERCADO,-25.5446357,-49.2835902,65,0,4344,3456,309,350,0,87,28,635,708,0,1,228,1097,1,12
145,1686,ESCOLA ESTADUAL PADRE CLAUDIO MORELLI,RUA LUIZ NICHELLE  08,UMBARA,-25.5688566,-49.2856729,73,0,5751,4821,376,323,0,172,45,718,1070,2,1,196,1884,12,22
145,1694,ESCOLA ESTADUAL SAO SEBASTIAO,RUA NICOLA PELANDA    8065,UMBARA,-25.5924573,-49.276508,73,0,2323,1947,169,122,0,49,17,342,515,1,0,49,677,2,4
145,1783,ESCOLA MUNICIPAL CEI CARLOS DRUMOND DE ANDRADE,RUA JANDAIA DO SUL 50,SITIO CERCADO,-25.5546761,-49.253201,65,0,3567,2896,281,322,0,70,21,519,599,1,0,233,842,4,4
145,1791,ESCOLA MUNICIPAL PROFESSORA REJANE,RUA NOVA AURORA 1000 - VILA TECNOLOGICA,SITIO CERCADO,-25.5491428,-49.2707366,65,0,2970,2454,201,198,0,121,29,479,518,1,1,114,777,10,5
145,1805,ESCOLA MUNICIPAL SADY SOUSA,"RUA CEL. VICTOR AGNER KENDRICK, 440",SITIO CERCADO,-25.5338354,-49.2616557,65,0,4441,3736,291,331,0,93,34,674,761,1,1,202,1318,3,27
145,1813,COLEGIO ESTADUAL BENEDICTO JOAO CORDEIRO,"RUA EURICO ZYTKIEVITZ, 143",SITIO CERCADO,-25.5416367,-49.2732583,65,0,7243,5783,497,501,0,199,53,1017,1221,4,0,331,1915,28,17
145,1821,COLEGIO ESTADUAL LUIZ CARLOS PAULA E SOUZA,RUA ALBERTO SABIM 300,UMBARA,-25.5576492,-49.2804141,73,0,3973,3140,305,302,0,82,22,601,643,0,1,188,973,6,17
145,1848,ESCOLA ESTADUAL PROFESSOR TEOBALDO LEONARDO KLETEMBERG,"RUA MARIO GASPARIN, 950",SITIO CERCADO,-25.543921,-49.2527113,65,0,4326,3504,335,311,0,112,35,710,712,3,0,178,1091,12,5
145,1864,ESCOLA MUNICIPAL CEI JOSE LAMARTINE CORREA DE OLIVEIRA LYRA,RUA CAROLINA DOS ANJOS 94,PINHEIRINHO,-25.5195641,-49.3060256,66,0,2284,1921,129,139,0,63,28,297,418,0,1,99,736,4,7
145,1872,COLEGIO ESTADUAL PROFESSORA IARA BERGMANN,"R.REINALDO DE CARVALHO-BOLA, 101 - OSTERNACK",SITIO CERCADO,-25.5537272,-49.2468355,72,0,3409,2704,278,261,0,69,28,520,511,0,1,266,750,13,7
145,1880,ESCOLA MUNICIPAL PROFESSORA MIRACY RODRIGUES DE ARAUJO,"RUA JOSE BASSA, 1175 - BAIRRO NOVO A",SITIO CERCADO,-25.5443705,-49.2569843,65,0,3545,2945,236,254,0,137,27,552,647,1,0,166,909,10,6
145,1899,COLEGIO ESTADUAL PROFESSORA ETELVINA CORDEIRO RIBAS,"R.JOAQUIM DE OLIVEIRA CRUZ, 645 - VILA ANGELICA",PINHEIRINHO,-25.5274088,-49.2748708,66,0,2929,2368,210,201,0,68,23,457,464,4,1,196,733,7,4
145,1910,ESCOLA MUNICIPAL MADRE TERESA DE CALCUTA,RUA DES. VATEL GONCALVES PEREIRA 60,SITIO CERCADO,-25.5371606,-49.2547186,65,0,2935,2471,196,188,0,86,21,488,507,0,0,125,836,12,12
145,1929,ESCOLA MUNICIPAL VEREADORA LAIS PERETTI,"RUA IZABEL RAKSA VOLUZ, 271 - PIRINEUS",PINHEIRINHO,-25.5301372,-49.2825444,66,0,1258,1046,74,90,0,19,5,185,232,0,0,71,365,0,5
145,1937,ESCOLA MUNICIPAL PAULO FREIRE,"RUA OLIVIO DOMINGOS LEONARDI, 162 - BAIRRO NOVO B",SITIO CERCADO,-25.5468182,-49.2678822,65,0,3042,2527,219,250,0,120,30,435,511,0,0,151,793,8,10
145,1945,ESCOLA NOSSA SENHORA DO SAGRADO CORACAO,RUA NICOLA PELLANDA 699,PINHEIRINHO,-25.5347404,-49.2955186,66,0,2249,1877,128,131,0,58,14,300,381,0,0,87,772,3,3
145,2178,COLEGIO ESTADUAL FLAVIO FERREIRA DA LUZ,"JOAO CISLINSK, 51 -  BAIRRO NOVO B",SITIO CERCADO,-25.5450566,-49.2714817,65,0,4063,3194,345,227,0,114,31,538,695,2,1,159,1063,13,6
145,2186,COLEGIO ESTADUAL INEZ VICENTE BOROCZ,"RUA IGNEZ DE LOURDES GOMES DE MACEDO, 331 - BAIRRO NOVO C",SITIO CERCADO,-25.5378538,-49.2557731,65,0,3274,2643,257,193,0,78,26,478,594,3,0,147,847,9,11
145,2194,ESCOLA ENERGIA ATIVA - PARTICULAR,RUA IZAAC FERREIRA DA CRUZ 1905,SITIO CERCADO,-25.5356877,-49.2831471,65,0,2823,2247,170,151,0,74,15,409,511,0,0,122,787,4,4
145,2232,ESCOLA MUNICIPAL DONA LULU,RUA MILTON MIRAMIR VISINONI 45,SITIO CERCADO,-25.5401505,-49.2514302,65,0,2300,1870,186,160,0,77,22,377,401,0,0,81,557,7,2
145,2240,COLÉGIO ESTADUAL PROFESSOR GUIDO ARZUA,"RUA MANDIRITUBA, 2100 - BAIRRO NOVO B",SITIO CERCADO,-25.5504333,-49.2688383,65,0,2834,2207,196,213,0,71,22,419,451,4,2,141,677,5,6
145,2259,ESCOLA MUNICIPAL PROFESSORA NATHÁLIA DE CONTO COSTA,RUA EDUARDO PINTO DA ROCHA 6300,UMBARA,-25.5662152,-49.2792871,73,0,1344,1121,97,76,0,35,5,211,256,0,0,58,377,2,4
145,2267,ESCOLA MUNICIPAL HERACLITO FONTOURA SOBRAL PINTO,"RUA LUCIO DE OLIVEIRA LARA, 75 - VILA OSTERNACK",SITIO CERCADO,-25.5576684,-49.2570936,65,0,2037,1601,166,144,0,51,11,319,345,0,3,144,409,5,4
145,2283,COLÉGIO NOVO ÉDEN,"RUA MANDIRITUBA, 1327 - BAIRRO NOVO B",SITIO CERCADO,-25.5449858,-49.2725324,65,0,2427,1977,149,169,0,66,11,334,451,1,3,121,652,8,12
145,2291,GRUPO EDUCACIONAL UNINTER - POLO SITIO CERCADO,"RUA URAÍ, 78",SITIO CERCADO,-25.5414692,-49.2806062,65,0,211,159,14,5,0,7,3,28,39,0,0,14,49,0,0
145,2305,ESCOLA MUNICIPAL PROFESSORA JURANDYR BAGGIO MOCKELL,"RUA BRIGADEIRO EDUARDO GOMES, 270",PINHEIRINHO,-25.5195685,-49.286039,66,0,792,646,31,33,0,36,5,101,162,3,1,30,231,6,7
145,2372,FACULDADE FACEAR - CAMPUS SÍTIO CERCADO,"RUA MERCÚRIO, 463",SITIO CERCADO,-25.5322306,-49.2666216,65,0,404,306,31,18,0,9,4,51,82,0,0,13,97,0,1
174,1015,ESCOLA ESTADUAL GOTTLIEB MUELLER,R BOM JESUS DE IGUAPE   3333,BOQUEIRAO,-25.4931765,-49.23855342,56,0,2162,1718,116,104,0,45,16,271,462,1,1,71,616,4,11
174,1023,ESCOLA  MUNICIPAL LAPA,"R DIOGO MUGGIATTI, 1292",BOQUEIRAO,-25.51030383,-49.22836824,56,0,3046,2476,164,172,0,68,22,380,615,2,1,107,925,9,11
174,1031,ESCOLA ESTADUAL PROFESSORA LUIZA ROSS,"R MAESTRO CARLOS FRANK, 616",BOQUEIRAO,-25.51516795,-49.22468714,56,0,4436,3542,307,251,0,83,22,603,765,3,0,203,1283,10,12
174,1040,ESCOLA MUNICIPAL DE EDUCAÇÃO ESPECIAL HELENA WLADIMIRNA ANTIPOFF,"RUA JOAQUIM CARDOSO DA SILVEIRA, 185",BOQUEIRAO,-25.50666229,-49.22110773,56,0,2766,2218,213,175,0,53,24,384,458,1,4,134,767,1,4
174,1058,ESCOLA MUNICIPAL NOSSA SENHORA DO CARMO,"RUA CARLOS DE LAET, 4130",BOQUEIRAO,-25.49853799,-49.23509445,56,0,1540,1243,68,74,0,25,10,211,282,0,0,49,514,5,5
174,1066,COLEGIO PROFESSOR VICTOR DO AMARAL,RUA BOM JESUS DE IGUAPE 4065,BOQUEIRAO,-25.50012449,-49.23541702,56,0,4733,3662,253,236,0,107,54,533,947,1,2,153,1357,12,7
174,1074,ESCOLA MUNICIPAL WENCESLAU BRAZ,"RUA O BRASIL PARA CRISTO, 2090",BOQUEIRAO,-25.50244164,-49.22734221,56,0,2325,1896,138,135,0,54,16,313,431,0,1,91,709,5,3
174,1082,COLÉGIO NOSSA SENHORA DA ASSUNCAO,"RUA DR. ALCIDES VIEIRA ARCOVERDE, 620",GUABIROTUBA,-25.46015929,-49.24060575,23,0,3196,2552,120,143,0,69,26,390,669,1,0,110,1012,8,4
174,1090,ESCOLA ESTADUAL PAULINA PACIFICO BORSARI,"RUA DR. JOAQUIM SILVEIRA DA MOTTA, 484",GUABIROTUBA,-25.46364051,-49.2378046,23,0,2125,1750,79,93,0,47,14,304,430,2,2,81,682,12,4
174,1104,ESCOLA ESTADUAL  ISOLDA SCHMID,"R ANNE FRANK, 1553",HAUER,-25.48001889,-49.24633477,38,0,4489,3638,194,200,0,135,30,640,822,5,1,167,1424,13,7
174,1112,COLEGIO ESTADUAL PROFESSOR JOSE GUIMARAES,"R PRESIDENTE PADUA FLEURY, 418",HAUER,-25.47561361,-49.24799542,38,0,3181,2622,145,163,0,79,13,449,650,0,0,91,1018,7,7
174,1120,CEI ERICO VERISSIMO,"RUA CAMPINA DA LAGOA, 418",ALTO BOQUEIRAO,-25.53183902,-49.25529178,64,0,4539,3577,273,293,0,82,28,647,876,3,1,204,1150,6,14
174,1139,ESCOLA MUNICIPAL PROFESSOR FRANCISCO HUBERT,"RUA FRANCISCO DEROSSO, 5249",ALTO BOQUEIRAO,-25.5295587,-49.2461667,64,0,5849,4632,287,345,0,154,36,729,1052,1,3,267,1738,12,8
174,1147,CEI MAESTRO BENTO MOSSURUNGA,"RUA CAPITAO ROBERTO LOPES QUINTAS, 198",ALTO BOQUEIRAO,-25.5373066,-49.2383558,64,0,1951,1576,150,127,0,47,9,238,364,2,0,115,508,7,9
174,1155,ESCOLA ESTADUAL LUCIA BASTOS,"RUA CAPITAO AMERICO WALGER, 12",ALTO BOQUEIRAO,-25.5357616,-49.2392688,64,0,4105,3237,237,297,0,93,28,571,689,1,1,195,1101,16,8
174,1163,COLEGIO ESTADUAL ROBERTO LANGER JUNIOR,"RUA ALBINO FREDERICO FOERSTER, 04",ALTO BOQUEIRAO,-25.5297172,-49.2410386,64,0,5647,4546,352,350,0,129,40,767,1042,4,2,257,1557,23,23
174,1171,COLEGIO ERASTO GAERTNER,RUA PASTOR DAVID KOOP 189,BOQUEIRAO,-25.50825662,-49.2522369,56,0,4796,4030,135,141,0,148,26,569,1187,2,0,140,1640,17,25
174,1180,ESCOLA ESTADUAL EUZEBIO DA MOTTA,"RUA CLARA TEDESCO,  2773",BOQUEIRAO,-25.50352479,-49.25317914,56,0,4562,3750,217,211,0,129,18,575,960,4,2,160,1448,13,13
174,1198,COLEGIO ADVENTISTA DO BOQUEIRAO,"RUA PROF CLETO DA SILVA, 2260",BOQUEIRAO,-25.48858184,-49.24568631,56,0,4450,3571,170,160,0,133,20,568,938,4,0,159,1387,16,16
174,1201,ESCOLA MUNICIPAL LEONOR CASTELLANO,"RUA MAESTRO CARLOS FRANK, 2114",BOQUEIRAO,-25.52077021,-49.23829486,56,0,3969,3279,149,180,0,110,35,570,755,3,1,148,1309,10,9
174,1210,ESCOLA MUNICIPAL NIVALDO BRAGA,"RUA PROF JOAO SOARES BARCELOS,  3400",BOQUEIRAO,-25.50255976,-49.24400182,56,0,3345,2827,96,129,0,90,22,455,758,1,0,109,1147,11,9
174,1228,ESCOLA ESTADUAL POLIVALENTE DE CURITIBA,RUA SALVADOR DE FERRANTE  1664,BOQUEIRAO,-25.49837793,-49.24227928,56,0,3427,2810,140,136,0,95,15,484,682,2,1,121,1104,21,9
174,1236,ESCOLA MUNICIPAL ROLANDIA,RUA DESEMBARGADOR ANTONIO DE PAULA 3451,BOQUEIRAO,-25.51723371,-49.24944531,56,0,3881,3186,163,205,0,97,27,462,765,1,0,176,1257,18,15
174,1244,CEI PROFESSORA TEREZA MATSUMOTO,"RUA CHANCELER OSWALDO ARANHA, 965",HAUER,-25.49197,-49.26165168,56,0,2500,2088,124,135,0,78,24,292,484,1,0,83,852,10,5
174,1252,CEEP CENTRO ESTADUAL DE EDUCAÇÃO PROFISSIONAL DE CURITIBA,R FREDERICO MAURER  3015,BOQUEIRAO,-25.49531434,-49.24259471,56,0,3086,2509,120,139,0,122,17,445,590,3,1,140,901,23,8
174,1260,ESCOLA MUNICIPAL PROF CARMEN SALOMAO TEIXEIRA,RUA PEDRINA ACCORDES COSTA  200,GANCHINHO,-25.57234339,-49.25933741,72,0,1582,1139,111,95,0,25,8,174,274,2,0,79,365,6,0
174,1279,ESCOLA SEBASTIAO PARANA,"RUA MAJOR FABRICIANO REGO BARROS, 1152",HAUER,-25.47596049,-49.25611279,38,0,1472,1248,44,73,0,46,6,228,308,0,0,38,502,3,0
174,1287,COLEGIO ESTADUAL SEGISMUNDO FALARZ,"RUA ISAIAS REGIS DE MIRANDA, 848",HAUER,-25.48042572,-49.253726,38,0,3703,2979,142,181,0,100,21,494,709,4,1,123,1194,6,4
174,1295,ESCOLA MUNICIPAL PROFESSOR GUILHERME BUTLER,RUA IRMA FLAVIA BORLET 1189,HAUER,-25.48975805,-49.25758744,56,0,1512,1284,69,69,0,48,12,208,282,0,0,43,547,6,0
174,1309,ESCOLA ESTADUAL MILTON CARNEIRO,"RUA NELSO JOSÉ LAUTHART, 301",ALTO BOQUEIRAO,-25.5370888,-49.2384749,64,0,4610,3629,379,301,0,109,34,621,788,4,0,205,1168,7,13
174,1317,CEI PROFESSORA MARIA AUGUSTA JOUVE,"RUA PASTOR ANTONIO POLITO, 1145",ALTO BOQUEIRAO,-25.52430893,-49.23358273,64,0,4175,3281,237,270,0,103,40,642,712,3,0,204,1041,11,18
174,1333,COLEGIO ESTADUAL SANTO AGOSTINHO,"RUA CASCAVEL, 1610",BOQUEIRAO,-25.51474133,-49.2465292,56,0,4415,3608,184,221,0,125,33,589,885,3,2,177,1356,28,5
174,1341,COLÉGIO NOSSA SENHORA DA ASSUNCAO,"RUA DR. ALCIDES VIEIRA ARCOVERDE, 620",GUABIROTUBA,-25.46015929,-49.24060575,23,0,3414,2905,81,93,0,161,23,508,711,4,0,94,1218,6,6
174,1350,CRECHE MUNICIPAL ARAUCARIA,"RUA ROBERTO BARBOSA DE ALMEIDA, 225",ALTO BOQUEIRAO,-25.52755062,-49.25362448,64,0,1222,1050,50,80,0,22,6,172,227,0,1,43,436,5,8
174,1368,CENTRO DE EDUCACAO INFANTIL COLMEIAS,"RUA JULIO CESAR RIBEIRO DE SOUZA, 1332",HAUER,-25.4820632,-49.2536578,38,0,1764,1443,56,79,0,79,8,268,304,0,0,59,574,9,7
174,1724,SESI BOQUEIRÃO,"RUA DR. HELENO DA SILVEIRA, 351",BOQUEIRAO,-25.51469634,-49.23439517,56,0,3281,2665,138,144,0,98,18,402,594,3,2,115,1120,11,20
174,1732,COLÉGIO ADVENTISTA DO ALTO BOQUEIRÃO,"RUA BOM PASTOR, 606",ALTO BOQUEIRAO,-25.52375675,-49.24923793,64,0,3266,2667,153,166,0,116,12,447,655,1,2,147,946,12,10
174,1740,ESCOLA MUNICIPAL PROFESSORA SOPHIA GAERTNER ROSLINDO - EF,"RUA EXPEDICIONÁRIO ESTANISLAU WOJCIK, 82",ALTO BOQUEIRAO,-25.5358722,-49.2433624,64,0,1420,1185,81,110,0,39,25,204,250,1,0,56,408,3,8
174,1830,UFPR - CENTRO POLITÉCNICO,"RUA EVARISTO F.F. DA COSTA, 346",JARDIM DAS AMERICAS,-25.45349187,-49.23292589,22,0,9035,7502,250,283,0,394,72,1376,1620,13,2,293,3135,39,25
174,1848,ESCOLA ESTADUAL PROFESSOR JÚLIO MESQUITA,"TRAVESSA MARIA TEODORA PAULA COSTA, N. 49",JARDIM DAS AMERICAS,-25.45624383,-49.22867117,22,0,5679,4626,137,190,0,183,44,745,1187,9,1,176,1911,26,17
174,1864,HOSPITAL ERASTO GAERTNER,"RUA DR. OVANDE DO AMARAL, 201",JARDIM DAS AMERICAS,-25.45310137,-49.24001625,22,0,68,63,3,3,0,5,0,15,12,0,0,5,19,1,0
175,1015,ESCOLA MUNICIPAL PRO-MORAR BARIGUI-I,"RUA ARTHUR MARTINS FRANCO, 1803 - VILA BARIGUI - CIC",CIDADE INDUSTRIAL,-25.49525829,-49.33547548,75,0,3432,2752,250,285,0,62,20,556,506,3,3,271,783,7,6
175,1023,ESCOLA MUNICIPAL MANSUR GUERIOS,"RUA ESTRADA VELHA DO BARIGUI, 3200 - MORADIAS SABARA -  VILA CONQUISTA",CIDADE INDUSTRIAL,-25.50149543,-49.34851175,75,0,4282,3410,343,353,0,51,32,708,731,2,1,337,840,6,6
175,1031,ESCOLA MUNICIPAL ALBERT SCHWEITZER,RUA DECIO BARRETO 153-VILA NSA SRA DA LUZ,CIDADE INDUSTRIAL,-25.50373678,-49.32360338,75,0,4083,3366,267,316,0,71,28,674,620,2,0,309,1065,6,8
175,1040,COLÉGIO ESTADUAL PROFESSOR ALCYONE MORAES DE CASTRO VELLOZO,R GOV CARLOS LACERDA- S/N CJ OSWALDO CRUZ II CIC -SUL,CIDADE INDUSTRIAL,-25.51291359,-49.3244871,75,0,4214,3373,280,298,0,96,45,681,677,3,1,287,990,10,5
175,1058,COLÉGIO ESTADUAL PROFESSOR BRASILIO VICENTE DE CASTRO,R STA ANGELA FOLIGNO 45 -CJ OSWALDO CRUZ I CIC-SUL,CIDADE INDUSTRIAL,-25.51157732,-49.32010007,75,0,4764,3904,292,261,0,135,28,652,822,3,1,213,1468,12,17
175,1066,COLÉGIO ESTADUAL PROFESSORA DIRCE CELESTINO DO AMARAL,R PEDRO GUSSO 2020- CJ OSWALDO CRUZ I   CIC -SUL,CIDADE INDUSTRIAL,-25.5064019,-49.32051384,75,0,3281,2633,185,184,0,87,27,475,576,3,4,156,924,8,4
175,1074,ESCOLA MUNICIPAL DOM BOSCO,R NSA SRA DA CABECA 1181-CJ VISC MAUA/CJ RONDONCIC                1181,CIDADE INDUSTRIAL,-25.495794450000002,-49.31554344,75,0,1891,1595,97,103,0,60,19,262,362,0,0,63,620,3,6
175,1082,COLÉGIO ESTADUAL IVO LEAO,R NSA SRA DA CABECA 1183 -CJ VISC MAUA/CJ RONDON CIC SUL,CIDADE INDUSTRIAL,-25.49587022,-49.31673689,75,0,5558,4499,332,330,0,159,28,721,1015,2,1,274,1604,21,12
175,1090,ESCOLA MUNICIPAL JOAQUIM TAVORA,R ANGELINA T CAVALIM 90 -CJ OSWALDO CRUZ II CIC  SUL,CIDADE INDUSTRIAL,-25.5153144,-49.32646772,75,0,3614,2970,245,291,0,69,41,596,551,1,3,295,867,1,10
175,1104,ESCOLA MUNICIPAL CEI MONTEIRO LOBATO,R GUILHERME FUGMANN- 501 VL N SRA DA LUZ  DOS PINHAIS,CIDADE INDUSTRIAL,-25.50136033,-49.32031923,75,0,2536,1983,175,168,0,47,10,390,405,1,2,136,636,4,9
175,1112,ESCOLA MUNICIPAL NOSSA SENHORA DA LUZ DOS PINHAIS,RUA DAVI XAVIER DA SILVA   841   VL N. S. DA LUZ DOS PINHAIS CIC SUL,CIDADE INDUSTRIAL,-25.50813613,-49.32545629,75,0,2483,1966,143,174,0,51,24,413,356,0,2,175,613,8,7
175,1198,ESCOLA MUNICIPAL PROFESSORA JOANA RAKSA,"RUA FRANCISCA BERALDE PAOLINI, 99 - CAXIMBA",CAXIMBA,-25.61890847,-49.34854978,70,0,2680,2067,259,216,0,36,8,412,420,1,0,158,548,8,1
175,1201,ESCOLA ESTADUAL GUILHERME PEREIRA NETO,"RUA DELEGADO BRUNO DE ALMEIDA, 4386 - CAMPO DE SANTANA",CAMPO DE SANTANA,-25.59478532,-49.3223243,71,0,2762,2142,212,200,0,46,28,429,422,2,2,117,666,6,12
175,1210,ESCOLA MUNICIPAL CEI PROFESSOR ANTONIO PIETRUZA,"RUA JOAO AMADEU PEDRO BOM, 135 -VILA PALMEIRA",TATUQUARA,-25.55090549,-49.29463016,74,0,3297,2673,295,250,0,59,23,467,566,1,0,147,851,5,9
175,1236,ESCOLA MUNICIPAL PROFESSORA AMERICA DA COSTA SABOIA,"RUA EMILIO ROMANI, 2480 - VILA VERDE - CIC SUL",CIDADE INDUSTRIAL,-25.53143504,-49.33495486,75,0,3663,2881,343,336,0,47,14,580,537,2,1,294,717,7,3
175,1244,ESCOLA MUNICIPAL DONA POMPILIA,"RUA JOVENILSON AMERICO DE OLIVEIRA, 240 - JARDIM DA ORDEM - TATUQUARA",TATUQUARA,-25.55962911,-49.33205558,74,0,4384,3496,376,345,0,83,39,775,660,2,3,305,886,3,19
175,1260,ESCOLA MUNICIPAL PROFESSOR DARIO PERSIANO DE CASTRO VELLOZO,"RUA DESEMBARGADOR CID CAMPELLO, 4630  CIC SUL",CIDADE INDUSTRIAL,-25.50955845,-49.33538075,75,0,3620,2811,304,303,0,63,27,493,501,1,4,244,864,6,1
175,1279,COLEGIO ESTADUAL RODOLFO ZANINELLI,"RUA ANTÔNIA MOLINA BELLA, 610 - VILA VERDE - CIC",CIDADE INDUSTRIAL,-25.52727004,-49.33429867,75,0,5051,4039,519,429,0,67,25,803,745,4,2,407,1020,8,10
175,1287,COLÉGIO ESTADUAL ARLINDO CARVALHO DE AMORIM,"RUA DESEMBARGADOR CID CAMPELLO,  6301 - CIC SUL",CIDADE INDUSTRIAL,-25.4956962,-49.338116,75,0,5011,3935,464,369,0,61,18,729,772,0,3,330,1151,15,23
175,1295,ESCOLA MUNICIPAL SANTA ANA MESTRA,"RUA JOAO PEREIRA TRINDADE, 265 - MORADIAS JAMAICA",CAMPO DE SANTANA,-25.58484725,-49.32354513,71,0,4389,3517,380,283,0,66,24,661,735,3,0,244,1110,6,5
175,1309,ESCOLA MUNICIPAL PROFESSOR DARCY RIBEIRO,"RUA  ENETTE DUBARD, N. 90 - MORADIAS SANTA RITA",TATUQUARA,-25.56018214,-49.33897268,74,0,4945,3955,363,364,0,106,29,874,830,0,1,325,1046,4,13
175,1430,ESCOLA MUNICIPAL MARGARIDA ORSO DALLAGASSA,"RUA SARGENTO FRANCISCO DA SILVA COTRIM, 100 - VILA POMPEIA - TATUQUARA",TATUQUARA,-25.55955781,-49.31556282,74,0,5189,4037,462,387,0,88,28,747,843,0,0,299,1166,9,8
175,1449,ESCOLA MUNICIPAL DO CAIC CANDIDO PORTINARI,R.ANTONIO GEROSLAU FERREIRA S/N - CJ.DIADEMA II - CIC-SUL,CIDADE INDUSTRIAL,-25.49611007,-49.34983475,75,0,4992,4018,364,365,0,111,30,835,837,2,5,275,1169,8,17
175,1457,ESCOLA MUNICIPAL PROFESSOR OSVALDO ARNS,R. ODIR GOMES DA ROCHA 546 - VILA EVANGELICA,TATUQUARA,-25.57269649,-49.33718956,74,0,3658,2913,344,277,0,81,28,662,519,1,2,225,763,4,7
175,1481,ESCOLA MUNICIPAL NEWTON BORGES DOS REIS,"RUA ADRIANA CERES ZAGO BUENO, 1350 - MORADIAS SANTA RITA - TATUQUARA",TATUQUARA,-25.56579195,-49.33407192,74,0,3850,3113,341,279,0,68,42,562,630,1,2,255,919,3,11
175,1490,COLÉGIO ESTADUAL DESEMBARGADOR GUILHERME DE ALBUQUERQUE MARANHAO,"RUA JOSE ANGELO MARTINS, 101 - MORADIAS DA ORDEM",TATUQUARA,-25.55793089,-49.33251017,74,0,3762,2878,371,257,0,70,27,584,586,1,2,223,738,4,15
175,1503,COLEGIO ESTADUAL MORADIAS MONTEIRO LOBATO,RUA OLIVIO JOSE ROSSETI 430,TATUQUARA,-25.57348627,-49.33478104,74,0,5564,4143,473,406,0,119,31,831,854,1,2,334,1063,10,19
175,1511,COLEGIO ESTADUAL EURIDES BRANDAO,"RUA JAIR COELHO, 260 - DIADEMA II",CIDADE INDUSTRIAL,-25.49405839,-49.34913903,75,0,5208,4107,392,332,0,140,22,706,877,1,1,242,1366,16,12
175,1520,ESCOLA MUNICIPAL ALVARO BORGES,"RUA OSVALDO BAGGIO, N. 290 - CONJ. VITÓRIA RÉGIA",CIDADE INDUSTRIAL,-25.54527513,-49.33960707,75,0,3715,3172,226,277,0,63,36,616,745,4,0,172,1017,7,9
175,1538,CMEI ITACOLOMI SABARA,"RUA ANTÔNIO PASTRE, 70 - CIC",CIDADE INDUSTRIAL,-25.49915801,-49.34445863,75,0,1217,890,81,99,0,21,7,157,211,0,1,92,217,1,3
175,1546,COLÉGIO ESTADUAL NIRLEI MEDEIROS,"RUA ANTÔNIO BERTOLDI, 409 - MORADIAS RIO BONITO - CAMPO DE SANTANA",CAMPO DE SANTANA,-25.58628678,-49.33765044,71,0,3959,3204,348,316,0,91,25,651,661,0,2,226,870,7,7
175,1554,ESCOLA MUNICIPAL PROFESSORA ERICA PLEWKA MLYNARCZYK,RUA JAIME JOSE VOJCIECHOVSKI 162,TATUQUARA,-25.56041072,-49.3132138,74,0,1267,1032,93,95,0,22,1,168,213,0,1,69,368,1,1
175,1562,ESCOLA MUNICIPAL JOÃO AMAZONAS,"RUA PALMYRA CRIVELLARO BERTOLDE, N. 813",CAMPO DE SANTANA,-25.59061282,-49.3412905,71,0,2505,2042,246,174,0,57,20,426,382,2,1,174,550,5,5
175,1570,ESCOLA MUNICIPAL RIO BONITO,"RUA LUCAS CARVALHO, N. 1486",CAMPO DE SANTANA,-25.59047948,-49.33578045,71,0,2746,2178,252,230,0,52,10,443,463,0,4,144,565,3,12
175,1589,ESCOLA MUNICIPAL GOVERNADOR LEONEL DE MOURA BRIZOLA,"RUA ANTONIO ZANON, N. 1371",TATUQUARA,-25.56592368,-49.3259738,74,0,1274,985,146,80,0,44,5,169,187,1,0,90,259,3,1
175,1597,COLÉGIO ESTADUAL PROFESSORA MARLI QUEIROZ AZEVEDO,"RUA CYRO CORREIA PEREIRA, N. 3506 - VITÓRIA RÉGIA",CIDADE INDUSTRIAL,-25.5438602,-49.33780893,75,0,2696,2147,228,142,0,89,14,402,426,6,1,155,669,7,8
175,1600,ESCOLA MUNICIPAL HELENA KOLODY,"RUA HUMBERTO BERTOLDI, N. 281 - RIO BONITO",CAMPO DE SANTANA,-25.58545643,-49.33707829,71,0,2103,1606,235,154,0,48,23,286,308,2,0,117,422,8,3
175,1619,COLÉGIO ESTADUAL TATUQUARA - EFM,"ESTRADA DELEGADO BRUNO DE ALMEIDA, N. 3339",CAMPO DE SANTANA,-25.58761857,-49.3181614,71,0,1574,1122,139,104,0,45,6,186,242,1,2,67,322,4,4
175,1724,ESCOLA MUNICIPAL PROFESSORA MARIA IENKOT ZEGLIN,"RUA PRESIDENTE JOÃO GOULART, N 1605",TATUQUARA,-25.57734431,-49.33207279,74,0,620,488,57,42,0,12,1,116,84,0,0,42,130,4,0
175,1732,ESCOLA MUNICIPAL DOUTOR HAMILTON CALDERARI LEAL,"RUA VICTOR GRYCAJUCK, 121",SAO MIGUEL,-25.50742647,-49.35454726,67,0,102,74,16,8,0,5,0,8,10,0,0,18,9,0,0
176,1120,COLEGIO ESTADUAL JOAO DE OLIVEIRA FRANCO,RUA PADRE MANUEL DA NOBREGA 1489,FANNY,-25.48852324,-49.27716062,39,0,3112,2581,128,137,0,84,18,416,643,2,1,120,1015,8,9
176,1139,COLEGIO ESTADUAL JOSE BUSNARDO,RUA MAJOR VICENTE DE CASTRO  1.154,FANNY,-25.47968835,-49.26656426,39,0,2515,2053,107,122,0,59,21,309,442,2,0,76,891,6,18
176,1147,ESCOLA MUNICIPAL ELEVIR DIONISIO,RUA CAP JOSE MARIA SOBRINHO 1336,FANNY,-25.48370044,-49.27300234,39,0,2152,1797,94,97,0,61,15,287,453,0,0,76,696,9,9
176,1155,COLEGIO ESTADUAL NEWTON FERREIRA DA COSTA,RUA AMERICO VESPUCIO   745,LINDOIA,-25.48181571,-49.27665712,40,0,3989,3263,183,200,0,120,17,540,682,4,0,158,1322,15,22
176,1163,COLEGIO ESTADUAL DOM ATTICO EUZEBIO DA ROCHA,AVENIDA PRESIDENTE WENCESLAU BRAZ   2779,GUAIRA,-25.47717084,-49.28163385,40,0,3551,2889,137,172,0,80,15,510,619,1,2,151,1175,6,21
176,1180,CEEBJA - CIC (COLEGIO FRANCISCO AZEVEDO MACEDO),"TRAVESSA AUGUSTO MARACH, 224",NOVO MUNDO,-25.48874874,-49.29290674,41,0,3621,2910,148,169,0,96,26,430,739,0,0,140,1141,9,12
176,1198,ESCOLA MUNICIPAL ARAPONGAS,RUA JOSE CASEMIRO STENZOWSKI  153,NOVO MUNDO,-25.48336828,-49.28706635,41,0,2144,1773,75,101,0,67,9,354,416,2,0,75,665,6,3
176,1201,ESCOLA MUNICIPAL DR. OSWALDO CRUZ,RUA JOSE ALCIDES LIMA  126,NOVO MUNDO,-25.48746403,-49.30680168,41,0,2404,1997,142,150,0,55,14,358,429,3,0,128,712,4,2
176,1210,COLEGIO ESTADUAL YVONE PIMENTEL,"RUA SEBASTIAO MALUCELLI, 1.312",NOVO MUNDO,-25.49599761,-49.29986607,41,0,3754,3047,202,198,0,121,25,511,666,2,1,177,1116,14,14
176,1228,COLEGIO ESTADUAL JOAO BETTEGA,"RUA DALILA ROLIM VARGAS,   1.020",NOVO MUNDO,-25.48606225,-49.30423734,41,0,3796,3086,261,268,0,92,36,535,668,0,0,236,966,10,14
176,1236,ESCOLA MUNICIPAL MADRE MARIA DOS ANJOS,RUA SANTA MARIA  540,NOVO MUNDO,-25.48932411,-49.28050952,41,0,2313,1939,85,106,0,70,15,316,482,3,0,65,782,7,8
176,1244,ESCOLA MUNICIPAL MARIA CLARA BRANDAO TESSEROLI,"RUA JOAO RIBEIRO LEMOS,  361",NOVO MUNDO,-25.48796354,-49.287917,41,0,4115,3428,177,202,0,110,32,615,784,1,3,167,1322,7,8
176,1252,ESCOLA MUNICIPAL PROFESSORA NAIR DE MACEDO,RUA FIORAVANTE SLAVIERO  750,NOVO MUNDO,-25.4905905,-49.31009731,41,0,3316,2771,183,194,0,92,28,429,608,0,1,177,1047,4,8
176,1295,CEI BELMIRO CESAR - ESCOLA MUNICIPAL,"RUA PADRE MANUEL DA NOBREGA,  327",FANNY,-25.47979377,-49.27079256,39,0,2145,1759,109,123,0,69,11,293,353,1,2,90,689,6,13
176,1317,ESCOLA GRACE - PARTICULAR (ANTIGA FACULDADE SANTA CRUZ - CAMPUS BONAT),"RUA PEDRO BONAT, 103",NOVO MUNDO,-25.49456224,-49.29272103,41,0,4334,3551,161,192,0,159,30,640,777,4,1,161,1401,15,10
176,1333,FACULDADE SANTA CRUZ - CAMPUS SEDE,"RUA AFFIF MANSUR, 565",NOVO MUNDO,-25.4956438,-49.3032937,41,0,3608,3079,158,138,0,104,26,484,727,0,0,146,1279,8,9
176,1341,CMEI VILA LEÃO,"RUA PRIMO LOURENÇO TOSIN, 21",NOVO MUNDO,-25.48510498,-49.30237197,41,0,1427,1075,105,73,0,36,8,192,252,0,0,60,341,2,6
176,1457,CEC KIDS (ANTIGA FACULDADE MACHADO DE ASSIS),"RUA PROF WALDIR DE JESUS,  99",CAPAO RASO,-25.50609303,-49.29703408,58,0,2508,2111,95,119,0,108,14,376,492,4,0,121,771,4,7
176,1465,COLEGIO STELLA MARIS - PARTICULAR - (ANTIGA ESCOLA DOMINIUS),"RUA PROFESSOR NARCISO MENDES, 484",XAXIM,-25.50375222,-49.26969019,57,0,2237,1883,97,85,0,90,11,262,495,1,3,78,748,7,6
176,1473,COLEGIO SENHORA DE FATIMA - PARTICULAR,"RUA GABRIEL FRECCEIRO DE MIRANDA, 1.118",XAXIM,-25.50682207,-49.273851,57,0,4490,3724,186,180,0,157,23,599,912,3,0,180,1462,13,9
176,1481,COLEGIO ESTADUAL JAYME CANET,"RUA ANA APARECIDA LOPOS CANET, 133",XAXIM,-25.49982593,-49.26591609,57,0,6555,5362,252,356,0,158,45,857,1345,3,4,218,2096,18,10
176,1490,COLEGIO ESTADUAL JOAO PAULO II,"RUA JOAO BARBOSA DE ALMEIDA, 545",XAXIM,-25.51624423,-49.26984176,57,0,4117,3295,238,231,0,90,19,561,777,0,0,195,1169,9,6
176,1503,ESCOLA MUNICIPAL - CEI DAVID CARNEIRO,"R. JOAO BATISTA ZAGONEL PASSOS, 1161",XAXIM,-25.52296634,-49.26669479,57,0,3984,3258,248,271,0,92,16,578,767,1,0,179,1088,8,10
176,1511,ESCOLA DE ENSINO FUNDAMENTAL FRANCISCO DEROSSO,"RUA FRANCISCO DEROSSO, 905",XAXIM,-25.49858002,-49.26741347,57,0,2618,2194,78,106,0,79,18,324,577,0,0,96,891,10,15
176,1520,ESCOLA MUNICIPAL UMUARAMA,"RUA FREI TEOFILO,  730  - VILA FELIZ",CAPAO RASO,-25.50237081,-49.30343979,58,0,2556,2072,131,160,0,68,24,365,438,0,0,110,763,4,9
176,1538,ESCOLA MUNICIPAL IVAIPORA,"RUA VEREADOR ADEODATO VOLPI,   550 - VILA ARAÇA",CAPAO RASO,-25.49607531,-49.2905843,58,0,1937,1619,65,81,0,43,12,287,394,0,0,58,668,5,6
176,1546,ESCOLA MUNICIPAL PROFESSOR LEONEL MORO,"R.JOSE OSIRES BAGLIOLI, 408",XAXIM,-25.51766883,-49.27677172,66,0,2179,1815,130,123,0,48,11,281,421,0,2,108,685,5,1
176,1562,ESCOLA MUNICIPAL CASTRO,"RUA AYRTON PIZZATTO GUSI, 240",XAXIM,-25.52489568,-49.25626537,57,0,2248,1863,113,149,0,56,7,305,422,1,0,109,677,16,8
176,1570,COLÉGIO SOCIAL MADRE CLELIA - PARTICULAR,"RUA WALDIR DE JESUS,  90",CAPAO RASO,-25.50567939,-49.29682311,58,0,5793,4846,236,256,0,198,30,832,1043,9,4,293,1910,22,13
176,1589,COLEGIO ESTADUAL NOSSA SENHORA APARECIDA,"RUA JOSE OSIRES BAGLIOLI, 430",XAXIM,-25.51676499,-49.27679417,57,0,2140,1681,129,138,0,55,6,292,368,1,0,101,585,4,2
176,1597,ESCOLA MUNICIPAL PARANAVAI,"RUA PEDRO SIEMENS, 691",XAXIM,-25.5125707,-49.26738444,57,0,3994,3238,187,206,0,80,17,515,824,3,1,167,1218,11,9
176,1600,COLEGIO ESTADUAL HOMERO BAPTISTA DE BARROS,"RUA FERNANDES VIEIRA, 17",CAPAO RASO,-25.49640942,-49.28115187,58,0,3937,3211,164,195,0,114,12,513,783,1,1,156,1253,10,9
176,1619,ESCOLA MUNICIPAL - CEI JORNALISTA CLAUDIO ABRAMO,"RUA OURO VERDE, 655",CAPAO RASO,-25.50772735,-49.30164616,58,0,3598,2961,193,221,0,79,24,535,607,1,0,173,1107,10,11
176,1627,COLEGIO ESTADUAL JOAO MAZZAROTTO,R SANTA REGINA  664,CAPAO RASO,-25.50223933,-49.28947764,58,0,4366,3565,249,243,0,105,25,605,746,2,1,190,1365,21,13
176,1635,COLÉGIO ESTADUAL EMILIO DE MENEZES,"RUA JOSE ZALESKI,  450",CAPAO RASO,-25.5014171,-49.30137023,58,0,4957,4048,270,254,0,130,23,639,912,2,0,217,1578,8,15
176,1643,FACULDADES BAGOZZI - UNIDADE XAXIM,"RUA PROFESSOR NARCISO MENDES, 484 - (ATUAL ESCOLA STELLA MARIS)",XAXIM,-25.503937,-49.269562,57,0,1911,1553,75,71,0,61,7,229,442,1,1,49,603,11,3
176,1651,COLEGIO ESTADUAL SAO PEDRO APOSTOLO,"RUA PRIMEIRO DE MAIO, 1160",XAXIM,-25.51533999,-49.27630541,57,0,6765,5373,334,443,0,98,54,903,1225,1,0,315,1967,20,13
176,1660,COLEGIO ESTADUAL PROFESSOR NARCISO MENDES,"RUA NARCISO MENDES, 283",XAXIM,-25.50348731,-49.27197362,57,0,4104,3411,167,215,0,101,21,513,831,3,1,129,1404,8,18
176,1678,ESCOLA MUNICIPAL JARDIM EUROPA,"RUA HERMENEGILDO BONAT,  26",XAXIM,-25.50544158,-49.279486,57,0,2491,2150,146,120,0,57,29,331,611,2,0,94,749,5,6
177,1260,UTFPR - UNIVERSIDADE TECNOLÓGICA DO PARANA,"AVENIDA SETE DE SETEMBRO, 3165 -",REBOUÇAS,-25.4386589,-49.2686415,8,0,4167,3221,143,153,0,231,19,755,612,11,0,227,1016,42,12
177,1279,ESCOLA ESTADUAL LAMENHA LINS,RUA LAMENHA LINS  2185,REBOUÇAS,-25.45468558,-49.26812439,8,0,2067,1663,86,80,0,64,17,323,410,1,1,88,577,10,6
177,1287,OPET - ORGANIZACAO PARANAENSE DE ENSINO TECNICO,"AVENIDA GETULIO VARGAS, 902",REBOUÇAS,-25.44338439,-49.26907979,8,0,2795,2263,57,67,0,109,23,435,587,2,0,84,875,10,14
177,1309,ESCOLA ESTADUAL GUAIRA,RUA LAMENHA LINS 1962,REBOUÇAS,-25.45312038,-49.26944167,8,0,1608,1288,55,74,0,68,12,239,347,3,2,61,415,3,9
177,1317,UNICURITIBA (CENTRO UNIVERSITÁRIO CURITIBA),"RUA CHILE, 1678",REBOUÇAS,-25.45041763,-49.26517144,8,0,3698,2902,113,115,0,122,26,551,672,3,1,134,1135,19,11
177,1333,ESCOLA MUNICIPAL DESEMBARGADOR MARCAL JUSTEN,RUA SANTA CATARINA  710,ÁGUA VERDE,-25.46327505,-49.28299252,9,0,3528,2925,78,116,0,139,16,573,685,1,1,147,1158,6,5
177,1341,COLÉGIO STELLA MARIS (AGUA VERDE),"RUA PARÁ, 186",ÁGUA VERDE,-25.46248566,-49.27846939,9,0,1816,1514,49,57,0,74,5,285,374,0,0,68,592,9,1
177,1350,ESCOLA ESTADUAL PROFESSOR LYSIMACO FERREIRA DA COSTA,AVENIDA IGUACU    3012,ÁGUA VERDE,-25.44967343,-49.29047436,9,0,5219,4290,91,134,0,185,30,768,1070,2,2,109,1878,14,7
177,1368,COLEGIO SAGRADO CORACAO DE JESUS,AVENIDA IGUACU  1550,ÁGUA VERDE,-25.44473452,-49.27669345,9,0,6603,5304,126,140,0,247,31,1042,1339,3,3,148,2192,21,12
177,1384,ESCOLA ESTADUAL BARAO DO RIO BRANCO,RUA BRIGADEIRO FRANCO   2532,ÁGUA VERDE,-25.44247767,-49.27634705,9,0,2479,1975,71,63,0,94,22,396,499,1,1,77,739,5,7
177,1406,ESCOLA ESTADUAL JOAO TURIN,RUA ALMIRANTE GONCALVES  2800,ÁGUA VERDE,-25.45234795,-49.27892789,9,0,3334,2755,96,106,0,127,17,504,693,1,1,125,1065,14,6
177,1430,COLÉGIO POSITIVO (ÁGUA VERDE),"RUA PEDRO MENA BARRETO MONCLARO, 411",ÁGUA VERDE,-25.44987525,-49.27470485,9,0,3294,2765,85,96,0,135,21,488,678,1,2,96,1141,11,11
177,1554,FACULDADE CURITIBANA (SPEI - AGUA VERDE),"AV. REPUBLICA ARGENTINA, 1285",ÁGUA VERDE,-25.45776939,-49.28864442,9,0,4338,3548,113,109,0,171,30,698,820,5,2,144,1422,22,12
177,1686,CLUBE CURITIBANO (SEDE ADMINISTRATIVA),"RUA PETIT CARNEIRO, 970",ÁGUA VERDE,-25.4505693,-49.28640043,9,0,9195,7399,204,208,0,405,51,1467,1712,5,2,319,2968,44,14
177,1740,ESCOLA MUNICIPAL MIGUEL KRUG,"RUA MORRETES, 1115",GUAIRA,-25.47480497,-49.286212570000004,27,0,1549,1307,51,63,0,56,12,230,281,1,0,48,550,7,8
177,1759,COLÉGIO ESTADUAL HILDEBRANDO DE ARAÚJO,"AV PREFEITO OMAR SABBAG, N. 721",JARDIM BOTANICO,-25.44097847,-49.24934747,7,0,3102,2472,91,130,0,92,15,462,552,1,2,160,953,7,7
177,1767,COLÉGIO POSITIVO - JARDIM AMBIENTAL,RUA ITUPAVA 985,ALTO DA RUA XV,-25.42128662,-49.25055304,17,0,3730,3047,94,84,0,180,27,690,727,0,1,117,1094,24,9
177,1783,COLEGIO DECISIVO (CENTRO),"RUA COMENDADOR ARAUJO, 327",CENTRO,-25.43571107,-49.27899158,1,0,2047,1604,70,58,0,117,9,425,318,2,0,110,473,18,4
177,1791,UFPR -  SETOR DE CIÊNCIAS SOCIAIS APLICADAS,"AVENIDA PREFEITO LOTHÁRIO MEISSNER, 632",JARDIM BOTANICO,-25.44473588,-49.2385769,7,0,1929,1494,63,66,0,83,14,342,294,4,0,87,527,11,3
177,1805,SOCIEDADE THALIA,R COMENDADOR ARAUJO 338,CENTRO,-25.43604408,-49.27890618,1,0,1278,1035,20,33,0,49,9,237,247,1,0,45,388,4,2
177,1821,SENAC - SERVICO NACIONAL DE APRENDIZAGEM COMERCIAL,"RUA ANDRE DE BARROS, 750",CENTRO,-25.43355728,-49.26580759,1,0,2091,1594,73,78,0,68,16,343,353,3,0,122,515,17,6
177,1830,INSTITUTO SALESIANO,RUA RIO GRANDE DO SUL 1661,GUAIRA,-25.47165993,-49.27919826,26,0,1299,1072,57,62,0,47,4,235,216,1,0,52,394,2,2
177,1848,ESCOLA ESTADUAL DORACY CEZARINO,RUA EUGENIO PAROLIN  588,PAROLIN,-25.46213836,-49.26278951,25,0,3150,2425,209,191,0,59,17,527,469,2,0,152,779,9,11
177,1856,SOCIEDADE BENEFICENTE MORGENAU,"AV SENADOR SOUZA NAVES, N. 945",CRISTO REI,-25.43130887,-49.24828359,6,0,1010,830,12,20,0,33,7,148,238,1,0,33,337,0,1
177,1864,COLEGIO BOM JESUS (CENTRO),R 24 DE MAIO   135,CENTRO,-25.4384742,-49.27298933,1,0,6333,4726,218,190,0,337,36,1160,913,3,1,295,1512,50,11
177,1872,FACULDADE INTERNACIONAL DE CURITIBA (FACINTER),"RUA SALDANHA MARINHO, 131",CENTRO,-25.42879487,-49.27313812,1,0,396,310,13,14,0,16,3,80,54,0,0,31,95,3,1
177,1880,ESCOLA MUNICIPAL BATEL (ESCOLA ESTADUAL DEZENOVE DE DEZEMBRO),RUA DESEMBARGADOR MOTTA  2082,CENTRO,-25.43650529,-49.28172644,1,0,1625,1284,37,44,0,59,7,286,276,1,0,61,506,6,1
177,1899,COLEGIO BOM JESUS (ÁGUA VERDE),"RUA NESTOR VICTOR, 910",ÁGUA VERDE,-25.45728382,-49.27247158,9,0,3572,2985,132,130,0,148,13,559,690,4,0,130,1151,17,11
177,1902,FACULDADE DOM BOSCO,AV WENCESLAU BRAZ 1046,GUAIRA,-25.47182976,-49.26554031,26,0,3403,2720,181,154,0,116,19,469,606,1,0,138,1017,11,8
177,1910,ESCOLA MUNICIPAL PROFESSORA NANSYR CECATO CAVICHIOLO,"RUA FRANCISCO PAROLIN, 930",PAROLIN,-25.46506806,-49.26390398,25,0,1167,890,90,87,0,32,5,207,152,1,0,49,259,4,4
177,1929,COLÉGIO BOM JESUS - NOSSA SENHORA DE LOURDES (CRISTO REI),"RUA FIORAVANTE DALLA STELLA, N. 90",CRISTO REI,-25.43451249,-49.24702678,6,0,7137,5771,169,194,0,426,34,1338,1168,6,0,266,2134,26,10
177,1937,FACULDADE DE DIREITO DA UNIVERSIDADE FEDERAL DO PARANA,PRACA SANTOS ANDRADE   50,CENTRO,-25.42906287,-49.26748216,1,0,4047,3127,132,135,0,248,30,909,512,10,1,250,871,25,4
177,1945,SETOR DE CIÊNCIAS HUMANAS DA UNIVERSIDADE FEDERAL DO PARANA,R GENERAL CARNEIRO   460,CENTRO,-25.42668363,-49.26187041,1,0,2804,2266,65,82,0,176,22,587,463,0,0,182,653,30,6
177,1953,ESCOLA ESTADUAL TIRADENTES (CEAD POLO POTTY LAZAROTTO),R PRESIDENTE FARIA   625,CENTRO,-25.42496828,-49.26936639,1,0,1058,794,42,44,0,35,6,167,187,0,0,47,259,5,2
177,1961,COLEGIO SAO JOSE,"PRAÇA RUI BARBOSA, 661",CENTRO,-25.43555322,-49.27460825,1,0,3454,2588,114,111,0,134,19,612,502,5,0,188,874,19,10
177,1970,ESCOLA MUNICIPAL ITACELINA BITTENCOURT,RUA SAO PAULO  47,GUAIRA,-25.47072448,-49.27565301,26,0,4147,3275,232,228,0,99,11,581,721,1,2,195,1168,13,24
177,1988,COLEGIO ESTADUAL SANTOS DUMONT,R RIO GRANDE DO SUL 1800,GUAIRA,-25.473585,-49.2800827,26,0,2860,2262,145,157,0,87,12,407,511,0,0,101,817,13,12
177,1996,COLÉGIO ESTADUAL PROFESSOR ELIAS ABRAHÃO,"AV SENADOR SOUZA NAVES, N. 1221",CRISTO REI,-25.43137327,-49.24553573,6,0,2479,2036,59,73,0,83,25,381,565,1,0,87,747,7,8
177,2003,ESCOLA ESTADUAL NOSSA SENHORA DE FÁTIMA,"RUA SUÉCIA, N. 197, PRÓXIMO AO KM 400 DA BR 116",TARUMA,-25.43250165,-49.22854458,19,0,3844,3233,97,116,0,158,37,554,863,1,0,121,1261,19,6
177,2011,CURSO POSITIVO (CENTRO),AVENIDA VICENTE MACHADO 317,CENTRO,-25.4344775,-49.2796553,1,0,2004,1519,68,53,0,117,10,376,275,1,1,65,537,12,4
177,2020,INSTITUTO DE EDUCACAO PROFESSOR ERASMO PILOTTO,R EMILIANO PERNETA 92,CENTRO,-25.43312088,-49.27390943,1,0,2650,2041,109,107,0,102,13,449,408,2,0,138,698,10,5
177,2038,FUNPAR - FUNDAÇÃO DA UNIVERSIDADE FEDERAL DO PARANÁ,"RUA JOÃO NEGRÃO, 280",CENTRO,-25.43175409,-49.2659358,1,0,569,424,19,18,0,20,5,110,75,2,0,26,145,3,1
177,2046,PONTIFICIA UNIVERSIDADE CATOLICA DO PARANÁ (PUC/PR),R IMACULADA CONCEICAO  1155,PRADO VELHO,-25.45053682,-49.25260877,24,0,5995,4716,340,348,0,229,31,1079,871,6,0,377,1394,26,15
177,2054,COLÉGIO DECISIVO DO CRISTO REI - SUBSEDE I,"RUA DO HERVAL, N. 801",CRISTO REI,-25.43258815,-49.24907486,6,0,5616,4595,154,151,0,268,29,989,941,6,1,201,1809,31,15
177,2062,COLÉGIO ESTADUAL PAULO LEMINSKI,"AV CORONEL AUGUSTO DE ALMEIDA GARRET, N. 135, PRÓXIMO AO DETRAN",TARUMA,-25.42884861,-49.21125648,19,0,2982,2450,151,142,0,94,17,397,517,11,1,130,962,22,6
177,2070,COLEGIO ESTADUAL DO PARANA,AV JOAO GUALBERTO   250,CENTRO,-25.42329539,-49.26741276,1,0,4824,3821,186,148,0,329,32,1129,613,3,0,343,973,49,16
177,2127,LAR DOS IDOSOS - RECANTO DO TARUMÃ,"RUA KONRAD ADENAUER, 576",TARUMA,-25.425063,-49.214813,19,0,57,51,3,2,0,0,1,13,2,0,0,4,26,0,0
177,2143,SENAC - SERVIÇO NACIONAL DE APRENDIZAGEM COMERCIAL (VT),"RUA ANDRÉ DE BARROS, 750",CENTRO,-25.433813,-49.265687,1,1,0,340,10,4,0,21,4,75,94,1,0,29,100,2,0
177,2151,COLÉGIO ESTADUAL DO PARANÁ (VT),"RUA JOÃO GUALBERTO, 250",CENTRO,-25.423063,-49.266437,1,0,0,506,5,8,0,41,6,126,141,1,0,25,143,3,7
177,2160,FACULDADE DE DIREITO DA UNIVERSIDADE FEDERAL DO PARANÁ (VT),"PRAÇA SANTOS ANDRADE, 50",CENTRO,-25.429063,-49.267688,1,1,0,469,12,12,0,51,5,142,106,2,0,44,87,5,3
177,2178,COLÉGIO BOM JESUS CENTRO (VT),"RUA 24 DE MAIO, 135",CENTRO,-25.437937,-49.273563,1,0,0,466,11,13,0,30,3,90,142,1,1,35,134,4,2
178,1201,COLÉGIO IMACULADA CONCEIÇÃO,AVENIDA MANOEL RIBAS  6318,SANTA FELICIDADE,-25.4022832,-49.3312097,63,0,6337,5293,217,241,0,186,35,866,1343,3,1,143,2233,13,12
178,1210,COLÉGIO ESTADUAL ÂNGELO VOLPATO,RUA JOAO VALLE 23,SANTA FELICIDADE,-25.39754909,-49.31871687,63,0,3668,2997,233,237,0,105,32,533,605,3,0,115,1117,8,9
178,1228,COLÉGIO ESTADUAL PROFESSOR FRANCISCO ZARDO,AVENIDA MANOEL RIBAS 7149,SANTA FELICIDADE,-25.39918274,-49.33900531,63,0,3561,2910,163,208,0,71,17,507,666,0,0,102,1168,4,4
178,1236,COLÉGIO ESTADUAL SANTA FELICIDADE,"RUA BORTOLO PAULIN, 227",SANTA FELICIDADE,-25.40646444,-49.33907447,63,0,2655,2236,104,109,0,97,16,387,549,1,0,101,858,10,4
178,1244,ESCOLA MUNICIPAL FOZ DO IGUACU,"RUA JOAO REFFO, 1304",SANTA FELICIDADE,-25.38099051,-49.33415651,63,0,3412,2740,161,208,0,77,30,499,597,1,0,115,1030,3,19
178,1252,ESCOLA MUNICIPAL VEREADOR JOÃO STIVAL - CONTRA TURNO (SOC IGUACU),AVENIDA MANOEL RIBAS  8172,BUTIATUVINHA,-25.39491811,-49.34761984,61,0,1127,952,48,52,0,23,7,183,221,0,0,34,378,2,4
178,1287,ESCOLA ESTADUAL PADRE COLBACCHINI,"RUA CAETANO ALESSI , 268",BUTIATUVINHA,-25.39218346,-49.34779356,61,0,1594,1319,104,88,0,43,4,217,322,0,0,43,494,2,2
178,1295,COLÉGIO ESTADUAL PINHEIRO DO PARANÁ,"RUA DANIEL CESARIO PEREIRA,  559",SANTA FELICIDADE,-25.38684986,-49.33319271,63,0,2190,1800,110,107,0,78,9,303,392,0,1,77,709,8,6
178,1309,ESCOLA MUNICIPAL PROFESSORA SÕNIA MARIA COIMBRA KENSKI,RUA WANDA WOLFF1186 -CJ MONTE VERDE,SANTA FELICIDADE,-25.37541488,-49.32734162,63,0,1497,1268,77,88,0,47,22,216,295,2,1,65,443,7,5
178,1635,ESCOLA BAMBINATA,RUA BASSAMO DE GRAPPA 625,SANTA FELICIDADE,-25.3979605,-49.32190762,63,0,2005,1715,62,84,0,77,7,301,403,5,1,58,696,8,13
178,1643,ESCOLA MUNICIPAL DOS VINHEDOS,"RUA ZEM BERTAPELLE, 284",SANTA FELICIDADE,-25.39825624,-49.33090682,63,0,2062,1717,117,88,0,69,6,309,409,1,2,107,588,17,4
178,1651,ESCOLA MUNICIPAL VEREADOR JOÃO STIVAL,"RUA JOÃO BUDEL, 163",BUTIATUVINHA,-25.39075513,-49.35514715,61,0,1436,1150,113,86,0,33,11,200,260,2,1,42,392,8,2
178,1880,COLÉGIO ESTADUAL JÚLIA WANDERLEY,AVENIDA VICENTE MACHADO  1643,BATEL,-25.4393078,-49.291963,10,0,6070,4882,135,133,0,188,27,875,1332,1,3,134,2035,10,9
178,1899,FACULDADE EVANGÉLICA MACKENZIE DO PARANÁ,RUA PADRE ANCHIETA 2770,BIGORRILHO,-25.4359762,-49.3055076,11,0,2437,1935,42,69,0,77,14,359,474,0,1,64,825,7,3
178,1902,ESCOLA MUNICIPAL PARANAGUÁ,RUA PROFESSOR ANGELO ANTONIO DALLEGRAVE  12,SANTO INÁCIO,-25.4281934,-49.3437133,46,0,2602,2165,108,156,0,61,15,364,414,0,0,71,966,2,8
178,1910,COLÉGIO SION,ALAMEDA PRESIDENTE TAUNAY 260,BATEL,-25.4367752,-49.2838242,10,0,3949,3257,72,78,0,171,19,709,764,2,0,96,1334,9,3
178,1929,UNIVERSIDADE TUIUTI DO PARANÁ (CAMPUS BARIGUI),"RUA SYDNEI ANTONIO RANGEL SANTOS, 238",SANTO INÁCIO,-25.4244459,-49.3185512,46,0,12687,10153,356,456,0,426,69,1854,2394,4,0,360,4173,38,23
178,1937,COLÉGIO ESTADUAL SÃO BRAZ,AVENIDA VEREADOR TOALDO TULIO    2880,SÃO BRAZ,-25.41579682,-49.35108891,60,0,2128,1670,85,89,0,59,17,325,364,0,1,88,637,4,1
178,1945,ESCOLA MUNICIPAL CAMPO MOURÃO,"RUA ACYR SANTOS, 14",VILA IZABEL,-25.459816,-49.2988024,28,0,1681,1399,45,55,0,63,7,267,333,0,0,59,562,8,0
178,1961,COLÉGIO ESTADUAL PADRE SILVESTRE KANDORA,RUA PROFESSORA MARIA HELENE KRUZIELSKI BREDOW   26,SÃO BRAZ,-25.41994,-49.34681,60,0,3612,2966,199,193,0,79,15,519,648,2,2,144,1157,4,4
178,1970,COLÉGIO ESTADUAL PROFESSOR OLAVO DEL CLARO,"RUA CLARA FILLA, 282",SÃO BRAZ,-25.41555888,-49.36101334,60,0,2537,2071,166,164,0,57,23,378,475,1,1,60,728,11,7
178,1988,COLÉGIO MARISTA PARANAENSE,AVENIDA BISPO DOM JOSE 2674,SEMINÁRIO,-25.44782,-49.2978255,29,0,6242,5126,135,134,0,258,28,952,1315,1,0,155,2116,17,15
178,1996,ESCOLA ESTADUAL RIO BRANCO,AVENIDA BISPO DOM JOSE  2426,SEMINÁRIO,-25.4457152,-49.2956519,29,0,2312,1911,64,57,0,55,12,364,481,0,2,45,823,3,5
178,2011,ESCOLA MUNICIPAL CEI PEDRO DALLABONA,RUA VIRGINIA DALLABONA 456,ORLEANS,-25.4296141,-49.3563186,59,0,2440,2029,84,123,0,59,21,351,439,0,1,110,828,7,6
178,2020,ESCOLA MUNICIPAL CEI RAOUL WALLENBERG,"RUA HERMENEGILDO LUCA, CJ FERNAO DIAS   2400",BUTIATUVINHA,-25.41091467,-49.36148374,61,0,1607,1327,72,83,0,48,12,237,267,0,0,65,541,1,1
178,2046,ESCOLA ESTADUAL HELENA DIONYSIO,RUA FRANCISCO JUGLAIR  94,MOSSUNGUE,-25.4383667,-49.3331773,45,0,1740,1426,51,44,0,59,7,225,324,1,0,33,673,3,6
178,2054,ESCOLA ESTADUAL DOM ORIONE ( ANTIGA ESC. EST.  NILSON BATISTA RIBAS),RUA JAIME VEIGA 472,SEMINÁRIO,-25.4522023,-49.310843,29,0,1083,907,31,28,0,30,8,146,236,0,0,33,389,1,5
178,2062,FACULDADE PARANAENSE - FAPAR,"ALAMEDA DOM PEDRO II, 432",BATEL,-25.4391433,-49.2852161,10,0,2423,1910,47,55,0,120,10,383,462,0,0,60,755,10,8
178,2070,ESCOLA MUNICIPAL CEI PROFESSOR JÚLIO MOREIRA,RUA ALEXANDRE MARKOSKI   82,SÃO BRAZ,-25.41806,-49.34294,60,0,3253,2622,191,213,0,70,29,442,545,1,0,140,974,9,8
178,2089,COLÉGIO BOM JESUS - SEMINÁRIO (ANTIGO NOVO ATENEU),AVENIDA NOSSA SENHORA APARECIDA 1468,SEMINÁRIO,-25.4478345,-49.3121452,29,0,2223,1869,81,54,0,113,7,337,415,1,0,70,767,13,11
178,2097,PARÓQUIA SANTA ISABEL,"RUA ULISSES VIEIRA, 621",VILA IZABEL,-25.4610314,-49.2964064,27,0,2753,2296,61,95,0,109,20,429,530,3,0,87,952,4,6
178,2100,INSTITUTO PARANAENSE DOS CEGOS,AVENIDA VISCONDE DE GUARAPUAVA   4186,BATEL,-25.4417162,-49.2814206,10,0,1958,1563,40,27,0,56,6,255,439,0,1,37,695,5,2
178,2119,ESCOLA SANTA TERESINHA DO MENINO JESUS,AVENIDA SETE DE SETEMBRO   4926,BATEL,-25.4450264,-49.2868614,10,0,5293,4255,85,78,0,141,19,652,1231,2,0,81,1947,12,7
178,2127,COLÉGIO POSITIVO,RUA ALFERES ANGELO SAMPAIO     2300,BIGORRILHO,-25.4346412,-49.2887324,11,0,5696,4590,94,115,0,205,24,852,1164,1,1,105,2007,10,12
178,2135,ESCOLA MUNICIPAL WALTER HOERNER,"RUA DOMINGOS IMBRONIZIO, 129",MOSSUNGUE,-25.4350332,-49.3248542,45,0,2559,2111,64,80,0,77,18,333,569,3,0,63,890,10,4
178,2143,ESCOLA MUNICIPAL ESPECIALIZADA ALI BARK,RUA VICENTE PONTAROLLA 91,SEMINÁRIO,-25.4443577,-49.3125291,29,0,1394,1176,41,51,0,49,5,241,261,1,1,37,479,10,0
178,2160,ESCOLA MUNICIPAL MONSENHOR BOLESLAU FALARZ,"RUA LUIZ HOMANN, 290",SÃO BRAZ,-25.42125396,-49.35579303,60,0,1708,1392,75,110,0,30,12,242,322,1,0,64,530,1,5
178,2178,COLÉGIO ESTADUAL DOMINGOS ZANLORENZI,"RUA PADRE PAULO WARKOCZ,670",CIDADE INDUSTRIAL,-25.44094308,-49.35504692,75,0,1746,1403,120,111,0,31,4,258,296,1,0,83,489,6,4
178,2186,ESCOLA MUNICIPAL PRESIDENTE PEDROSA,"RUA BORORÓS, 1279",PORTÃO,-25.4657885,-49.294924,27,0,2772,2289,55,73,0,99,19,438,555,1,0,75,959,8,7
178,2194,ESCOLA ESTADUAL SANTO ANTÔNIO,"RUA AMADEU PIOTTO, 37",CIDADE INDUSTRIAL,-25.43375941,-49.35485794,75,0,3950,3230,233,291,0,75,39,636,602,0,0,149,1176,10,19
178,2208,ESCOLA MUNICIPAL CEI PADRE FRANCISCO MESZNER,RUA JOSE TISSI 114 - CONJUNTO CAMPONESA,CIDADE INDUSTRIAL,-25.43611978,-49.35060692,75,0,2121,1817,119,131,0,60,10,331,388,1,0,88,680,5,4
178,2216,COLÉGIO ESTADUAL GABRIELA MISTRAL,RUA TABAJARAS   840,PORTÃO,-25.4625849,-49.2983969,27,0,3302,2707,83,133,0,108,20,505,584,4,1,117,1132,11,9
178,2232,ESCOLA ESTADUAL DE EDUCAÇÃO ESPECIAL LUCY REQUIÃO MELLO E SILVA,"AV MANOEL RIBAS, 7119",SANTA FELICIDADE,-25.39954936,-49.33840637,63,0,2188,1770,94,79,0,84,5,337,441,0,2,77,645,4,2
178,2240,PARÓQUIA N. SENHORA DA CONCEIÇÃO (PARÓQUIA BUTIATUVINHA),RUA PADRE ARTURO SEPPI 51,BUTIATUVINHA,-25.3963863,-49.3483101,61,0,1952,1660,87,94,0,47,9,283,410,2,1,56,665,3,3
178,2259,CURSO E COLÉGIO ACESSO,"AVENIDA VEREADOR TOALDO TULIO, 1930",SANTA FELICIDADE,-25.41019,-49.34594,60,0,3757,3083,176,151,0,147,21,612,703,3,1,121,1126,10,12
178,2267,COLÉGIO ESTADUAL PARA SURDOS ALCINDO FANAYA JUNIOR,RUA VITAL BRASIL 447,VILA IZABEL,-25.4635105,-49.2968165,27,0,1394,1186,57,33,0,120,5,287,220,2,0,84,360,14,4
178,2275,UNIFACEAR - CAMPUS SANTA FELICIDADE,"AVENIDA VEREADOR TOALDO TÚLIO, 4523",ORLEANS,-25.4281732,-49.35347391,59,0,4633,3873,178,176,0,167,25,664,906,2,0,167,1570,12,6
178,2283,PARÓQUIA SÃO JOSÉ TRABALHADOR,"RUA MAJOR HEITOR GUIMARÃES, 1526",CAMPINA DO SIQUEIRA,-25.439272,-49.309998,30,0,1112,969,36,28,0,94,3,232,184,2,0,63,310,12,5
178,2291,UFPR - DEPARTAMENTO DE MÚSICAS E ARTES (BATEL),"RUA CORONEL DULCIDIO, 638",BATEL,-25.4388461,-49.2831409,10,0,651,592,20,20,0,54,3,216,90,0,1,36,148,4,0
178,2305,ESCOLA SEB - DOM BOSCO - UNIDADE BATEL,"AVENIDA VISCONDE DE GUARAPUAVA, 5581",BATEL,-25.4469769,-49.2943425,10,0,701,640,20,13,0,40,1,154,134,1,1,39,229,8,0
178,2313,EGREGORA ENSINO FUND MODALIDADE ESPECIAL(DOMINGOS ZANLORENZI-BL BAIXO),"RUA PADRE PAULO WARKOCZ, 670",CIDADE INDUSTRIAL,-25.4407331,-49.3551038,75,0,1393,1149,111,78,0,36,6,247,250,0,0,53,359,4,5
