NR_ZONA,NR_LOCAL_VOTACAO,NM_LOCAL_VOTACAO,DS_LOCAL_VOTACAO_ENDERECO,NM_BAIRRO,NR_LATITUDE,NR_LONGITUDE,ID_BAIRRO,FL_TRANSITO,QT_ELEITORES,QT_VOTOS_TOTAL,QT_VOTOS_BRANCOS,QT_VOTOS_NULOS,QT_VOTOS_ANULADOS,CAND_12,CAND_13,CAND_16,CAND_21,CAND_27,CAND_29,CAND_33,CAND_50,CAND_55
1,1244,COLEGIO ESTADUAL ANGELO TREVISAN,R CARLOS RAZERA   445,VISTA ALEGRE,-25.41149479,-49.29358008,31,0,4990,4073,141,241,0,167,738,3,15,24,2,8,57,2677
1,1252,ESCOLA ESTADUAL DONA CAROLA,R SOLIMOES  290,SÃO FRANCISCO,-25.41958047,-49.27991765,2,0,1701,1410,36,77,0,59,292,1,8,11,0,1,29,896
1,1260,ESCOLA MUNICIPAL MIRAZINHA BRAGA,R CORONEL JOAO GUILHERME GUIMARAES 1500,BOM RETIRO,-25.40885668,-49.28136751,13,0,2104,1764,66,83,0,73,319,1,8,20,0,3,22,1169
1,1279,ESCOLA MUNICIPAL NYMPHA MARIA DA ROCHA PEPLOW,R BATISTA PESSINE  933,VISTA ALEGRE,-25.41214346,-49.30378369,31,0,1516,1257,37,60,0,42,208,1,3,13,1,1,13,878
1,1317,COLÉGIO ADVENTISTA BOM RETIRO (PARTICULAR),R LYSIMACO FERREIRA DA COSTA 980,BOM RETIRO,-25.41612053,-49.27517221,13,0,3914,3128,118,152,0,114,661,1,9,21,1,6,75,1970
1,1325,COLÉGIO CATÓLICA DE CURITIBA,NILO PECANHA  1635,BOM RETIRO,-25.406049,-49.2759618,13,0,4793,3934,107,166,0,198,742,1,24,20,1,10,84,2581
1,1422,COLEGIO ESTADUAL BENTO MUNHOZ DA ROCHA NETO,R ELVIRA B POLAK  67,PILARZINHO,-25.39678581,-49.28933367,32,0,3970,3221,174,180,0,97,687,6,18,29,2,6,55,1967
1,1430,ESCOLA MUNICIPAL HERLEY MEHL,RUA SATURNINO ARRUDA DOS SANTOS 80,PILARZINHO,-25.38869683,-49.28458932,32,0,4637,3734,147,270,0,167,712,2,15,26,0,3,56,2336
1,1457,ESCOLA ESTADUAL PROFESSORA MARIA HELOISA CASSELI,RUA CATHARINA POTINA DE MAURO 80,PILARZINHO,-25.39274258,-49.30096661,32,0,2112,1720,94,115,0,56,328,2,5,11,1,5,30,1073
1,1465,ESCOLA MUNICIPAL PILARZINHO,R JORNALISTA GERALDO RUSSE  275,PILARZINHO,-25.38910219,-49.29454348,32,0,2438,1931,139,161,0,45,393,3,7,17,0,2,10,1154
1,1716,ESCOLA MUNICIPAL ANA HELLA,RUA JOSE HELLA  93,VISTA ALEGRE,-25.39926059,-49.29778979,31,0,1748,1482,73,83,0,42,262,2,4,9,0,1,15,991
1,1732,ESCOLA MUNICIPAL CEI PROFESSOR LAURO ESMANHOTO,RUA AFFONSO BARONI  175,PILARZINHO,-25.38022836,-49.29552678,32,0,2109,1739,71,95,0,53,407,4,7,9,0,6,27,1060
1,1740,COLEGIO VICENTINO SAO JOSE (PARTICULAR),R PADRE JOSE JOAQUIM GORAL  182,ABRANCHES,-25.3823401,-49.27253978,50,0,3175,2707,99,143,0,95,510,1,10,20,1,7,35,1786
1,1759,PAROQUIA SANTANA DE ABRANCHES,RUA VITORIO JOAO BRUNOR 688,ABRANCHES,-25.38173497,-49.27189896,50,0,1630,1327,49,76,0,48,239,2,0,6,0,1,16,890
1,1767,COLEGIO ESTADUAL PROFESSOR LOUREIRO FERNANDES,R MARECHAL MALLET    540,AHÚ,-25.40759083,-49.2607406,14,0,4269,3615,112,164,0,149,656,1,17,17,1,9,85,2404
1,1775,ESCOLA ESTADUAL ALINE PICHETH,R EURIPEDES GARCEZ DO NASCIMENTO    921,AHÚ,-25.40413701,-49.26540599,14,0,3134,2579,76,118,0,136,432,0,9,23,0,4,43,1738
1,1830,ESCOLA MUNICIPAL PROFESSOR BRANDAO,AV JOAO GUALBERTO  953,ALTO DA GLÓRIA,-25.41836088,-49.26361423,4,0,4416,3541,107,136,0,177,710,1,26,21,2,9,67,2285
1,1848,COLEGIO ESTADUAL SANTA GEMMA GALGANI,R ASSIS BRASIL    983,ABRANCHES,-25.37190675,-49.26778731,50,0,3263,2730,129,184,0,94,511,2,6,26,0,1,40,1737
1,1856,COLEGIO ESTADUAL GELVIRA CORREA PACHECO,R CARMELINA CAVASSIN  385,BARREIRINHA,-25.36678148,-49.26462534,52,0,5136,4327,207,256,0,127,833,0,16,35,1,6,55,2791
1,1864,ESCOLA MUNICIPAL JULIA AMARAL DI LENNA,RUA JOAO MACHADO DE CAMARGO 25,BARREIRINHA,-25.3767799,-49.25781793,52,0,5060,4178,177,313,0,123,764,1,9,41,3,7,30,2710
1,1872,ESCOLA ESTADUAL MARIA PEREIRA MARTINS,AV ANITA GARIBALDI  5340,BARREIRINHA,-25.36693686,-49.25984971,52,0,3103,2496,97,152,0,80,535,4,15,19,0,6,29,1559
1,1910,ESCOLA MUNICIPAL CEI ROMARIO MARTINS,R DAVID BODZIAK 100,CACHOEIRA,-25.35283297,-49.25518343,51,0,3662,2952,183,167,0,86,607,2,6,22,1,8,21,1849
1,1929,CLUBE CURITIBANO SEDE CONCORDIA,"PRESIDENTE CARLOS CAVALCANTI,  815",SÃO FRANCISCO,-25.4256255,-49.27282461,2,0,2198,1767,82,68,0,79,566,2,10,16,2,2,38,902
1,1937,FUNDACAO DE ESTUDOS SOCIAIS DO PARANA - FESP,R GENERAL CARNEIRO   216,ALTO DA GLÓRIA,-25.42511006,-49.26323943,1,0,2102,1712,44,69,0,69,389,2,4,7,0,4,22,1102
1,1945,ESCOLA MUNICIPAL  DUILIO CALDERARI,RUA JOSE SPERANCETTA   66,SÃO LOURENÇO,-25.38660019,-49.26212578,33,0,2465,2065,83,131,0,90,351,1,5,15,1,1,12,1375
1,1953,ESCOLA ESTADUAL ERNANI VIDAL,R MATEUS LEME  3291,SÃO LOURENÇO,-25.39837175,-49.27155922,33,0,2651,2168,75,121,0,106,425,0,8,25,0,4,32,1372
1,1961,COLEGIO MARTINUS (PARTICULAR),"RUA PRESIDENTE CARLOS CAVALCANTI, 999",SÃO FRANCISCO,-25.42515703,-49.27490012,2,0,2202,1786,62,70,0,90,449,4,7,8,2,7,36,1051
1,1970,COLEGIO ESTADUAL SEBASTIAO SAPORSKI,RUA MARIA DE LOURDES MICKOSZ 350,TABOÃO,-25.37499232,-49.27813341,49,0,1305,1063,58,62,0,49,182,0,5,7,1,2,12,685
1,1988,COLEGIO INTEGRAL (PARTICULAR),"RUA ALBERTO FOLLONI, 220",JUVEVÊ,-25.41347846,-49.26359958,15,0,2641,2193,57,74,0,104,499,1,15,15,1,2,64,1361
1,1996,COLEGIO BOM JESUS DIVINA PROVIDENCIA (PARTICULAR),LEONIDAS VICENTE DE CASTRO 81,AHÚ,-25.40153844,-49.26761273,14,0,4843,4061,121,156,0,190,659,3,27,23,3,14,79,2786
1,2020,ESCOLA MUNICIPAL CEI ULYSSES SILVEIRA GUIMARAES,"RUA PEDRO DE SIQUEIRA CORTES, 323",ABRANCHES,-25.36413711,-49.2749189,50,0,1089,890,54,61,0,13,159,0,6,5,0,0,9,583
1,2038,ESCOLA MUNICIPAL CEI PROFESSOR  JOSE WANDERLEY DIAS,"RUA DOS IPES, 122",BARREIRINHA,-25.37475477,-49.25295774,52,0,2095,1755,64,112,0,61,331,0,6,11,1,10,15,1144
1,2232,COLEGIO MARISTA SANTA MARIA (PARTICULAR),"RUA PROFESSOR JOAQUIM DE MATTOS BARRETO, 98",SÃO LOURENÇO,-25.38985747,-49.26867258,33,0,3919,3272,108,135,0,150,703,4,28,17,1,4,95,2027
1,2240,FACULDADE INSPIRAR,"RUA JOÃO TSCHANNERL, 880",PILARZINHO,-25.4046383,-49.2891437,31,0,1975,1657,71,84,0,72,309,0,10,13,0,6,20,1072
1,2259,ESCOLA MUNICIPAL TANIRA REGINA SCHMIDT,"RUA VICTOR KOTOVIS, 162",ABRANCHES,-25.35568909,-49.27415003,50,0,2010,1685,113,130,0,40,339,1,5,8,1,3,25,1020
1,2330,CURSO DE COMUNICACÃO SOCIAL DA UFPR,R BOM JESUS     650,JUVEVÊ,-25.41376315,-49.25244683,15,0,3144,2642,86,79,0,118,567,2,11,22,1,8,63,1685
1,2348,COLEGIO POSITIVO JUNIOR,R MARCELINO CHAMPAGNAT  733,MERCÊS,-25.4289114,-49.29418016,12,0,4333,3614,97,113,0,148,445,1,6,25,3,5,51,2720
1,2356,COLEGIO DOM BOSCO,RUA PAULO MARTINS  314,MERCÊS,-25.41777304,-49.2964639,12,0,2515,2067,103,104,0,94,340,0,12,10,0,3,34,1367
1,2364,COLEGIO ESTADUAL SENADOR MANOEL ALENCAR GUIMARAES,AV CANDIDO HARTMANN  1650,MERCÊS,-25.42513962,-49.30041889,12,0,2149,1775,47,107,0,69,321,0,10,19,1,3,23,1175
1,2372,SETOR DE CIENCIAS AGRARIAS,R DOS FUNCIONARIOS 1540,JUVEVÊ,-25.41013795,-49.24888101,16,0,4263,3540,114,157,0,157,628,5,10,21,0,4,43,2401
1,2380,ASSOCIAÇÃO EDUCATIVA STELLA MARIS,R ROCHA POMBO 792,JUVEVÊ,-25.41258457,-49.26139874,15,0,5469,4569,149,182,0,204,806,2,29,27,1,23,94,3052
1,2399,CENTRO REDENTORISTA SANTO AFONSO,"R UBALDINO DO AMARAL, 204",ALTO DA RUA XV,-25.4231795,-49.2606732,4,0,3223,2612,67,128,0,132,625,0,17,15,2,12,58,1556
1,2402,ESCOLA MADRE ANATOLIA,RUA MARTIN AFONSO  575,MERCÊS,-25.42779906,-49.28285509,12,0,1768,1435,46,52,0,51,301,4,9,15,0,3,26,928
1,2410,COLEGIO ESTADUAL PROFESSOR GUIDO STRAUBE,R JACAREZINHO   1680,MERCÊS,-25.41535155,-49.2898898,12,0,2396,1960,60,99,0,72,410,0,10,13,1,2,33,1260
1,2429,ESCOLA ESTADUAL PROFESSOR CLETO,RUA VISCONDE DE NACAR   544,MERCÊS,-25.42753994,-49.28036107,2,0,1655,1308,40,67,0,50,364,1,10,14,0,5,21,736
1,2437,ESCOLA VICENTINA NOSSA SENHORA DAS MERCES,"AV MANOEL RIBAS, 1154",MERCÊS,-25.42279077,-49.29029039,12,0,2443,1983,57,85,0,77,415,3,12,10,2,10,25,1287
1,2445,HOSPITAL DE CLÍNICAS,"RUA GENERAL CARNEIRO, 181",ALTO DA GLÓRIA,-25.4248837,-49.2620917,4,0,186,177,15,7,0,10,85,1,1,2,0,0,3,53
2,1112,ESCOLA MUNICIPAL ANISIO TEIXEIRA,R JOAO BATISTA SCUCATO 80 CJTO HABITACIONAL N ESPERANCA,ATUBA,-25.38417494,-49.20112808,55,0,3648,2954,208,193,0,62,594,6,9,11,1,4,19,1847
2,1120,COLEGIO ESTADUAL LEONCIO CORREIA,R COSTA RICA   223,BACACHERI,-25.40139684,-49.24463919,35,0,8759,7110,230,310,0,250,1422,9,39,57,3,17,136,4637
2,1139,ESCOLA MUNICIPAL ENY CALDEIRA,R GUILHERME IHLENFELDT   51,BACACHERI,-25.38872635,-49.2259122,35,0,5590,4665,162,209,0,178,860,6,17,30,1,3,75,3124
2,1147,ESCOLA MUNICIPAL JAGUARIAIVA,"RUA JOSÉ MAZEPA, 51",BACACHERI,-25.39634862,-49.21722528,35,0,2984,2513,60,115,0,100,466,1,5,19,0,3,49,1695
2,1155,FACULDADE DE ARTES DO PARANÁ,RUA DOS FUNCIONÁRIOS 1357,CABRAL,-25.41250163,-49.24707089,16,0,2691,2196,58,74,0,87,425,2,21,16,0,5,70,1438
2,1163,SOCIEDADE BENEFICENTE DUQUE DE CAXIAS,R COSTA RICA  1173,BACACHERI,-25.39714944,-49.23766519,35,0,5057,4245,139,190,0,140,663,1,11,38,0,19,67,2977
2,1180,COLÉGIO MADALENA SOFIA,"R SANTA MADALENA SOFIA BARAT, 809",BAIRRO ALTO,-25.41267305,-49.21529014,36,0,7197,5935,203,297,0,196,1055,6,34,40,1,10,85,4008
2,1198,ESCOLA MUNICIPAL ARAUCARIA,R RIO IRIRI  355,BAIRRO ALTO,-25.40380732,-49.20740499,36,0,2927,2378,99,166,0,73,416,3,13,41,0,3,15,1549
2,1201,ESCOLA DUNAMYS ENSINO FUNDAMENTAL (PARTICULAR),"RUA RIO IRIRI, 1125",BAIRRO ALTO,-25.40095963,-49.20114794,36,0,4697,3832,186,246,0,97,778,2,18,32,4,7,44,2418
2,1279,COLEGIO NOSSA SENHORA DO ROSARIO,R EDUARDO GERONASSO  1266,BACACHERI,-25.39100582,-49.23496776,35,0,4786,4105,139,184,0,149,798,3,31,29,2,13,79,2678
2,1295,ESCOLA MUNICIPAL CARAMURU,TRAV RODOLPHO ROSENAU 157,CABRAL,-25.39787701,-49.25545294,16,0,1460,1233,39,54,0,61,289,0,13,5,0,3,41,728
2,1384,COLÉGIO ESTILLO,"RUA DOUTOR LUIZ FERNANDO VAN DER BROOCKE, 17",BACACHERI,-25.41306796,-49.23204247,18,0,3973,3337,104,146,0,131,539,1,18,24,0,4,49,2321
2,1414,ESCOLA ESTADUAL NOSSA SENHORA DA SALETE,AVENIDA WASHINGTON LUIZ  620,JARDIM SOCIAL,-25.41980079,-49.23009,18,0,5582,4570,139,207,0,167,698,4,24,19,2,21,83,3206
2,1449,ESCOLA MUNICIPAL AUGUSTO CESAR SANDINO,R MOBRAL  413,SANTA CANDIDA,-25.36401272,-49.23234376,53,0,3563,2836,154,197,0,80,540,2,13,28,3,4,37,1778
2,1457,ESCOLA MUNICIPAL RAUL GELBECK,RUA ODACIR SCHILIPAK 359,SANTA CANDIDA,-25.37337604,-49.2416653,53,0,3305,2634,136,189,0,87,495,2,9,27,2,4,33,1650
2,1465,ESCOLA ESTADUAL SANTA CANDIDA,RUA THEODORO MAKIOLKA  155,SANTA CANDIDA,-25.37399365,-49.22445673,53,0,7781,6401,306,403,0,190,1288,2,17,55,6,11,72,4051
2,1503,COLEGIO ESTADUAL CECILIA MEIRELES,RUA PEDRO ELOY DE SOUZA  1700,BAIRRO ALTO,-25.42496838,-49.20393852,36,0,9487,7596,342,435,0,262,1540,10,28,63,3,31,74,4808
2,1511,ESCOLA ESTADUAL DONA BRANCA DO NASCIMENTO MIRANDA,R JORGE BONN 460 VILA TINGUI,TINGUI,-25.39210065,-49.21984325,54,0,3959,3305,112,179,0,113,594,3,23,18,4,11,55,2193
2,1520,ESCOLA ESTADUAL MARIA MONTESSORI,R GUILHERME IHLENFELDT 980  VILA TINGUI,TINGUI,-25.38377993,-49.22941911,54,0,5163,4147,176,231,0,139,772,9,21,33,2,18,66,2680
2,1538,SALAO DA IGREJA DE SANTA CANDIDA,RUA PADRE JOAO WILINSKI 755,SANTA CANDIDA,-25.37399302,-49.22427552,53,0,4180,3385,148,214,0,118,673,5,13,16,3,10,23,2162
2,1546,GRUPO DE ESCOTEIROS SAO LUIZ DE GONZAGA,RUA OSORIO DUQUE ESTRADA 560,JARDIM SOCIAL,-25.4155791,-49.23394586,18,0,1186,1001,38,32,0,53,154,0,2,3,0,2,25,692
2,1570,CEI CURITIBA ANO 300,RUA JORNALISTA ALCEU CHICHORRO 180,BAIRRO ALTO,-25.41441618,-49.20623962,36,0,2731,2257,100,127,0,72,476,2,18,22,0,7,31,1402
2,1589,ESCOLA MUNICIPAL ERASMO PILOTTO,RUA RIO JAPURA 648,ATUBA,-25.39452913,-49.20346469,55,0,4407,3661,161,204,0,104,604,4,9,22,1,10,46,2496
2,1791,ESCOLA MUNICIPAL SANTA AGUEDA,"RUA JOSE ANTONIO LEPREVOST, 496",SANTA CANDIDA,-25.37673384,-49.23127177,53,0,2834,2379,102,149,0,83,450,2,7,26,2,4,26,1528
2,1805,COLÉGIO PASSIONISTA N. S. MENINA,"RUA BOM JESUS, 881 - A",CABRAL,-25.41481835,-49.25088176,16,0,4227,3469,121,99,0,171,610,3,9,17,0,9,69,2361
2,1880,ESCOLA ESTADUAL CRUZEIRO DO SUL,RUA BUDA 8,SANTA CANDIDA,-25.36718325,-49.21023656,53,0,2677,2127,132,130,0,64,444,1,4,12,2,6,20,1312
2,1899,COLEGIO ESTADUAL PROFESSOR ALGACYR MUNHOZ MAEDER,"RUA SEBASTIAO ALVES FERREIRA, 1164",BAIRRO ALTO,-25.40423001,-49.206835,36,0,7565,6120,302,377,0,178,1061,8,16,67,1,12,44,4054
2,1988,COLEGIO ESTADUAL  ERMELINO DE LEAO,AV NOSSA SENHORA DE NAZARE  900,BOA VISTA,-25.39208318,-49.24743269,34,0,6100,4857,166,231,0,162,1000,1,25,32,2,11,91,3136
2,1996,ESCOLA MUNICIPAL PROFESSOR RICARDO KRIEGER,"RUA MARIA GERONASSO DO ROSARIO, 346",BOA VISTA,-25.38429345,-49.23731129,34,0,2092,1789,72,121,0,59,385,1,7,19,1,1,19,1104
2,2003,COLEGIO ESTADUAL PAPA JOAO PAULO I,R MARIA GERONASSO DO ROSARIO  259,BOA VISTA,-25.3842462,-49.23793332,34,0,4198,3338,153,195,0,94,699,2,18,35,0,6,46,2090
2,2011,COLEGIO ESTADUAL ANGELO GUSSO,"RUA JULIO PEDROSO DE MORAIS, 10",BOA VISTA,-25.3884335,-49.25934738,34,0,3630,2979,142,172,0,108,607,1,14,12,1,5,66,1851
2,2020,COLEGIO POSITIVO BOA VISTA,"RUA CARLOS DE CAMPOS, 1090",BOA VISTA,-25.39211877,-49.24270216,34,0,7071,5822,205,277,0,223,1070,4,27,53,1,14,91,3857
2,2038,COLÉGIO ADVENTISTA UNIDADE BOA VISTA,"RUA FERNANDO DE NORONHA, 470",SANTA CANDIDA,-25.3815724,-49.23564726,53,0,2540,2033,111,87,0,62,491,0,19,6,1,3,48,1205
3,1023,ESCOLA ESTADUAL REPÚBLICA ORIENTAL DO URUGUAI,"AV PRES. AFFONSO CAMARGO, N. 3407, CAPAO DA IMBUIA",CAPAO DA IMBUIA,-25.4404556,-49.2289774,20,0,4383,3650,140,189,0,118,666,6,22,35,1,7,46,2420
3,1058,ESCOLA MUNICIPAL IRATI,"AV JORN ADERBAL GAERTNER STRESSER, N. 775, CONJUNTO MERCÚRIO",CAJURU,-25.4702853,-49.2024938,21,0,4593,3833,177,216,0,107,709,3,9,51,1,12,42,2506
3,1066,ESCOLA MUNICIPAL AYRTON SENNA DA SILVA,"RUA ANTÔNIO MOREIRA LOPES, N. 1301, JARDIM ACRÓPOLE",CAJURU,-25.4709948,-49.1920684,21,0,4352,3480,213,261,0,75,777,3,11,14,3,6,22,2095
3,1074,COLEGIO ESTADUAL MÁXIMO ATÍLIO ASINELLI,"RUA JÚLIO WISCHRAL, N. 650, UBERABA DE CIMA",UBERABA,-25.4744266,-49.2233534,37,0,3093,2570,101,109,0,86,457,2,16,12,3,3,36,1745
3,1082,ESCOLA MUNICIPAL MARUMBI,"RUA FRANCISCO LICNERSKI, 50,  PRÓXIMO À SANEPAR DA BR 277",UBERABA,-25.4795245,-49.2027126,37,0,3834,3192,154,209,0,79,634,2,14,14,0,1,24,2061
3,1090,ESCOLA MUNICIPAL CORONEL DURIVAL BRITTO E SILVA,"RUA EMÍLIO BERTOLINI, N. 44, VILAS OFICINAS",CAJURU,-25.4481352,-49.2158304,21,0,4091,3384,197,213,0,101,618,7,22,35,1,7,52,2131
3,1104,ESCOLA MUNICIPAL PREFEITO LINNEU FERREIRA DO AMARAL,"RUA RORAIMA, N. 1570, VILAS OFICINAS",CAJURU,-25.4525528,-49.2082456,21,0,5083,4089,189,268,0,128,770,2,11,18,1,7,43,2652
3,1112,COLÉGIO ESTADUAL NATÁLIA REGINATO,"RUA GOIÂNIA,  679, VILAS OFICINAS",CAJURU,-25.4548352,-49.2202622,21,0,2241,1791,84,104,0,55,314,1,5,12,0,3,17,1196
3,1120,ESCOLA ESTADUAL PROFESSOR NILO BRANDÃO,"AV JORN. ADERBAL GAERTNER STRESSER, 748",CAJURU,-25.4709655,-49.2042646,21,0,4763,3849,175,206,0,98,736,1,15,55,0,5,48,2510
3,1139,ESCOLA ESTADUAL DEPUTADO OLÍVIO BELICH,"RUA ENGENHEIRO COSTA BARROS, N. 629, VILA CAMARGO",CAJURU,-25.4599911,-49.2118333,21,0,5861,4662,251,272,0,135,844,4,20,18,2,8,61,3047
3,1147,ESCOLA MUNICIPAL PREFEITO OMAR SABBAG,"RUA PEDRO BOCCHINO, N. 140, VILAS OFICINAS",CAJURU,-25.450722,-49.2181567,21,0,8014,6290,314,428,0,201,1257,6,12,40,4,11,61,3956
3,1155,ESCOLA ESTADUAL SANTA ROSA,"RUA AMÍLTON PORTUGAL PEREIRA, 515, SOLITUDE",CAJURU,-25.4759929,-49.1948777,21,0,3867,3007,187,206,0,74,614,3,6,16,2,11,22,1866
3,1163,COLÉGIO ESTADUAL SENHORINHA DE MORAES SARMENTO,"RUA CATULO DA PAIXÃO CEARENSE, N. 1000, CENTENÁRIO",CAJURU,-25.4645076,-49.2046715,21,0,9783,7588,423,472,0,181,1590,14,33,70,2,10,67,4726
3,1198,ESCOLA MUNICIPAL PROFESSOR ENÉAS MARQUES DOS SANTOS,"RUA OSMÁRIO DE LIMA, N. 100",CAPAO DA IMBUIA,-25.433934,-49.2188575,20,0,3968,3165,131,171,0,119,634,5,12,38,1,6,41,2007
3,1201,ESCOLA MUNICIPAL C.E.I. EVA DA SILVA,"RUA FREDERICO STADLER JÚNIOR, N. 1670",CAPAO DA IMBUIA,-25.4412945,-49.2052541,20,0,5216,4240,220,261,0,124,807,3,16,40,0,13,40,2716
3,1210,COLÉGIO ESTADUAL PROFESSORA MARIA AGUIAR TEIXEIRA,"AV PRESIDENTE AFFONSO CAMARGO, N. 3463",CAPAO DA IMBUIA,-25.4395174,-49.2278613,20,0,6814,5373,229,302,0,159,1050,9,31,49,4,12,93,3435
3,1228,ESCOLA MUNICIPAL GUILHERME LACERDA BRAGA SOBRINHO,"RUA SIMÃO BRANTE, N. 1735",UBERABA,-25.4920289,-49.223117,37,0,1924,1584,70,83,0,40,271,1,6,8,1,1,12,1091
3,1465,COLÉGIO ESTADUAL ALFREDO PARODI,"RUA ESPIRIDIÃO KALLUF, 125, JARDIM CENTAURO",UBERABA,-25.4939276,-49.2099997,37,0,5774,4508,210,239,0,123,812,4,21,33,1,11,57,2997
3,1473,COLÉGIO ESTADUAL CONSELHEIRO CARRÃO,"RUA DOUTOR SIMÃO KOSSUBUDSKI, N. 165",UBERABA,-25.4970931,-49.2180592,37,0,4627,3654,219,239,0,102,638,2,17,20,0,5,38,2374
3,1481,ESCOLA MUNICIPAL DONA LULA,"RUA ELIAS MOYSES SCHELELA, N. 570",UBERABA,-25.4860754,-49.2263022,37,0,2108,1730,72,95,0,50,278,4,8,12,0,1,30,1180
3,1490,ESCOLA MUNICIPAL PROFESSORA DONATILA CARON DOS ANJOS,"RUA ALVORADA, N. 460, CANAL BELEM",UBERABA,-25.4785787,-49.2395903,37,0,2291,1867,123,98,0,56,337,1,4,12,0,2,19,1215
3,1503,ESCOLA MUNICIPAL C.E.I. ISSA NACLI,"RUA CAPITÃO LEÔNIDAS MARQUES, N. 2147, UBERABA DE CIMA",UBERABA,-25.4820981,-49.2133185,37,0,5559,4605,175,250,0,141,852,2,12,26,0,5,48,3094
3,1511,ESCOLA MUNICIPAL PROFESSOR JOÃO  MACEDO FILHO,"RUA ULISSES JOSÉ RIBEIRO, N. 410",UBERABA,-25.4719677,-49.2274428,37,0,2420,2029,78,110,0,63,322,1,5,16,1,7,23,1403
3,1546,ESCOLA ESTADUAL SÃO PAULO APÓSTOLO,"RUA CORONEL JOSÉ CARVALHO DE OLIVEIRA, N. 1275",UBERABA,-25.4817072,-49.2271629,37,0,6163,5050,192,285,0,168,933,4,16,53,0,11,59,3329
3,1562,CRECHE MUNICIPAL TRINDADE,"RUA DA TRINDADE, N. 368, VILA TRINDADE",CAJURU,-25.4467777,-49.2055083,21,0,2179,1743,98,106,0,50,342,4,5,11,0,4,15,1108
3,1589,ESCOLA MUNICIPAL ELZA LERNER,"RUA LUIZ FRANÇA, 2873, VILA CAMARGO",CAJURU,-25.4619114,-49.2150122,21,0,4325,3630,179,220,0,131,648,0,11,25,1,9,39,2367
3,1597,ESCOLA MUNICIPAL C.E.I.  RITTA ANNA DE CÁSSIA,"RUA FORTALEZA, N. 1343, VILA CAMARGO",CAJURU,-25.458176,-49.2046387,21,0,3237,2601,160,175,0,75,533,2,12,9,1,4,29,1601
3,1600,ESCOLA BANDEIRANTES,"RUA CUIABÁ, N. 1284, VILAS OFICINAS",CAJURU,-25.4546388,-49.2098731,21,0,3082,2591,117,142,0,69,479,2,10,15,1,3,35,1718
3,1643,COLÉGIO ESTADUAL ANÍBAL KHURY NETO,"RUA AVELINO MONTOVANI, N. 430",UBERABA,-25.4852021,-49.2037322,37,0,4382,3384,219,238,0,57,724,1,10,17,1,7,22,2088
3,2054,ESCOLA MUNICIPAL MICHEL KHURY,"RUA ADHMAR VIEIRA DE ARAÚJO, N. 457",UBERABA,-25.4893901,-49.2022535,37,0,2709,2151,132,173,0,28,504,2,12,12,1,5,10,1272
3,2062,ESCOLA MUNICIPAL RACHEL MADER GONÇALVES,"RUA GUSTAVO BARROZO GONÇALVES, 26",UBERABA,-25.4868275,-49.2003096,37,0,1641,1325,91,79,0,21,333,0,4,3,1,1,9,783
3,2070,ESCOLA MUNICIPAL PROFESSORA MARIA DE LOURDES LAMAS PEGORARO,"RUA JOÃO ALVES DE ARAÚJO, N. 273, SOLITUDE",CAJURU,-25.4751088,-49.1960493,21,0,1503,1231,68,75,0,39,198,0,2,10,1,0,10,828
3,2089,ESCOLA MUNICIPAL PROFESSORA MARIA MARLI PIOVEZAN,"RUA VELCY BOLÍVAR GRANDÓ, 105",UBERABA,-25.4953612,-49.2081413,37,0,2877,2246,141,155,0,47,507,1,6,6,1,4,22,1356
3,2178,PARÓQUIA SÃO PAULO APÓSTOLO,"RUA PADRE JULIO SAAVEDRA, 170",UBERABA,-25.4765343,-49.2293418,37,0,3721,3099,120,159,0,121,484,3,13,20,0,7,35,2137
4,1104,ESCOLA MUNICIPAL SIDONIO MURALHA,"RUA LUDOVICO KAMINSKI, 3460 - CJ CAIUA",CIDADE INDUSTRIAL,-25.4853905,-49.3502324,75,0,4902,3984,202,294,0,93,754,3,9,22,2,9,43,2553
4,1392,COLEGIO ESTADUAL PAULA GOMES,RUA CURUPIS  903,SANTA QUITERIA,-25.459764,-49.3074766,43,0,6868,5601,233,369,0,160,1053,4,17,31,0,16,68,3650
4,1414,CENTRO MUNICIPAL DE EDUCAÇÃO INFANTIL NICE BRAGA,"RUA BOCAIUVA,  351",SANTA QUITERIA,-25.4630033,-49.304932,43,0,3912,3209,105,188,0,105,637,3,12,21,1,5,60,2072
4,1430,COLEGIO (PARTICULAR) PADRE JOAO BAGOZZI,"RUA CALIXTO RAZZOLINI, 14",PORTÃO,-25.4755597,-49.2947683,27,0,6581,5328,173,216,0,164,1099,11,27,27,0,5,92,3514
4,1449,COLEGIO ESTADUAL PEDRO MACEDO,"AVENIDA REPUBLICA ARGENTINA,   2376",PORTÃO,-25.4675379,-49.29327,27,0,7642,6263,249,274,0,213,1273,1,29,43,6,11,108,4056
4,1457,ESCOLA MUNICIPAL PAPA JOAO XXIII,"RUA ITACOLOMI,  700 - VILA LEAO",PORTÃO,-25.4793874,-49.2993917,27,0,5052,4140,146,226,0,131,785,5,14,25,0,7,39,2762
4,1490,ESCOLA ESTADUAL MARECHAL CANDIDO RONDON,"RUA RICARDO NEGRAO FILHO, 287",PORTÃO,-25.47445,-49.3110344,27,0,3808,3110,145,189,0,95,524,1,4,23,0,6,31,2092
4,1503,ESCOLA MUNICIPAL PROFESSOR FRANCISCO KLENTZ,"RUA FRANCISCO TISSOT, 119 - VILA ROSINHA",PORTÃO,-25.4724158,-49.3159873,27,0,2639,2210,103,169,0,60,437,2,6,13,0,7,18,1395
4,1554,ESCOLA MUNICIPAL SAO MIGUEL,"RUA RAUL ZANON, 175 - SANTA HELENA",CIDADE INDUSTRIAL,-25.479553,-49.3367299,75,0,5618,4503,225,341,0,105,890,6,13,25,0,8,49,2841
4,1562,ESCOLA MUNICIPAL PROFESSORA MARIA DO CARMO MARTINS,"RUA JOAO DEMBINSKI, 1377",CIDADE INDUSTRIAL,-25.4603265,-49.3450213,75,0,4830,3965,219,281,0,97,855,0,5,27,1,10,33,2437
4,1570,ESCOLA MUNICIPAL HEITOR ALENCAR FURTADO,"RUA ROBERT REDZINSKI,  150",CIDADE INDUSTRIAL,-25.4572599,-49.3494379,75,0,3974,3253,177,214,0,83,690,0,4,17,1,6,34,2027
4,1589,ESCOLA MUNICIPAL JARDIM SANTOS ANDRADE,"RUA LUIZ ZILLI, 405",CAMPO COMPRIDO,-25.4565079,-49.3259374,44,0,2716,2178,100,110,0,59,467,0,14,16,0,0,24,1388
4,1597,FUNDACAO DE AÇÃO SOCIAL DO CAMPO COMPRIDO - FAS (MUNICIPAL),"RUA EDUARDO SPRADA, 4520",CIDADE INDUSTRIAL,-25.4468243,-49.3486726,75,0,2868,2336,92,141,0,70,421,4,9,24,3,4,28,1540
4,1600,ESCOLA MUNICIPAL MORADIAS DO RIBEIRAO,"RUA JOAO DEMBINSKI, 3030",CIDADE INDUSTRIAL,-25.4746405,-49.3394871,75,0,3463,2838,149,204,0,72,566,3,11,20,0,5,23,1785
4,1619,ESCOLA ESTADUAL JOSE FRESSATO,"RUA NOVA LONDRINA, 30",AUGUSTA,-25.4572049,-49.3775575,68,0,1857,1501,86,106,0,29,240,1,9,9,0,1,11,1009
4,1627,CEI - CENTRO DE EDUCAÇÃO INFANTIL OLIVIO SOARES SABOIA (MUNICIPAL),"R JOAO ALEXANDRE KOPP, 505",CIDADE INDUSTRIAL,-25.4805601,-49.3475155,75,0,3294,2699,129,191,0,57,523,1,9,20,3,8,27,1731
4,1643,COLÉGIO ESTADUAL PROFESSORA HILDEGARD SONDAHL - EFM,"RUA JOAQUIM DE SIQUEIRA CORTES, 62",CIDADE INDUSTRIAL,-25.4871391,-49.3529339,75,0,3055,2496,146,200,0,49,441,0,10,11,1,4,30,1604
4,1651,ESCOLA ESTADUAL MONSENHOR IVO ZANLORENZI,"R EDUARDO SPRADA, 4114",CAMPO COMPRIDO,-25.4448298,-49.3454058,44,0,4662,3804,147,219,0,114,662,2,19,24,3,12,49,2553
4,1694,ESCOLA MUNICIPAL PROFESSOR ULISSES FALCAO VIEIRA,"RUA EDUARDO SPRADA,  5062",CIDADE INDUSTRIAL,-25.4495891,-49.3524682,75,0,4087,3310,151,201,0,95,620,0,15,25,0,8,31,2164
4,1708,COLEGIO ESTADUAL TEOTONIO VILELA,"RUA ROBERT REDZIMSKI, 1000",CIDADE INDUSTRIAL,-25.4573312,-49.3490455,75,0,5696,4606,274,332,0,99,944,2,24,22,4,10,36,2859
4,1716,COLEGIO (PARTICULAR) MARTINUS PORTÃO,"RUA ARTHUR MOHR,144",PORTÃO,-25.4728121,-49.2993114,27,0,2339,1967,59,63,0,79,353,0,10,10,2,3,35,1353
4,1724,COLEGIO ESTADUAL PROTASIO DE CARVALHO,"RUA CIDADE GAUCHA, 120",CIDADE INDUSTRIAL,-25.4736887,-49.3471497,75,0,5641,4552,227,360,0,104,927,2,14,26,0,5,44,2843
4,1740,ASPP - ASSOCIACAO DOS SERVIDORES PUBLICOS DO PARANA,"RUA PROFESSOR ULISSES VIEIRA, 2303",SANTA QUITERIA,-25.4634484,-49.3119603,43,0,7002,5711,239,315,0,217,1159,2,25,48,4,10,76,3616
4,1937,ESCOLA MUNICIPAL LINA MARIA MOREIRA,"RUA LUIZ RONALDO CANALLI, 3280",CAMPO COMPRIDO,-25.4617942,-49.3340344,44,0,2014,1665,77,95,0,48,381,1,4,14,3,6,23,1013
4,1945,UNIVERSIDADE POSITIVO,"RUA PROFESSOR PEDRO VIRIATO PARIGOT DE SOUZA, 5300",CIDADE INDUSTRIAL,-25.4463624,-49.3587731,75,0,6207,5129,194,200,0,161,758,3,20,31,0,20,74,3668
4,1953,ESCOLA MUNICIPAL PRESIDENTE TANCREDO DE ALMEIDA NEVES,"RUA DESEMBARGADOR CID CAMPELO, 7588",CIDADE INDUSTRIAL,-25.4844458,-49.3384813,75,0,1352,1124,65,75,0,20,248,2,1,8,0,0,13,692
4,1961,FACULDADE PADRE JOÃO BAGOZZI (PARTICULAR),"RUA CAETANO MARCHESINI, 952",PORTÃO,-25.4767386,-49.3024191,27,0,7014,5795,173,231,0,213,964,2,31,49,1,11,81,4039
4,1970,ESCOLA MUNICIPAL COLONIA AUGUSTA,"RUA STANISLAU FELIBRANTE, 80",AUGUSTA,-25.4785772,-49.359235,68,0,1011,838,46,48,0,17,194,1,5,3,0,1,4,519
4,1988,ESCOLA MUNICIPAL PADRE JOÃO CRUCIANI,"RUA JOSÉ GONÇALVES JUNIOR, 259",CAMPO COMPRIDO,-25.466621,-49.3272552,44,0,1184,997,37,65,0,35,222,2,5,6,1,2,26,596
4,1996,COLÉGIO EFETIVO (PARTICULAR),"RUA JOÃO ALENCAR GUIMARÃES, 2883",CAMPO COMPRIDO,-25.4614147,-49.3250429,44,0,1509,1222,44,70,0,49,219,1,5,6,0,3,19,806
4,2100,ESCOLA MUNICIPAL GRACILIANO RAMOS,RUA ALCIR MARTINS BASTOS 560,FAZENDINHA,-25.4871426,-49.3265397,42,0,3558,2895,125,178,0,86,566,0,11,14,1,4,38,1872
4,2119,REDE MARISTA DE SOLIDARIEDADE,"RUA RAUL POMPEIA, 188",CIDADE INDUSTRIAL,-25.477421,-49.3331403,75,0,1593,1277,59,95,0,28,246,3,6,8,0,3,13,816
4,2127,ESCOLA MUNICIPAL NOVA ESPERANCA,"RUA HENRIQUE MATTIOLI, 410",FAZENDINHA,-25.4836905,-49.3312954,42,0,2100,1733,72,144,0,45,317,2,7,16,0,1,13,1116
4,2135,CMEI SANTA AMÉLIA,"RUA FERNANDO DE SOUZA COSTA, 375",FAZENDINHA,-25.4857635,-49.3253689,42,0,1227,944,56,83,0,39,169,0,9,10,0,3,12,563
4,2143,PARÓQUIA SANTA AMÉLIA - PAVILHÃO PAROQUIAL,"AVENIDA ALCIR MARTINS BASTOS, 510",FAZENDINHA,-25.4866489,-49.3257172,42,0,1705,1377,64,90,0,40,262,1,4,11,1,4,8,892
4,2151,CEI - PROFESSOR ADRIANO GUSTAVO CARLOS ROBINE,"RUA VEREADOR ELIAS KARAM, 480",FAZENDINHA,-25.4803666,-49.3313832,42,0,2146,1733,87,114,0,38,349,0,9,11,0,2,17,1106
4,2160,COLEGIO ESTADUAL AVELINO ANTONIO VIEIRA,RUA JULIO MESQUITA 12,FAZENDINHA,-25.4868003,-49.3271029,42,0,5077,4097,192,272,0,98,718,3,5,22,1,8,38,2740
4,2178,CENTRO MUNICIPAL DE EDUCAÇÃO INFANTIL FAZENDINHA,"RUA ELOI MICHELETI, 09",FAZENDINHA,-25.4795952,-49.327815,42,0,371,261,12,16,0,4,72,0,2,1,0,1,6,147
4,2186,ESCOLA MUNICIPAL PADRE JOSE DE ANCHIETA,R DANIEL MIKOVSKI  191,FAZENDINHA,-25.4805751,-49.321605,42,0,2519,2114,86,144,0,58,391,1,5,15,1,7,28,1378
145,1503,ESCOLA MUNICIPAL PAULO ROGERIO GUIMARAES ESMANHOTO,RUA PEROLA DO OESTE 285,SITIO CERCADO,-25.5529209,-49.2752112,65,0,1440,1187,60,81,0,44,215,0,5,9,0,1,5,767
145,1511,ESCOLA MUNICIPAL BAIRRO NOVO - CAIC,"RUA WALDOMIRO BILESKI, 71",SITIO CERCADO,-25.542853,-49.2616204,65,0,5900,4707,245,353,0,131,871,7,9,22,0,9,41,3019
145,1520,COLEGIO ESTADUAL LA SALLE,RUA DILERMANDO PEREIRA DE ALMEIDA  120,PINHEIRINHO,-25.5322471,-49.2917691,66,0,7186,5727,323,386,0,146,1191,5,23,35,3,5,70,3540
145,1538,CEI FRANCISCO FRISCHMANN,RUA CID MARCONDES DE ALBUQUERQUE 2640,PINHEIRINHO,-25.5268642,-49.2692436,66,0,6328,4985,259,300,0,107,1048,6,11,24,2,7,53,3168
145,1546,ESCOLA MUNICIPAL MARINGA,RUA BRASILIO PERY MOREIRA    17,PINHEIRINHO,-25.5347082,-49.2965879,66,0,2598,2191,100,145,0,63,427,3,1,11,0,3,16,1422
145,1554,ESCOLA MUNICIPAL PROFESSORA JURANDYR BAGGIO MOCKELL,RUA BRIGADEIRO EDUARDO GOMES 270,PINHEIRINHO,-25.5195685,-49.286039,66,0,1941,1594,80,89,0,50,423,0,3,1,0,4,9,935
145,1562,ESCOLA MUNICIPAL PIRATINI,RUA JOAO MALTA DE ALBUQUERQUE MARANHAO 104     ,PINHEIRINHO,-25.5233215,-49.2871834,66,0,3718,3003,158,206,0,66,615,0,10,14,0,6,28,1900
145,1570,ESCOLA ESTADUAL PROFESSORA IZABEL LOPES SANTOS SOUZA,RUA ROSA TORTATO 400,PINHEIRINHO,-25.5315413,-49.2883132,66,0,2773,2301,113,166,0,51,473,2,5,17,1,1,11,1461
145,1589,COLEGIO ESTADUAL PROFESSOR JOAO LOYOLA,RUA MARIO GOMES CESAR   580,PINHEIRINHO,-25.5187688,-49.2995953,66,0,5095,4067,193,245,0,101,743,5,19,28,0,13,35,2685
145,1597,ESCOLA MUNICIPAL SAO MATEUS DO SUL,RUA ORESTES CODEGA 165,PINHEIRINHO,-25.5251334,-49.2978496,66,0,2238,1872,80,142,0,52,305,1,6,12,0,2,25,1247
145,1600,ESCOLA MUNICIPAL COLOMBO,"RUA IZAAC FERREIRA DA CRUZ, 2591",SITIO CERCADO,-25.5375491,-49.277844,65,0,3037,2495,118,149,0,57,565,3,4,15,1,2,28,1553
145,1619,ESCOLA ESTADUAL HASDRUBAL BELLEGARD,"RUA IZAAC FERREIRA DA CRUZ, 3009",SITIO CERCADO,-25.5365001,-49.2738479,65,0,5963,4648,259,302,0,105,1008,5,7,24,1,7,29,2901
145,1627,CEI PROFESSOR JOSE CAVALLIN,RUA CALIFORNIA 954,SITIO CERCADO,-25.5445088,-49.2760737,65,0,2610,2019,118,128,0,47,419,0,6,11,3,2,21,1264
145,1635,ESCOLA MUNICIPAL PROFESSOR PEDRO VIRIATO PARIGOT DE SOUZA,R PROF. DELMINDA SANTOS FERNANDES   80,SITIO CERCADO,-25.5291857,-49.2694545,65,0,4305,3507,167,243,0,88,706,2,12,20,1,5,24,2239
145,1643,ESCOLA MUNICIPAL PROFESSORA AUGUSTA GLUCK RIBAS,"RUA IZAAC FERREIRA DA CRUZ, 3560",SITIO CERCADO,-25.5348789,-49.2685903,65,0,3189,2564,116,158,0,81,545,0,3,12,0,1,26,1622
145,1651,ESCOLA MUNICIPAL RIO NEGRO,RUA CELESTE TORTATO GABARDO 1090,SITIO CERCADO,-25.5446357,-49.2835902,65,0,4344,3456,199,274,0,71,677,1,7,14,1,8,33,2171
145,1686,ESCOLA ESTADUAL PADRE CLAUDIO MORELLI,RUA LUIZ NICHELLE  08,UMBARA,-25.5688566,-49.2856729,73,0,5751,4821,254,283,0,126,718,1,13,15,2,7,41,3361
145,1694,ESCOLA ESTADUAL SAO SEBASTIAO,RUA NICOLA PELANDA    8065,UMBARA,-25.5924573,-49.276508,73,0,2323,1947,99,135,0,48,209,0,1,7,0,5,16,1427
145,1783,ESCOLA MUNICIPAL CEI CARLOS DRUMOND DE ANDRADE,RUA JANDAIA DO SUL 50,SITIO CERCADO,-25.5546761,-49.253201,65,0,3567,2896,165,250,0,66,672,1,7,13,1,4,14,1703
145,1791,ESCOLA MUNICIPAL PROFESSORA REJANE,RUA NOVA AURORA 1000 - VILA TECNOLOGICA,SITIO CERCADO,-25.5491428,-49.2707366,65,0,2970,2454,131,177,0,69,490,0,8,11,0,0,20,1548
145,1805,ESCOLA MUNICIPAL SADY SOUSA,"RUA CEL. VICTOR AGNER KENDRICK, 440",SITIO CERCADO,-25.5338354,-49.2616557,65,0,4441,3736,188,267,0,106,724,3,4,25,2,7,21,2389
145,1813,COLEGIO ESTADUAL BENEDICTO JOAO CORDEIRO,"RUA EURICO ZYTKIEVITZ, 143",SITIO CERCADO,-25.5416367,-49.2732583,65,0,7243,5783,323,405,0,147,1128,3,18,30,2,8,66,3653
145,1821,COLEGIO ESTADUAL LUIZ CARLOS PAULA E SOUZA,RUA ALBERTO SABIM 300,UMBARA,-25.5576492,-49.2804141,73,0,3973,3140,180,220,0,70,650,3,14,20,0,5,26,1952
145,1848,ESCOLA ESTADUAL PROFESSOR TEOBALDO LEONARDO KLETEMBERG,"RUA MARIO GASPARIN, 950",SITIO CERCADO,-25.543921,-49.2527113,65,0,4326,3504,250,230,0,94,715,4,6,20,0,2,28,2155
145,1864,ESCOLA MUNICIPAL CEI JOSE LAMARTINE CORREA DE OLIVEIRA LYRA,RUA CAROLINA DOS ANJOS 94,PINHEIRINHO,-25.5195641,-49.3060256,66,0,2284,1921,96,119,0,50,328,0,4,4,1,4,24,1291
145,1872,COLEGIO ESTADUAL PROFESSORA IARA BERGMANN,"R.REINALDO DE CARVALHO-BOLA, 101 - OSTERNACK",SITIO CERCADO,-25.5537272,-49.2468355,72,0,3409,2704,184,174,0,57,720,3,3,9,1,4,29,1520
145,1880,ESCOLA MUNICIPAL PROFESSORA MIRACY RODRIGUES DE ARAUJO,"RUA JOSE BASSA, 1175 - BAIRRO NOVO A",SITIO CERCADO,-25.5443705,-49.2569843,65,0,3545,2945,161,214,0,81,587,4,7,21,0,2,34,1834
145,1899,COLEGIO ESTADUAL PROFESSORA ETELVINA CORDEIRO RIBAS,"R.JOAQUIM DE OLIVEIRA CRUZ, 645 - VILA ANGELICA",PINHEIRINHO,-25.5274088,-49.2748708,66,0,2929,2368,126,166,0,67,533,2,6,11,0,7,34,1416
145,1910,ESCOLA MUNICIPAL MADRE TERESA DE CALCUTA,RUA DES. VATEL GONCALVES PEREIRA 60,SITIO CERCADO,-25.5371606,-49.2547186,65,0,2935,2471,116,171,0,60,460,1,6,14,0,1,19,1623
145,1929,ESCOLA MUNICIPAL VEREADORA LAIS PERETTI,"RUA IZABEL RAKSA VOLUZ, 271 - PIRINEUS",PINHEIRINHO,-25.5301372,-49.2825444,66,0,1258,1046,50,68,0,22,206,0,0,8,0,0,5,687
145,1937,ESCOLA MUNICIPAL PAULO FREIRE,"RUA OLIVIO DOMINGOS LEONARDI, 162 - BAIRRO NOVO B",SITIO CERCADO,-25.5468182,-49.2678822,65,0,3042,2527,131,186,0,86,542,2,7,9,1,3,21,1539
145,1945,ESCOLA NOSSA SENHORA DO SAGRADO CORACAO,RUA NICOLA PELLANDA 699,PINHEIRINHO,-25.5347404,-49.2955186,66,0,2249,1877,83,142,0,52,319,0,6,6,0,2,10,1257
145,2178,COLEGIO ESTADUAL FLAVIO FERREIRA DA LUZ,"JOAO CISLINSK, 51 -  BAIRRO NOVO B",SITIO CERCADO,-25.5450566,-49.2714817,65,0,4063,3194,230,180,0,65,600,1,7,20,0,2,32,2057
145,2186,COLEGIO ESTADUAL INEZ VICENTE BOROCZ,"RUA IGNEZ DE LOURDES GOMES DE MACEDO, 331 - BAIRRO NOVO C",SITIO CERCADO,-25.5378538,-49.2557731,65,0,3274,2643,172,155,0,64,508,3,7,12,0,4,30,1688
145,2194,ESCOLA ENERGIA ATIVA - PARTICULAR,RUA IZAAC FERREIRA DA CRUZ 1905,SITIO CERCADO,-25.5356877,-49.2831471,65,0,2823,2247,112,122,0,43,419,1,11,15,1,5,23,1495
145,2232,ESCOLA MUNICIPAL DONA LULU,RUA MILTON MIRAMIR VISINONI 45,SITIO CERCADO,-25.5401505,-49.2514302,65,0,2300,1870,119,126,0,61,408,0,3,8,0,3,12,1130
145,2240,COLÉGIO ESTADUAL PROFESSOR GUIDO ARZUA,"RUA MANDIRITUBA, 2100 - BAIRRO NOVO B",SITIO CERCADO,-25.5504333,-49.2688383,65,0,2834,2207,115,136,0,54,511,1,10,17,1,4,16,1342
145,2259,ESCOLA MUNICIPAL PROFESSORA NATHÁLIA DE CONTO COSTA,RUA EDUARDO PINTO DA ROCHA 6300,UMBARA,-25.5662152,-49.2792871,73,0,1344,1121,58,75,0,24,193,1,1,6,2,1,4,756
145,2267,ESCOLA MUNICIPAL HERACLITO FONTOURA SOBRAL PINTO,"RUA LUCIO DE OLIVEIRA LARA, 75 - VILA OSTERNACK",SITIO CERCADO,-25.5576684,-49.2570936,65,0,2037,1601,103,104,0,32,375,1,1,4,0,2,24,955
145,2283,COLÉGIO NOVO ÉDEN,"RUA MANDIRITUBA, 1327 - BAIRRO NOVO B",SITIO CERCADO,-25.5449858,-49.2725324,65,0,2427,1977,94,133,0,57,350,1,7,14,0,5,31,1285
145,2291,GRUPO EDUCACIONAL UNINTER - POLO SITIO CERCADO,"RUA URAÍ, 78",SITIO CERCADO,-25.5414692,-49.2806062,65,0,211,159,11,10,0,6,38,0,0,0,0,0,1,93
145,2305,ESCOLA MUNICIPAL PROFESSORA JURANDYR BAGGIO MOCKELL,"RUA BRIGADEIRO EDUARDO GOMES, 270",PINHEIRINHO,-25.5195685,-49.286039,66,0,792,646,18,28,0,22,117,0,1,6,1,2,9,442
145,2372,FACULDADE FACEAR - CAMPUS SÍTIO CERCADO,"RUA MERCÚRIO, 463",SITIO CERCADO,-25.5322306,-49.2666216,65,0,404,306,25,21,0,5,56,0,0,4,0,1,2,192
174,1015,ESCOLA ESTADUAL GOTTLIEB MUELLER,R BOM JESUS DE IGUAPE   3333,BOQUEIRAO,-25.4931765,-49.23855342,56,0,2162,1718,75,105,0,53,257,0,4,22,0,2,27,1173
174,1023,ESCOLA  MUNICIPAL LAPA,"R DIOGO MUGGIATTI, 1292",BOQUEIRAO,-25.51030383,-49.22836824,56,0,3046,2476,106,144,0,89,383,1,6,22,1,6,25,1693
174,1031,ESCOLA ESTADUAL PROFESSORA LUIZA ROSS,"R MAESTRO CARLOS FRANK, 616",BOQUEIRAO,-25.51516795,-49.22468714,56,0,4436,3542,206,218,0,68,642,2,15,28,3,4,30,2326
174,1040,ESCOLA MUNICIPAL DE EDUCAÇÃO ESPECIAL HELENA WLADIMIRNA ANTIPOFF,"RUA JOAQUIM CARDOSO DA SILVEIRA, 185",BOQUEIRAO,-25.50666229,-49.22110773,56,0,2766,2218,125,158,0,53,445,5,8,14,1,4,21,1384
174,1058,ESCOLA MUNICIPAL NOSSA SENHORA DO CARMO,"RUA CARLOS DE LAET, 4130",BOQUEIRAO,-25.49853799,-49.23509445,56,0,1540,1243,41,68,0,43,215,1,3,18,0,4,18,832
174,1066,COLEGIO PROFESSOR VICTOR DO AMARAL,RUA BOM JESUS DE IGUAPE 4065,BOQUEIRAO,-25.50012449,-49.23541702,56,0,4733,3662,189,238,0,97,558,1,14,26,3,3,32,2501
174,1074,ESCOLA MUNICIPAL WENCESLAU BRAZ,"RUA O BRASIL PARA CRISTO, 2090",BOQUEIRAO,-25.50244164,-49.22734221,56,0,2325,1896,96,131,0,56,330,1,6,13,1,4,15,1243
174,1082,COLÉGIO NOSSA SENHORA DA ASSUNCAO,"RUA DR. ALCIDES VIEIRA ARCOVERDE, 620",GUABIROTUBA,-25.46015929,-49.24060575,23,0,3196,2552,94,126,0,102,418,2,1,30,0,4,29,1746
174,1090,ESCOLA ESTADUAL PAULINA PACIFICO BORSARI,"RUA DR. JOAQUIM SILVEIRA DA MOTTA, 484",GUABIROTUBA,-25.46364051,-49.2378046,23,0,2125,1750,67,80,0,76,318,1,9,27,0,6,20,1146
174,1104,ESCOLA ESTADUAL  ISOLDA SCHMID,"R ANNE FRANK, 1553",HAUER,-25.48001889,-49.24633477,38,0,4489,3638,147,203,0,105,674,5,14,24,3,4,47,2412
174,1112,COLEGIO ESTADUAL PROFESSOR JOSE GUIMARAES,"R PRESIDENTE PADUA FLEURY, 418",HAUER,-25.47561361,-49.24799542,38,0,3181,2622,98,155,0,91,446,1,12,30,2,3,24,1760
174,1120,CEI ERICO VERISSIMO,"RUA CAMPINA DA LAGOA, 418",ALTO BOQUEIRAO,-25.53183902,-49.25529178,64,0,4539,3577,170,239,0,98,671,6,5,21,0,6,35,2326
174,1139,ESCOLA MUNICIPAL PROFESSOR FRANCISCO HUBERT,"RUA FRANCISCO DEROSSO, 5249",ALTO BOQUEIRAO,-25.5295587,-49.2461667,64,0,5849,4632,216,297,0,168,876,1,14,34,2,6,45,2973
174,1147,CEI MAESTRO BENTO MOSSURUNGA,"RUA CAPITAO ROBERTO LOPES QUINTAS, 198",ALTO BOQUEIRAO,-25.5373066,-49.2383558,64,0,1951,1576,113,108,0,36,333,2,4,8,3,5,21,943
174,1155,ESCOLA ESTADUAL LUCIA BASTOS,"RUA CAPITAO AMERICO WALGER, 12",ALTO BOQUEIRAO,-25.5357616,-49.2392688,64,0,4105,3237,160,254,0,83,700,0,6,27,3,8,30,1966
174,1163,COLEGIO ESTADUAL ROBERTO LANGER JUNIOR,"RUA ALBINO FREDERICO FOERSTER, 04",ALTO BOQUEIRAO,-25.5297172,-49.2410386,64,0,5647,4546,260,324,0,108,845,9,16,44,1,7,62,2870
174,1171,COLEGIO ERASTO GAERTNER,RUA PASTOR DAVID KOOP 189,BOQUEIRAO,-25.50825662,-49.2522369,56,0,4796,4030,98,174,0,117,557,2,21,30,3,5,51,2972
174,1180,ESCOLA ESTADUAL EUZEBIO DA MOTTA,"RUA CLARA TEDESCO,  2773",BOQUEIRAO,-25.50352479,-49.25317914,56,0,4562,3750,160,194,0,111,651,3,12,24,0,5,48,2542
174,1198,COLEGIO ADVENTISTA DO BOQUEIRAO,"RUA PROF CLETO DA SILVA, 2260",BOQUEIRAO,-25.48858184,-49.24568631,56,0,4450,3571,133,164,0,92,586,1,20,25,6,9,46,2489
174,1201,ESCOLA MUNICIPAL LEONOR CASTELLANO,"RUA MAESTRO CARLOS FRANK, 2114",BOQUEIRAO,-25.52077021,-49.23829486,56,0,3969,3279,112,197,0,107,577,1,9,34,1,5,50,2186
174,1210,ESCOLA MUNICIPAL NIVALDO BRAGA,"RUA PROF JOAO SOARES BARCELOS,  3400",BOQUEIRAO,-25.50255976,-49.24400182,56,0,3345,2827,82,121,0,87,468,2,10,31,2,2,35,1987
174,1228,ESCOLA ESTADUAL POLIVALENTE DE CURITIBA,RUA SALVADOR DE FERRANTE  1664,BOQUEIRAO,-25.49837793,-49.24227928,56,0,3427,2810,114,147,0,88,486,2,6,22,0,10,37,1898
174,1236,ESCOLA MUNICIPAL ROLANDIA,RUA DESEMBARGADOR ANTONIO DE PAULA 3451,BOQUEIRAO,-25.51723371,-49.24944531,56,0,3881,3186,98,175,0,112,541,1,14,22,0,5,39,2179
174,1244,CEI PROFESSORA TEREZA MATSUMOTO,"RUA CHANCELER OSWALDO ARANHA, 965",HAUER,-25.49197,-49.26165168,56,0,2500,2088,91,122,0,65,344,0,8,15,0,3,21,1419
174,1252,CEEP CENTRO ESTADUAL DE EDUCAÇÃO PROFISSIONAL DE CURITIBA,R FREDERICO MAURER  3015,BOQUEIRAO,-25.49531434,-49.24259471,56,0,3086,2509,104,129,0,100,520,4,27,20,0,0,46,1559
174,1260,ESCOLA MUNICIPAL PROF CARMEN SALOMAO TEIXEIRA,RUA PEDRINA ACCORDES COSTA  200,GANCHINHO,-25.57234339,-49.25933741,72,0,1582,1139,71,81,0,28,206,2,1,5,0,1,7,737
174,1279,ESCOLA SEBASTIAO PARANA,"RUA MAJOR FABRICIANO REGO BARROS, 1152",HAUER,-25.47596049,-49.25611279,38,0,1472,1248,32,63,0,52,190,0,2,7,0,2,15,885
174,1287,COLEGIO ESTADUAL SEGISMUNDO FALARZ,"RUA ISAIAS REGIS DE MIRANDA, 848",HAUER,-25.48042572,-49.253726,38,0,3703,2979,116,165,0,96,507,0,6,32,2,4,46,2005
174,1295,ESCOLA MUNICIPAL PROFESSOR GUILHERME BUTLER,RUA IRMA FLAVIA BORLET 1189,HAUER,-25.48975805,-49.25758744,56,0,1512,1284,49,78,0,38,188,1,5,8,0,4,27,886
174,1309,ESCOLA ESTADUAL MILTON CARNEIRO,"RUA NELSO JOSÉ LAUTHART, 301",ALTO BOQUEIRAO,-25.5370888,-49.2384749,64,0,4610,3629,249,290,0,84,697,1,13,23,1,3,29,2239
174,1317,CEI PROFESSORA MARIA AUGUSTA JOUVE,"RUA PASTOR ANTONIO POLITO, 1145",ALTO BOQUEIRAO,-25.52430893,-49.23358273,64,0,4175,3281,170,220,0,101,726,1,6,26,0,4,49,1978
174,1333,COLEGIO ESTADUAL SANTO AGOSTINHO,"RUA CASCAVEL, 1610",BOQUEIRAO,-25.51474133,-49.2465292,56,0,4415,3608,151,201,0,140,653,2,23,21,0,5,36,2376
174,1341,COLÉGIO NOSSA SENHORA DA ASSUNCAO,"RUA DR. ALCIDES VIEIRA ARCOVERDE, 620",GUABIROTUBA,-25.46015929,-49.24060575,23,0,3414,2905,89,114,0,124,462,2,13,11,0,6,44,2040
174,1350,CRECHE MUNICIPAL ARAUCARIA,"RUA ROBERTO BARBOSA DE ALMEIDA, 225",ALTO BOQUEIRAO,-25.52755062,-49.25362448,64,0,1222,1050,40,64,0,33,173,1,2,12,0,5,4,716
174,1368,CENTRO DE EDUCACAO INFANTIL COLMEIAS,"RUA JULIO CESAR RIBEIRO DE SOUZA, 1332",HAUER,-25.4820632,-49.2536578,38,0,1764,1443,47,83,0,61,244,3,8,13,0,9,17,958
174,1724,SESI BOQUEIRÃO,"RUA DR. HELENO DA SILVEIRA, 351",BOQUEIRAO,-25.51469634,-49.23439517,56,0,3281,2665,101,147,0,86,430,1,17,17,0,7,41,1818
174,1732,COLÉGIO ADVENTISTA DO ALTO BOQUEIRÃO,"RUA BOM PASTOR, 606",ALTO BOQUEIRAO,-25.52375675,-49.24923793,64,0,3266,2667,116,137,0,89,481,4,9,19,1,9,43,1759
174,1740,ESCOLA MUNICIPAL PROFESSORA SOPHIA GAERTNER ROSLINDO - EF,"RUA EXPEDICIONÁRIO ESTANISLAU WOJCIK, 82",ALTO BOQUEIRAO,-25.5358722,-49.2433624,64,0,1420,1185,62,80,0,37,224,3,4,9,0,3,10,753
174,1830,UFPR - CENTRO POLITÉCNICO,"RUA EVARISTO F.F. DA COSTA, 346",JARDIM DAS AMERICAS,-25.45349187,-49.23292589,22,0,9035,7502,248,308,0,267,1402,8,37,41,4,16,141,5030
174,1848,ESCOLA ESTADUAL PROFESSOR JÚLIO MESQUITA,"TRAVESSA MARIA TEODORA PAULA COSTA, N. 49",JARDIM DAS AMERICAS,-25.45624383,-49.22867117,22,0,5679,4626,115,239,0,156,806,0,20,28,1,6,73,3182
174,1864,HOSPITAL ERASTO GAERTNER,"RUA DR. OVANDE DO AMARAL, 201",JARDIM DAS AMERICAS,-25.45310137,-49.24001625,22,0,68,63,6,5,0,5,6,0,0,1,0,0,1,39
175,1015,ESCOLA MUNICIPAL PRO-MORAR BARIGUI-I,"RUA ARTHUR MARTINS FRANCO, 1803 - VILA BARIGUI - CIC",CIDADE INDUSTRIAL,-25.49525829,-49.33547548,75,0,3432,2752,133,233,0,50,714,1,6,15,0,7,21,1572
175,1023,ESCOLA MUNICIPAL MANSUR GUERIOS,"RUA ESTRADA VELHA DO BARIGUI, 3200 - MORADIAS SABARA -  VILA CONQUISTA",CIDADE INDUSTRIAL,-25.50149543,-49.34851175,75,0,4282,3410,206,253,0,73,905,0,10,7,2,5,20,1929
175,1031,ESCOLA MUNICIPAL ALBERT SCHWEITZER,RUA DECIO BARRETO 153-VILA NSA SRA DA LUZ,CIDADE INDUSTRIAL,-25.50373678,-49.32360338,75,0,4083,3366,183,252,0,92,829,4,7,3,2,4,23,1967
175,1040,COLÉGIO ESTADUAL PROFESSOR ALCYONE MORAES DE CASTRO VELLOZO,R GOV CARLOS LACERDA- S/N CJ OSWALDO CRUZ II CIC -SUL,CIDADE INDUSTRIAL,-25.51291359,-49.3244871,75,0,4214,3373,176,214,0,87,834,1,5,11,1,3,25,2016
175,1058,COLÉGIO ESTADUAL PROFESSOR BRASILIO VICENTE DE CASTRO,R STA ANGELA FOLIGNO 45 -CJ OSWALDO CRUZ I CIC-SUL,CIDADE INDUSTRIAL,-25.51157732,-49.32010007,75,0,4764,3904,188,223,0,113,751,1,16,24,0,1,53,2534
175,1066,COLÉGIO ESTADUAL PROFESSORA DIRCE CELESTINO DO AMARAL,R PEDRO GUSSO 2020- CJ OSWALDO CRUZ I   CIC -SUL,CIDADE INDUSTRIAL,-25.5064019,-49.32051384,75,0,3281,2633,115,159,0,70,543,0,11,9,0,7,17,1702
175,1074,ESCOLA MUNICIPAL DOM BOSCO,R NSA SRA DA CABECA 1181-CJ VISC MAUA/CJ RONDONCIC                1181,CIDADE INDUSTRIAL,-25.495794450000002,-49.31554344,75,0,1891,1595,87,87,0,35,294,0,8,11,2,2,11,1058
175,1082,COLÉGIO ESTADUAL IVO LEAO,R NSA SRA DA CABECA 1183 -CJ VISC MAUA/CJ RONDON CIC SUL,CIDADE INDUSTRIAL,-25.49587022,-49.31673689,75,0,5558,4499,213,276,0,124,893,5,16,30,3,5,57,2877
175,1090,ESCOLA MUNICIPAL JOAQUIM TAVORA,R ANGELINA T CAVALIM 90 -CJ OSWALDO CRUZ II CIC  SUL,CIDADE INDUSTRIAL,-25.5153144,-49.32646772,75,0,3614,2970,156,192,0,48,845,0,8,3,1,6,11,1700
175,1104,ESCOLA MUNICIPAL CEI MONTEIRO LOBATO,R GUILHERME FUGMANN- 501 VL N SRA DA LUZ  DOS PINHAIS,CIDADE INDUSTRIAL,-25.50136033,-49.32031923,75,0,2536,1983,106,145,0,39,438,2,9,13,0,4,18,1209
175,1112,ESCOLA MUNICIPAL NOSSA SENHORA DA LUZ DOS PINHAIS,RUA DAVI XAVIER DA SILVA   841   VL N. S. DA LUZ DOS PINHAIS CIC SUL,CIDADE INDUSTRIAL,-25.50813613,-49.32545629,75,0,2483,1966,101,131,0,46,485,1,4,10,2,1,12,1173
175,1198,ESCOLA MUNICIPAL PROFESSORA JOANA RAKSA,"RUA FRANCISCA BERALDE PAOLINI, 99 - CAXIMBA",CAXIMBA,-25.61890847,-49.34854978,70,0,2680,2067,156,145,0,28,455,0,3,2,0,4,14,1260
175,1201,ESCOLA ESTADUAL GUILHERME PEREIRA NETO,"RUA DELEGADO BRUNO DE ALMEIDA, 4386 - CAMPO DE SANTANA",CAMPO DE SANTANA,-25.59478532,-49.3223243,71,0,2762,2142,134,157,0,49,418,4,4,5,1,1,8,1361
175,1210,ESCOLA MUNICIPAL CEI PROFESSOR ANTONIO PIETRUZA,"RUA JOAO AMADEU PEDRO BOM, 135 -VILA PALMEIRA",TATUQUARA,-25.55090549,-49.29463016,74,0,3297,2673,185,197,0,44,513,2,4,9,0,2,12,1705
175,1236,ESCOLA MUNICIPAL PROFESSORA AMERICA DA COSTA SABOIA,"RUA EMILIO ROMANI, 2480 - VILA VERDE - CIC SUL",CIDADE INDUSTRIAL,-25.53143504,-49.33495486,75,0,3663,2881,215,221,0,39,805,2,5,7,0,1,12,1574
175,1244,ESCOLA MUNICIPAL DONA POMPILIA,"RUA JOVENILSON AMERICO DE OLIVEIRA, 240 - JARDIM DA ORDEM - TATUQUARA",TATUQUARA,-25.55962911,-49.33205558,74,0,4384,3496,221,268,0,80,877,1,11,7,5,4,19,2003
175,1260,ESCOLA MUNICIPAL PROFESSOR DARIO PERSIANO DE CASTRO VELLOZO,"RUA DESEMBARGADOR CID CAMPELLO, 4630  CIC SUL",CIDADE INDUSTRIAL,-25.50955845,-49.33538075,75,0,3620,2811,206,195,0,51,680,4,3,6,3,5,24,1634
175,1279,COLEGIO ESTADUAL RODOLFO ZANINELLI,"RUA ANTÔNIA MOLINA BELLA, 610 - VILA VERDE - CIC",CIDADE INDUSTRIAL,-25.52727004,-49.33429867,75,0,5051,4039,308,282,0,64,1069,4,9,8,2,5,26,2262
175,1287,COLÉGIO ESTADUAL ARLINDO CARVALHO DE AMORIM,"RUA DESEMBARGADOR CID CAMPELLO,  6301 - CIC SUL",CIDADE INDUSTRIAL,-25.4956962,-49.338116,75,0,5011,3935,289,305,0,51,893,2,10,5,0,10,28,2342
175,1295,ESCOLA MUNICIPAL SANTA ANA MESTRA,"RUA JOAO PEREIRA TRINDADE, 265 - MORADIAS JAMAICA",CAMPO DE SANTANA,-25.58484725,-49.32354513,71,0,4389,3517,272,259,0,58,681,3,6,10,0,5,24,2199
175,1309,ESCOLA MUNICIPAL PROFESSOR DARCY RIBEIRO,"RUA  ENETTE DUBARD, N. 90 - MORADIAS SANTA RITA",TATUQUARA,-25.56018214,-49.33897268,74,0,4945,3955,231,280,0,74,916,4,11,3,1,6,29,2400
175,1430,ESCOLA MUNICIPAL MARGARIDA ORSO DALLAGASSA,"RUA SARGENTO FRANCISCO DA SILVA COTRIM, 100 - VILA POMPEIA - TATUQUARA",TATUQUARA,-25.55955781,-49.31556282,74,0,5189,4037,288,310,0,69,829,1,4,15,1,7,37,2476
175,1449,ESCOLA MUNICIPAL DO CAIC CANDIDO PORTINARI,R.ANTONIO GEROSLAU FERREIRA S/N - CJ.DIADEMA II - CIC-SUL,CIDADE INDUSTRIAL,-25.49611007,-49.34983475,75,0,4992,4018,221,300,0,73,914,5,12,13,0,6,30,2444
175,1457,ESCOLA MUNICIPAL PROFESSOR OSVALDO ARNS,R. ODIR GOMES DA ROCHA 546 - VILA EVANGELICA,TATUQUARA,-25.57269649,-49.33718956,74,0,3658,2913,193,212,0,49,706,3,10,11,0,3,19,1707
175,1481,ESCOLA MUNICIPAL NEWTON BORGES DOS REIS,"RUA ADRIANA CERES ZAGO BUENO, 1350 - MORADIAS SANTA RITA - TATUQUARA",TATUQUARA,-25.56579195,-49.33407192,74,0,3850,3113,233,240,0,79,657,4,5,17,1,9,19,1849
175,1490,COLÉGIO ESTADUAL DESEMBARGADOR GUILHERME DE ALBUQUERQUE MARANHAO,"RUA JOSE ANGELO MARTINS, 101 - MORADIAS DA ORDEM",TATUQUARA,-25.55793089,-49.33251017,74,0,3762,2878,235,197,0,46,644,3,10,8,1,5,22,1707
175,1503,COLEGIO ESTADUAL MORADIAS MONTEIRO LOBATO,RUA OLIVIO JOSE ROSSETI 430,TATUQUARA,-25.57348627,-49.33478104,74,0,5564,4143,272,292,0,77,973,6,8,16,4,8,29,2458
175,1511,COLEGIO ESTADUAL EURIDES BRANDAO,"RUA JAIR COELHO, 260 - DIADEMA II",CIDADE INDUSTRIAL,-25.49405839,-49.34913903,75,0,5208,4107,274,287,0,105,777,1,11,23,2,6,48,2573
175,1520,ESCOLA MUNICIPAL ALVARO BORGES,"RUA OSVALDO BAGGIO, N. 290 - CONJ. VITÓRIA RÉGIA",CIDADE INDUSTRIAL,-25.54527513,-49.33960707,75,0,3715,3172,156,214,0,67,600,3,4,10,5,3,23,2087
175,1538,CMEI ITACOLOMI SABARA,"RUA ANTÔNIO PASTRE, 70 - CIC",CIDADE INDUSTRIAL,-25.49915801,-49.34445863,75,0,1217,890,54,67,0,15,213,0,4,1,0,0,6,530
175,1546,COLÉGIO ESTADUAL NIRLEI MEDEIROS,"RUA ANTÔNIO BERTOLDI, 409 - MORADIAS RIO BONITO - CAMPO DE SANTANA",CAMPO DE SANTANA,-25.58628678,-49.33765044,71,0,3959,3204,192,253,0,58,676,5,1,11,1,5,30,1972
175,1554,ESCOLA MUNICIPAL PROFESSORA ERICA PLEWKA MLYNARCZYK,RUA JAIME JOSE VOJCIECHOVSKI 162,TATUQUARA,-25.56041072,-49.3132138,74,0,1267,1032,70,78,0,24,177,0,2,6,1,1,5,668
175,1562,ESCOLA MUNICIPAL JOÃO AMAZONAS,"RUA PALMYRA CRIVELLARO BERTOLDE, N. 813",CAMPO DE SANTANA,-25.59061282,-49.3412905,71,0,2505,2042,170,156,0,36,462,5,2,5,0,8,12,1186
175,1570,ESCOLA MUNICIPAL RIO BONITO,"RUA LUCAS CARVALHO, N. 1486",CAMPO DE SANTANA,-25.59047948,-49.33578045,71,0,2746,2178,156,167,0,36,454,2,7,3,0,7,14,1332
175,1589,ESCOLA MUNICIPAL GOVERNADOR LEONEL DE MOURA BRIZOLA,"RUA ANTONIO ZANON, N. 1371",TATUQUARA,-25.56592368,-49.3259738,74,0,1274,985,86,57,0,11,255,0,1,2,1,1,10,561
175,1597,COLÉGIO ESTADUAL PROFESSORA MARLI QUEIROZ AZEVEDO,"RUA CYRO CORREIA PEREIRA, N. 3506 - VITÓRIA RÉGIA",CIDADE INDUSTRIAL,-25.5438602,-49.33780893,75,0,2696,2147,156,115,0,40,482,3,9,7,3,3,42,1287
175,1600,ESCOLA MUNICIPAL HELENA KOLODY,"RUA HUMBERTO BERTOLDI, N. 281 - RIO BONITO",CAMPO DE SANTANA,-25.58545643,-49.33707829,71,0,2103,1606,147,126,0,30,332,2,3,8,0,4,20,934
175,1619,COLÉGIO ESTADUAL TATUQUARA - EFM,"ESTRADA DELEGADO BRUNO DE ALMEIDA, N. 3339",CAMPO DE SANTANA,-25.58761857,-49.3181614,71,0,1574,1122,91,81,0,28,230,2,1,5,0,4,17,663
175,1724,ESCOLA MUNICIPAL PROFESSORA MARIA IENKOT ZEGLIN,"RUA PRESIDENTE JOÃO GOULART, N 1605",TATUQUARA,-25.57734431,-49.33207279,74,0,620,488,31,34,0,9,130,0,4,0,0,0,7,273
175,1732,ESCOLA MUNICIPAL DOUTOR HAMILTON CALDERARI LEAL,"RUA VICTOR GRYCAJUCK, 121",SAO MIGUEL,-25.50742647,-49.35454726,67,0,102,74,9,5,0,1,27,0,1,1,0,0,2,28
176,1120,COLEGIO ESTADUAL JOAO DE OLIVEIRA FRANCO,RUA PADRE MANUEL DA NOBREGA 1489,FANNY,-25.48852324,-49.27716062,39,0,3112,2581,102,135,0,60,411,2,9,12,1,3,31,1815
176,1139,COLEGIO ESTADUAL JOSE BUSNARDO,RUA MAJOR VICENTE DE CASTRO  1.154,FANNY,-25.47968835,-49.26656426,39,0,2515,2053,82,110,0,59,310,0,8,28,0,2,40,1414
176,1147,ESCOLA MUNICIPAL ELEVIR DIONISIO,RUA CAP JOSE MARIA SOBRINHO 1336,FANNY,-25.48370044,-49.27300234,39,0,2152,1797,66,110,0,46,310,1,9,14,2,3,22,1214
176,1155,COLEGIO ESTADUAL NEWTON FERREIRA DA COSTA,RUA AMERICO VESPUCIO   745,LINDOIA,-25.48181571,-49.27665712,40,0,3989,3263,135,181,0,81,588,2,16,32,1,4,41,2182
176,1163,COLEGIO ESTADUAL DOM ATTICO EUZEBIO DA ROCHA,AVENIDA PRESIDENTE WENCESLAU BRAZ   2779,GUAIRA,-25.47717084,-49.28163385,40,0,3551,2889,107,175,0,83,528,0,4,18,0,6,32,1936
176,1180,CEEBJA - CIC (COLEGIO FRANCISCO AZEVEDO MACEDO),"TRAVESSA AUGUSTO MARACH, 224",NOVO MUNDO,-25.48874874,-49.29290674,41,0,3621,2910,108,164,0,96,520,0,8,23,0,5,38,1948
176,1198,ESCOLA MUNICIPAL ARAPONGAS,RUA JOSE CASEMIRO STENZOWSKI  153,NOVO MUNDO,-25.48336828,-49.28706635,41,0,2144,1773,54,112,0,56,360,0,4,9,2,3,27,1146
176,1201,ESCOLA MUNICIPAL DR. OSWALDO CRUZ,RUA JOSE ALCIDES LIMA  126,NOVO MUNDO,-25.48746403,-49.30680168,41,0,2404,1997,113,126,0,59,445,0,6,12,2,3,21,1210
176,1210,COLEGIO ESTADUAL YVONE PIMENTEL,"RUA SEBASTIAO MALUCELLI, 1.312",NOVO MUNDO,-25.49599761,-49.29986607,41,0,3754,3047,154,153,0,100,606,2,20,32,2,5,46,1927
176,1228,COLEGIO ESTADUAL JOAO BETTEGA,"RUA DALILA ROLIM VARGAS,   1.020",NOVO MUNDO,-25.48606225,-49.30423734,41,0,3796,3086,171,219,0,78,773,1,4,30,1,3,37,1769
176,1236,ESCOLA MUNICIPAL MADRE MARIA DOS ANJOS,RUA SANTA MARIA  540,NOVO MUNDO,-25.48932411,-49.28050952,41,0,2313,1939,71,109,0,52,306,1,9,17,1,3,21,1349
176,1244,ESCOLA MUNICIPAL MARIA CLARA BRANDAO TESSEROLI,"RUA JOAO RIBEIRO LEMOS,  361",NOVO MUNDO,-25.48796354,-49.287917,41,0,4115,3428,146,205,0,98,654,1,13,21,2,7,50,2231
176,1252,ESCOLA MUNICIPAL PROFESSORA NAIR DE MACEDO,RUA FIORAVANTE SLAVIERO  750,NOVO MUNDO,-25.4905905,-49.31009731,41,0,3316,2771,141,156,0,74,562,1,1,12,1,7,21,1795
176,1295,CEI BELMIRO CESAR - ESCOLA MUNICIPAL,"RUA PADRE MANUEL DA NOBREGA,  327",FANNY,-25.47979377,-49.27079256,39,0,2145,1759,75,100,0,64,331,4,15,6,1,4,29,1130
176,1317,ESCOLA GRACE - PARTICULAR (ANTIGA FACULDADE SANTA CRUZ - CAMPUS BONAT),"RUA PEDRO BONAT, 103",NOVO MUNDO,-25.49456224,-49.29272103,41,0,4334,3551,131,175,0,123,655,3,16,25,0,6,49,2368
176,1333,FACULDADE SANTA CRUZ - CAMPUS SEDE,"RUA AFFIF MANSUR, 565",NOVO MUNDO,-25.4956438,-49.3032937,41,0,3608,3079,123,163,0,86,545,0,10,24,0,8,38,2082
176,1341,CMEI VILA LEÃO,"RUA PRIMO LOURENÇO TOSIN, 21",NOVO MUNDO,-25.48510498,-49.30237197,41,0,1427,1075,80,52,0,34,231,0,4,5,0,2,9,658
176,1457,CEC KIDS (ANTIGA FACULDADE MACHADO DE ASSIS),"RUA PROF WALDIR DE JESUS,  99",CAPAO RASO,-25.50609303,-49.29703408,58,0,2508,2111,80,126,0,66,388,2,9,11,2,4,37,1386
176,1465,COLEGIO STELLA MARIS - PARTICULAR - (ANTIGA ESCOLA DOMINIUS),"RUA PROFESSOR NARCISO MENDES, 484",XAXIM,-25.50375222,-49.26969019,57,0,2237,1883,70,91,0,44,246,0,10,17,0,5,29,1371
176,1473,COLEGIO SENHORA DE FATIMA - PARTICULAR,"RUA GABRIEL FRECCEIRO DE MIRANDA, 1.118",XAXIM,-25.50682207,-49.273851,57,0,4490,3724,132,166,0,98,592,1,21,27,1,7,47,2632
176,1481,COLEGIO ESTADUAL JAYME CANET,"RUA ANA APARECIDA LOPOS CANET, 133",XAXIM,-25.49982593,-49.26591609,57,0,6555,5362,161,343,0,157,874,4,18,45,1,9,55,3695
176,1490,COLEGIO ESTADUAL JOAO PAULO II,"RUA JOAO BARBOSA DE ALMEIDA, 545",XAXIM,-25.51624423,-49.26984176,57,0,4117,3295,152,195,0,60,634,0,16,17,3,7,32,2179
176,1503,ESCOLA MUNICIPAL - CEI DAVID CARNEIRO,"R. JOAO BATISTA ZAGONEL PASSOS, 1161",XAXIM,-25.52296634,-49.26669479,57,0,3984,3258,149,219,0,69,615,6,14,17,2,5,38,2124
176,1511,ESCOLA DE ENSINO FUNDAMENTAL FRANCISCO DEROSSO,"RUA FRANCISCO DEROSSO, 905",XAXIM,-25.49858002,-49.26741347,57,0,2618,2194,68,107,0,63,371,1,3,16,1,2,27,1535
176,1520,ESCOLA MUNICIPAL UMUARAMA,"RUA FREI TEOFILO,  730  - VILA FELIZ",CAPAO RASO,-25.50237081,-49.30343979,58,0,2556,2072,103,124,0,54,372,3,5,11,0,2,31,1367
176,1538,ESCOLA MUNICIPAL IVAIPORA,"RUA VEREADOR ADEODATO VOLPI,   550 - VILA ARAÇA",CAPAO RASO,-25.49607531,-49.2905843,58,0,1937,1619,57,74,0,41,282,2,3,13,1,4,17,1125
176,1546,ESCOLA MUNICIPAL PROFESSOR LEONEL MORO,"R.JOSE OSIRES BAGLIOLI, 408",XAXIM,-25.51766883,-49.27677172,66,0,2179,1815,98,111,0,37,295,1,7,7,0,2,14,1243
176,1562,ESCOLA MUNICIPAL CASTRO,"RUA AYRTON PIZZATTO GUSI, 240",XAXIM,-25.52489568,-49.25626537,57,0,2248,1863,79,122,0,51,354,4,4,14,0,4,25,1206
176,1570,COLÉGIO SOCIAL MADRE CLELIA - PARTICULAR,"RUA WALDIR DE JESUS,  90",CAPAO RASO,-25.50567939,-49.29682311,58,0,5793,4846,177,234,0,120,896,5,37,33,3,7,69,3265
176,1589,COLEGIO ESTADUAL NOSSA SENHORA APARECIDA,"RUA JOSE OSIRES BAGLIOLI, 430",XAXIM,-25.51676499,-49.27679417,57,0,2140,1681,77,106,0,42,315,2,7,12,1,2,15,1102
176,1597,ESCOLA MUNICIPAL PARANAVAI,"RUA PEDRO SIEMENS, 691",XAXIM,-25.5125707,-49.26738444,57,0,3994,3238,126,194,0,78,518,2,11,21,2,3,35,2248
176,1600,COLEGIO ESTADUAL HOMERO BAPTISTA DE BARROS,"RUA FERNANDES VIEIRA, 17",CAPAO RASO,-25.49640942,-49.28115187,58,0,3937,3211,121,167,0,81,551,4,12,14,1,8,38,2214
176,1619,ESCOLA MUNICIPAL - CEI JORNALISTA CLAUDIO ABRAMO,"RUA OURO VERDE, 655",CAPAO RASO,-25.50772735,-49.30164616,58,0,3598,2961,141,194,0,91,561,0,6,13,0,11,32,1912
176,1627,COLEGIO ESTADUAL JOAO MAZZAROTTO,R SANTA REGINA  664,CAPAO RASO,-25.50223933,-49.28947764,58,0,4366,3565,173,235,0,80,651,2,10,34,3,4,32,2341
176,1635,COLÉGIO ESTADUAL EMILIO DE MENEZES,"RUA JOSE ZALESKI,  450",CAPAO RASO,-25.5014171,-49.30137023,58,0,4957,4048,205,252,0,110,695,4,9,21,0,8,49,2695
176,1643,FACULDADES BAGOZZI - UNIDADE XAXIM,"RUA PROFESSOR NARCISO MENDES, 484 - (ATUAL ESCOLA STELLA MARIS)",XAXIM,-25.503937,-49.269562,57,0,1911,1553,66,67,0,49,218,0,6,12,0,3,19,1113
176,1651,COLEGIO ESTADUAL SAO PEDRO APOSTOLO,"RUA PRIMEIRO DE MAIO, 1160",XAXIM,-25.51533999,-49.27630541,57,0,6765,5373,254,388,0,111,984,1,9,31,0,8,41,3546
176,1660,COLEGIO ESTADUAL PROFESSOR NARCISO MENDES,"RUA NARCISO MENDES, 283",XAXIM,-25.50348731,-49.27197362,57,0,4104,3411,135,201,0,91,504,1,10,24,0,4,38,2403
176,1678,ESCOLA MUNICIPAL JARDIM EUROPA,"RUA HERMENEGILDO BONAT,  26",XAXIM,-25.50544158,-49.279486,57,0,2491,2150,95,128,0,44,324,1,7,18,1,4,19,1509
177,1260,UTFPR - UNIVERSIDADE TECNOLÓGICA DO PARANA,"AVENIDA SETE DE SETEMBRO, 3165 -",REBOUÇAS,-25.4386589,-49.2686415,8,0,4167,3221,142,158,0,114,920,3,40,23,4,10,97,1710
177,1279,ESCOLA ESTADUAL LAMENHA LINS,RUA LAMENHA LINS  2185,REBOUÇAS,-25.45468558,-49.26812439,8,0,2067,1663,77,92,0,54,360,2,7,21,1,5,30,1014
177,1287,OPET - ORGANIZACAO PARANAENSE DE ENSINO TECNICO,"AVENIDA GETULIO VARGAS, 902",REBOUÇAS,-25.44338439,-49.26907979,8,0,2795,2263,71,108,0,89,436,1,9,13,0,8,39,1489
177,1309,ESCOLA ESTADUAL GUAIRA,RUA LAMENHA LINS 1962,REBOUÇAS,-25.45312038,-49.26944167,8,0,1608,1288,51,71,0,46,287,2,2,10,2,3,19,795
177,1317,UNICURITIBA (CENTRO UNIVERSITÁRIO CURITIBA),"RUA CHILE, 1678",REBOUÇAS,-25.45041763,-49.26517144,8,0,3698,2902,91,129,0,103,556,4,22,37,2,4,59,1895
177,1333,ESCOLA MUNICIPAL DESEMBARGADOR MARCAL JUSTEN,RUA SANTA CATARINA  710,ÁGUA VERDE,-25.46327505,-49.28299252,9,0,3528,2925,73,138,0,95,590,0,11,18,1,3,47,1949
177,1341,COLÉGIO STELLA MARIS (AGUA VERDE),"RUA PARÁ, 186",ÁGUA VERDE,-25.46248566,-49.27846939,9,0,1816,1514,51,67,0,61,270,0,5,7,1,3,32,1017
177,1350,ESCOLA ESTADUAL PROFESSOR LYSIMACO FERREIRA DA COSTA,AVENIDA IGUACU    3012,ÁGUA VERDE,-25.44967343,-49.29047436,9,0,5219,4290,126,163,0,163,660,1,14,23,1,10,66,3063
177,1368,COLEGIO SAGRADO CORACAO DE JESUS,AVENIDA IGUACU  1550,ÁGUA VERDE,-25.44473452,-49.27669345,9,0,6603,5304,159,195,0,218,861,3,19,36,2,14,77,3720
177,1384,ESCOLA ESTADUAL BARAO DO RIO BRANCO,RUA BRIGADEIRO FRANCO   2532,ÁGUA VERDE,-25.44247767,-49.27634705,9,0,2479,1975,88,76,0,61,379,1,12,13,0,4,40,1301
177,1406,ESCOLA ESTADUAL JOAO TURIN,RUA ALMIRANTE GONCALVES  2800,ÁGUA VERDE,-25.45234795,-49.27892789,9,0,3334,2755,96,138,0,110,529,1,9,29,0,3,42,1798
177,1430,COLÉGIO POSITIVO (ÁGUA VERDE),"RUA PEDRO MENA BARRETO MONCLARO, 411",ÁGUA VERDE,-25.44987525,-49.27470485,9,0,3294,2765,74,119,0,122,424,0,17,15,0,4,49,1941
177,1554,FACULDADE CURITIBANA (SPEI - AGUA VERDE),"AV. REPUBLICA ARGENTINA, 1285",ÁGUA VERDE,-25.45776939,-49.28864442,9,0,4338,3548,124,135,0,137,618,3,15,21,1,12,57,2425
177,1686,CLUBE CURITIBANO (SEDE ADMINISTRATIVA),"RUA PETIT CARNEIRO, 970",ÁGUA VERDE,-25.4505693,-49.28640043,9,0,9195,7399,230,290,0,263,1354,2,49,36,4,17,156,4998
177,1740,ESCOLA MUNICIPAL MIGUEL KRUG,"RUA MORRETES, 1115",GUAIRA,-25.47480497,-49.286212570000004,27,0,1549,1307,38,66,0,41,243,0,4,10,0,2,23,880
177,1759,COLÉGIO ESTADUAL HILDEBRANDO DE ARAÚJO,"AV PREFEITO OMAR SABBAG, N. 721",JARDIM BOTANICO,-25.44097847,-49.24934747,7,0,3102,2472,73,126,0,101,572,2,10,22,0,4,21,1541
177,1767,COLÉGIO POSITIVO - JARDIM AMBIENTAL,RUA ITUPAVA 985,ALTO DA RUA XV,-25.42128662,-49.25055304,17,0,3730,3047,103,113,0,123,682,3,17,36,1,5,54,1910
177,1783,COLEGIO DECISIVO (CENTRO),"RUA COMENDADOR ARAUJO, 327",CENTRO,-25.43571107,-49.27899158,1,0,2047,1604,72,55,0,58,520,3,22,9,1,1,47,816
177,1791,UFPR -  SETOR DE CIÊNCIAS SOCIAIS APLICADAS,"AVENIDA PREFEITO LOTHÁRIO MEISSNER, 632",JARDIM BOTANICO,-25.44473588,-49.2385769,7,0,1929,1494,42,81,0,79,354,0,8,8,3,5,46,868
177,1805,SOCIEDADE THALIA,R COMENDADOR ARAUJO 338,CENTRO,-25.43604408,-49.27890618,1,0,1278,1035,32,46,0,36,227,2,1,8,0,4,20,659
177,1821,SENAC - SERVICO NACIONAL DE APRENDIZAGEM COMERCIAL,"RUA ANDRE DE BARROS, 750",CENTRO,-25.43355728,-49.26580759,1,0,2091,1594,61,79,0,52,409,1,12,22,1,4,31,922
177,1830,INSTITUTO SALESIANO,RUA RIO GRANDE DO SUL 1661,GUAIRA,-25.47165993,-49.27919826,26,0,1299,1072,49,62,0,28,218,0,1,8,1,2,18,685
177,1848,ESCOLA ESTADUAL DORACY CEZARINO,RUA EUGENIO PAROLIN  588,PAROLIN,-25.46213836,-49.26278951,25,0,3150,2425,128,159,0,37,543,1,6,16,1,2,21,1511
177,1856,SOCIEDADE BENEFICENTE MORGENAU,"AV SENADOR SOUZA NAVES, N. 945",CRISTO REI,-25.43130887,-49.24828359,6,0,1010,830,19,27,0,40,122,0,2,2,1,2,10,605
177,1864,COLEGIO BOM JESUS (CENTRO),R 24 DE MAIO   135,CENTRO,-25.4384742,-49.27298933,1,0,6333,4726,201,193,0,186,1252,3,56,41,5,10,137,2642
177,1872,FACULDADE INTERNACIONAL DE CURITIBA (FACINTER),"RUA SALDANHA MARINHO, 131",CENTRO,-25.42879487,-49.27313812,1,0,396,310,7,13,0,13,109,2,2,0,0,2,3,159
177,1880,ESCOLA MUNICIPAL BATEL (ESCOLA ESTADUAL DEZENOVE DE DEZEMBRO),RUA DESEMBARGADOR MOTTA  2082,CENTRO,-25.43650529,-49.28172644,1,0,1625,1284,42,68,0,53,285,1,4,8,0,0,30,793
177,1899,COLEGIO BOM JESUS (ÁGUA VERDE),"RUA NESTOR VICTOR, 910",ÁGUA VERDE,-25.45728382,-49.27247158,9,0,3572,2985,102,132,0,110,532,4,15,22,0,5,60,2003
177,1902,FACULDADE DOM BOSCO,AV WENCESLAU BRAZ 1046,GUAIRA,-25.47182976,-49.26554031,26,0,3403,2720,130,145,0,77,491,2,12,20,2,8,30,1803
177,1910,ESCOLA MUNICIPAL PROFESSORA NANSYR CECATO CAVICHIOLO,"RUA FRANCISCO PAROLIN, 930",PAROLIN,-25.46506806,-49.26390398,25,0,1167,890,55,65,0,22,204,1,3,2,0,1,8,529
177,1929,COLÉGIO BOM JESUS - NOSSA SENHORA DE LOURDES (CRISTO REI),"RUA FIORAVANTE DALLA STELLA, N. 90",CRISTO REI,-25.43451249,-49.24702678,6,0,7137,5771,177,246,0,238,1350,4,36,41,2,9,123,3545
177,1937,FACULDADE DE DIREITO DA UNIVERSIDADE FEDERAL DO PARANA,PRACA SANTOS ANDRADE   50,CENTRO,-25.42906287,-49.26748216,1,0,4047,3127,122,143,0,101,1170,3,33,29,1,5,111,1409
177,1945,SETOR DE CIÊNCIAS HUMANAS DA UNIVERSIDADE FEDERAL DO PARANA,R GENERAL CARNEIRO   460,CENTRO,-25.42668363,-49.26187041,1,0,2804,2266,58,97,0,94,723,2,20,22,1,7,70,1172
177,1953,ESCOLA ESTADUAL TIRADENTES (CEAD POLO POTTY LAZAROTTO),R PRESIDENTE FARIA   625,CENTRO,-25.42496828,-49.26936639,1,0,1058,794,35,40,0,41,205,2,4,9,1,1,7,449
177,1961,COLEGIO SAO JOSE,"PRAÇA RUI BARBOSA, 661",CENTRO,-25.43555322,-49.27460825,1,0,3454,2588,88,119,0,110,736,3,15,25,5,9,54,1424
177,1970,ESCOLA MUNICIPAL ITACELINA BITTENCOURT,RUA SAO PAULO  47,GUAIRA,-25.47072448,-49.27565301,26,0,4147,3275,148,217,0,109,597,3,6,28,1,2,26,2138
177,1988,COLEGIO ESTADUAL SANTOS DUMONT,R RIO GRANDE DO SUL 1800,GUAIRA,-25.473585,-49.2800827,26,0,2860,2262,99,139,0,69,453,0,8,18,0,3,23,1450
177,1996,COLÉGIO ESTADUAL PROFESSOR ELIAS ABRAHÃO,"AV SENADOR SOUZA NAVES, N. 1221",CRISTO REI,-25.43137327,-49.24553573,6,0,2479,2036,53,94,0,80,401,1,8,18,1,6,33,1341
177,2003,ESCOLA ESTADUAL NOSSA SENHORA DE FÁTIMA,"RUA SUÉCIA, N. 197, PRÓXIMO AO KM 400 DA BR 116",TARUMA,-25.43250165,-49.22854458,19,0,3844,3233,100,136,0,93,544,1,18,36,0,6,61,2238
177,2011,CURSO POSITIVO (CENTRO),AVENIDA VICENTE MACHADO 317,CENTRO,-25.4344775,-49.2796553,1,0,2004,1519,70,65,0,60,385,2,15,7,2,3,30,880
177,2020,INSTITUTO DE EDUCACAO PROFESSOR ERASMO PILOTTO,R EMILIANO PERNETA 92,CENTRO,-25.43312088,-49.27390943,1,0,2650,2041,73,131,0,80,559,2,15,14,0,4,35,1128
177,2038,FUNPAR - FUNDAÇÃO DA UNIVERSIDADE FEDERAL DO PARANÁ,"RUA JOÃO NEGRÃO, 280",CENTRO,-25.43175409,-49.2659358,1,0,569,424,18,24,0,17,120,0,0,4,0,0,6,235
177,2046,PONTIFICIA UNIVERSIDADE CATOLICA DO PARANÁ (PUC/PR),R IMACULADA CONCEICAO  1155,PRADO VELHO,-25.45053682,-49.25260877,24,0,5995,4716,213,256,0,126,1408,2,23,34,0,10,64,2580
177,2054,COLÉGIO DECISIVO DO CRISTO REI - SUBSEDE I,"RUA DO HERVAL, N. 801",CRISTO REI,-25.43258815,-49.24907486,6,0,5616,4595,163,179,0,183,954,3,19,26,1,9,101,2957
177,2062,COLÉGIO ESTADUAL PAULO LEMINSKI,"AV CORONEL AUGUSTO DE ALMEIDA GARRET, N. 135, PRÓXIMO AO DETRAN",TARUMA,-25.42884861,-49.21125648,19,0,2982,2450,108,148,0,77,490,1,10,25,0,10,24,1557
177,2070,COLEGIO ESTADUAL DO PARANA,AV JOAO GUALBERTO   250,CENTRO,-25.42329539,-49.26741276,1,0,4824,3821,146,156,0,140,1466,3,55,23,0,16,131,1685
177,2127,LAR DOS IDOSOS - RECANTO DO TARUMÃ,"RUA KONRAD ADENAUER, 576",TARUMA,-25.425063,-49.214813,19,0,57,51,1,0,0,3,13,0,0,0,0,0,0,34
177,2143,SENAC - SERVIÇO NACIONAL DE APRENDIZAGEM COMERCIAL (VT),"RUA ANDRÉ DE BARROS, 750",CENTRO,-25.433813,-49.265687,1,1,0,340,8,7,0,14,91,1,6,2,0,0,4,207
177,2151,COLÉGIO ESTADUAL DO PARANÁ (VT),"RUA JOÃO GUALBERTO, 250",CENTRO,-25.423063,-49.266437,1,0,0,506,6,7,0,18,164,0,3,5,0,4,7,292
177,2160,FACULDADE DE DIREITO DA UNIVERSIDADE FEDERAL DO PARANÁ (VT),"PRAÇA SANTOS ANDRADE, 50",CENTRO,-25.429063,-49.267688,1,1,0,469,8,7,0,17,191,1,8,0,1,1,11,224
177,2178,COLÉGIO BOM JESUS CENTRO (VT),"RUA 24 DE MAIO, 135",CENTRO,-25.437937,-49.273563,1,0,0,466,9,10,0,21,124,0,5,7,0,1,10,279
178,1201,COLÉGIO IMACULADA CONCEIÇÃO,AVENIDA MANOEL RIBAS  6318,SANTA FELICIDADE,-25.4022832,-49.3312097,63,0,6337,5293,172,252,0,172,703,3,12,37,0,17,55,3870
178,1210,COLÉGIO ESTADUAL ÂNGELO VOLPATO,RUA JOAO VALLE 23,SANTA FELICIDADE,-25.39754909,-49.31871687,63,0,3668,2997,155,221,0,101,497,2,7,15,0,11,33,1955
178,1228,COLÉGIO ESTADUAL PROFESSOR FRANCISCO ZARDO,AVENIDA MANOEL RIBAS 7149,SANTA FELICIDADE,-25.39918274,-49.33900531,63,0,3561,2910,118,191,0,88,419,1,9,14,0,3,40,2027
178,1236,COLÉGIO ESTADUAL SANTA FELICIDADE,"RUA BORTOLO PAULIN, 227",SANTA FELICIDADE,-25.40646444,-49.33907447,63,0,2655,2236,82,129,0,67,371,2,9,12,0,5,33,1526
178,1244,ESCOLA MUNICIPAL FOZ DO IGUACU,"RUA JOAO REFFO, 1304",SANTA FELICIDADE,-25.38099051,-49.33415651,63,0,3412,2740,96,179,0,71,473,0,7,19,1,1,25,1868
178,1252,ESCOLA MUNICIPAL VEREADOR JOÃO STIVAL - CONTRA TURNO (SOC IGUACU),AVENIDA MANOEL RIBAS  8172,BUTIATUVINHA,-25.39491811,-49.34761984,61,0,1127,952,35,57,0,24,148,0,3,5,0,2,6,672
178,1287,ESCOLA ESTADUAL PADRE COLBACCHINI,"RUA CAETANO ALESSI , 268",BUTIATUVINHA,-25.39218346,-49.34779356,61,0,1594,1319,74,77,0,33,194,0,4,7,0,2,7,921
178,1295,COLÉGIO ESTADUAL PINHEIRO DO PARANÁ,"RUA DANIEL CESARIO PEREIRA,  559",SANTA FELICIDADE,-25.38684986,-49.33319271,63,0,2190,1800,67,116,0,59,314,0,12,12,1,4,30,1185
178,1309,ESCOLA MUNICIPAL PROFESSORA SÕNIA MARIA COIMBRA KENSKI,RUA WANDA WOLFF1186 -CJ MONTE VERDE,SANTA FELICIDADE,-25.37541488,-49.32734162,63,0,1497,1268,52,74,0,42,231,0,5,5,0,4,8,847
178,1635,ESCOLA BAMBINATA,RUA BASSAMO DE GRAPPA 625,SANTA FELICIDADE,-25.3979605,-49.32190762,63,0,2005,1715,55,86,0,46,270,3,12,11,2,4,27,1199
178,1643,ESCOLA MUNICIPAL DOS VINHEDOS,"RUA ZEM BERTAPELLE, 284",SANTA FELICIDADE,-25.39825624,-49.33090682,63,0,2062,1717,85,75,0,42,337,1,11,10,0,10,29,1117
178,1651,ESCOLA MUNICIPAL VEREADOR JOÃO STIVAL,"RUA JOÃO BUDEL, 163",BUTIATUVINHA,-25.39075513,-49.35514715,61,0,1436,1150,69,77,0,31,197,0,1,2,1,1,8,763
178,1880,COLÉGIO ESTADUAL JÚLIA WANDERLEY,AVENIDA VICENTE MACHADO  1643,BATEL,-25.4393078,-49.291963,10,0,6070,4882,166,194,0,186,697,2,14,52,1,9,71,3490
178,1899,FACULDADE EVANGÉLICA MACKENZIE DO PARANÁ,RUA PADRE ANCHIETA 2770,BIGORRILHO,-25.4359762,-49.3055076,11,0,2437,1935,59,90,0,89,304,0,3,8,1,5,30,1346
178,1902,ESCOLA MUNICIPAL PARANAGUÁ,RUA PROFESSOR ANGELO ANTONIO DALLEGRAVE  12,SANTO INÁCIO,-25.4281934,-49.3437133,46,0,2602,2165,97,149,0,53,350,1,4,16,0,6,28,1461
178,1910,COLÉGIO SION,ALAMEDA PRESIDENTE TAUNAY 260,BATEL,-25.4367752,-49.2838242,10,0,3949,3257,112,116,0,141,538,1,9,18,0,8,66,2248
178,1929,UNIVERSIDADE TUIUTI DO PARANÁ (CAMPUS BARIGUI),"RUA SYDNEI ANTONIO RANGEL SANTOS, 238",SANTO INÁCIO,-25.4244459,-49.3185512,46,0,12687,10153,351,507,0,334,1674,11,48,55,3,26,176,6968
178,1937,COLÉGIO ESTADUAL SÃO BRAZ,AVENIDA VEREADOR TOALDO TULIO    2880,SÃO BRAZ,-25.41579682,-49.35108891,60,0,2128,1670,60,98,0,51,316,2,6,14,0,1,20,1102
178,1945,ESCOLA MUNICIPAL CAMPO MOURÃO,"RUA ACYR SANTOS, 14",VILA IZABEL,-25.459816,-49.2988024,28,0,1681,1399,45,67,0,68,259,2,7,14,2,5,25,905
178,1961,COLÉGIO ESTADUAL PADRE SILVESTRE KANDORA,RUA PROFESSORA MARIA HELENE KRUZIELSKI BREDOW   26,SÃO BRAZ,-25.41994,-49.34681,60,0,3612,2966,144,171,0,84,509,0,7,15,2,4,37,1993
178,1970,COLÉGIO ESTADUAL PROFESSOR OLAVO DEL CLARO,"RUA CLARA FILLA, 282",SÃO BRAZ,-25.41555888,-49.36101334,60,0,2537,2071,109,159,0,45,333,0,7,13,0,2,17,1386
178,1988,COLÉGIO MARISTA PARANAENSE,AVENIDA BISPO DOM JOSE 2674,SEMINÁRIO,-25.44782,-49.2978255,29,0,6242,5126,148,178,0,201,783,4,29,26,2,19,98,3638
178,1996,ESCOLA ESTADUAL RIO BRANCO,AVENIDA BISPO DOM JOSE  2426,SEMINÁRIO,-25.4457152,-49.2956519,29,0,2312,1911,65,76,0,55,288,0,2,14,0,6,15,1390
178,2011,ESCOLA MUNICIPAL CEI PEDRO DALLABONA,RUA VIRGINIA DALLABONA 456,ORLEANS,-25.4296141,-49.3563186,59,0,2440,2029,72,119,0,63,361,4,5,9,2,2,23,1369
178,2020,ESCOLA MUNICIPAL CEI RAOUL WALLENBERG,"RUA HERMENEGILDO LUCA, CJ FERNAO DIAS   2400",BUTIATUVINHA,-25.41091467,-49.36148374,61,0,1607,1327,58,82,0,50,239,0,2,6,1,3,11,875
178,2046,ESCOLA ESTADUAL HELENA DIONYSIO,RUA FRANCISCO JUGLAIR  94,MOSSUNGUE,-25.4383667,-49.3331773,45,0,1740,1426,57,47,0,56,190,2,2,15,1,2,16,1038
178,2054,ESCOLA ESTADUAL DOM ORIONE ( ANTIGA ESC. EST.  NILSON BATISTA RIBAS),RUA JAIME VEIGA 472,SEMINÁRIO,-25.4522023,-49.310843,29,0,1083,907,40,35,0,38,115,2,5,5,0,6,8,653
178,2062,FACULDADE PARANAENSE - FAPAR,"ALAMEDA DOM PEDRO II, 432",BATEL,-25.4391433,-49.2852161,10,0,2423,1910,60,69,0,66,331,0,15,16,2,5,48,1298
178,2070,ESCOLA MUNICIPAL CEI PROFESSOR JÚLIO MOREIRA,RUA ALEXANDRE MARKOSKI   82,SÃO BRAZ,-25.41806,-49.34294,60,0,3253,2622,137,187,0,50,509,6,9,19,1,2,26,1676
178,2089,COLÉGIO BOM JESUS - SEMINÁRIO (ANTIGO NOVO ATENEU),AVENIDA NOSSA SENHORA APARECIDA 1468,SEMINÁRIO,-25.4478345,-49.3121452,29,0,2223,1869,78,66,0,62,304,1,15,12,1,10,40,1280
178,2097,PARÓQUIA SANTA ISABEL,"RUA ULISSES VIEIRA, 621",VILA IZABEL,-25.4610314,-49.2964064,27,0,2753,2296,58,103,0,103,381,1,11,19,1,10,38,1571
178,2100,INSTITUTO PARANAENSE DOS CEGOS,AVENIDA VISCONDE DE GUARAPUAVA   4186,BATEL,-25.4417162,-49.2814206,10,0,1958,1563,50,64,0,63,206,0,6,6,0,2,17,1149
178,2119,ESCOLA SANTA TERESINHA DO MENINO JESUS,AVENIDA SETE DE SETEMBRO   4926,BATEL,-25.4450264,-49.2868614,10,0,5293,4255,124,162,0,151,483,1,3,28,2,11,53,3237
178,2127,COLÉGIO POSITIVO,RUA ALFERES ANGELO SAMPAIO     2300,BIGORRILHO,-25.4346412,-49.2887324,11,0,5696,4590,124,165,0,193,632,2,17,29,0,9,61,3358
178,2135,ESCOLA MUNICIPAL WALTER HOERNER,"RUA DOMINGOS IMBRONIZIO, 129",MOSSUNGUE,-25.4350332,-49.3248542,45,0,2559,2111,78,109,0,74,279,0,6,8,0,5,26,1526
178,2143,ESCOLA MUNICIPAL ESPECIALIZADA ALI BARK,RUA VICENTE PONTAROLLA 91,SEMINÁRIO,-25.4443577,-49.3125291,29,0,1394,1176,37,63,0,41,212,0,7,11,1,4,28,772
178,2160,ESCOLA MUNICIPAL MONSENHOR BOLESLAU FALARZ,"RUA LUIZ HOMANN, 290",SÃO BRAZ,-25.42125396,-49.35579303,60,0,1708,1392,54,92,0,49,237,1,5,1,1,4,7,941
178,2178,COLÉGIO ESTADUAL DOMINGOS ZANLORENZI,"RUA PADRE PAULO WARKOCZ,670",CIDADE INDUSTRIAL,-25.44094308,-49.35504692,75,0,1746,1403,74,89,0,30,290,1,3,13,0,2,15,886
178,2186,ESCOLA MUNICIPAL PRESIDENTE PEDROSA,"RUA BORORÓS, 1279",PORTÃO,-25.4657885,-49.294924,27,0,2772,2289,55,95,0,88,399,0,8,26,0,6,26,1586
178,2194,ESCOLA ESTADUAL SANTO ANTÔNIO,"RUA AMADEU PIOTTO, 37",CIDADE INDUSTRIAL,-25.43375941,-49.35485794,75,0,3950,3230,162,244,0,100,653,0,11,14,2,8,37,1999
178,2208,ESCOLA MUNICIPAL CEI PADRE FRANCISCO MESZNER,RUA JOSE TISSI 114 - CONJUNTO CAMPONESA,CIDADE INDUSTRIAL,-25.43611978,-49.35060692,75,0,2121,1817,76,129,0,47,327,0,7,13,0,3,34,1181
178,2216,COLÉGIO ESTADUAL GABRIELA MISTRAL,RUA TABAJARAS   840,PORTÃO,-25.4625849,-49.2983969,27,0,3302,2707,94,145,0,117,479,0,8,28,3,3,39,1791
178,2232,ESCOLA ESTADUAL DE EDUCAÇÃO ESPECIAL LUCY REQUIÃO MELLO E SILVA,"AV MANOEL RIBAS, 7119",SANTA FELICIDADE,-25.39954936,-49.33840637,63,0,2188,1770,73,93,0,70,292,0,10,9,0,3,30,1190
178,2240,PARÓQUIA N. SENHORA DA CONCEIÇÃO (PARÓQUIA BUTIATUVINHA),RUA PADRE ARTURO SEPPI 51,BUTIATUVINHA,-25.3963863,-49.3483101,61,0,1952,1660,70,76,0,42,240,0,2,17,2,4,20,1187
178,2259,CURSO E COLÉGIO ACESSO,"AVENIDA VEREADOR TOALDO TULIO, 1930",SANTA FELICIDADE,-25.41019,-49.34594,60,0,3757,3083,126,126,0,97,570,2,26,12,2,15,44,2063
178,2267,COLÉGIO ESTADUAL PARA SURDOS ALCINDO FANAYA JUNIOR,RUA VITAL BRASIL 447,VILA IZABEL,-25.4635105,-49.2968165,27,0,1394,1186,51,30,0,50,336,0,16,6,1,6,41,649
178,2275,UNIFACEAR - CAMPUS SANTA FELICIDADE,"AVENIDA VEREADOR TOALDO TÚLIO, 4523",ORLEANS,-25.4281732,-49.35347391,59,0,4633,3873,146,170,0,149,603,4,20,17,1,10,38,2715
178,2283,PARÓQUIA SÃO JOSÉ TRABALHADOR,"RUA MAJOR HEITOR GUIMARÃES, 1526",CAMPINA DO SIQUEIRA,-25.439272,-49.309998,30,0,1112,969,37,38,0,42,234,0,14,7,0,1,33,563
178,2291,UFPR - DEPARTAMENTO DE MÚSICAS E ARTES (BATEL),"RUA CORONEL DULCIDIO, 638",BATEL,-25.4388461,-49.2831409,10,0,651,592,25,17,0,27,206,1,6,3,0,0,23,284
178,2305,ESCOLA SEB - DOM BOSCO - UNIDADE BATEL,"AVENIDA VISCONDE DE GUARAPUAVA, 5581",BATEL,-25.4469769,-49.2943425,10,0,701,640,23,14,0,22,145,2,8,4,0,0,16,406
178,2313,EGREGORA ENSINO FUND MODALIDADE ESPECIAL(DOMINGOS ZANLORENZI-BL BAIXO),"RUA PADRE PAULO WARKOCZ, 670",CIDADE INDUSTRIAL,-25.4407331,-49.3551038,75,0,1393,1149,66,76,0,33,232,0,0,9,0,1,10,722
